Target,Chain,Scheme,Vulnerable,VulnCount,RecoveredPrivateKey,RecoveredNonceK,SharedR,Error,ExecMs,ScannedAt
"0x09687c96f41b1e872e3fa702c75d827658373dc1","Ethereum / EVM","secp256k1 / ECDSA","NO","0","","","","","1738","2026-04-28T04:21:07.132Z"
"0x098cbdd8eb01b19d37539644821772e9bde12d55","Ethereum / EVM","secp256k1 / ECDSA","NO","0","","","","","161517","2026-04-28T04:26:40.059Z"
"0x09a2da2b0c11625e44db2f36d159e1663e35deff","Ethereum / EVM","secp256k1 / ECDSA","NO","0","","","","","3381","2026-04-28T04:26:40.059Z"
"0x09a591f0e4fa0abac08f05bc0916c51ee34c1a1b","Ethereum / EVM","secp256k1 / ECDSA","NO","0","","","","","155807","2026-04-28T04:26:40.059Z"
"0x09f96d8da0ac189a1ead263e1ebeb25c76fcb0bc","Ethereum / EVM","secp256k1 / ECDSA","NO","0","","","","","149165","2026-04-28T04:30:57.821Z"
"0x0a4ea02ec12ce8ac1c3a30e0687038dbf438f0e9","Ethereum / EVM","secp256k1 / ECDSA","NO","0","","","","","1723","2026-04-28T04:31:37.793Z"
"0x0a543d60a28adf7f4589bbb5ed8473a332b11809","Ethereum / EVM","secp256k1 / ECDSA","NO","0","","","","","1652","2026-04-28T04:31:37.793Z"
"0x0a622f6285638658ffc18218fe13f13bbe46baf1","Ethereum / EVM","secp256k1 / ECDSA","NO","0","","","","","15087","2026-04-28T04:31:37.793Z"
"0x0a88bc5c32b684d467b43c06d9e0899efeaf59df","Ethereum / EVM","secp256k1 / ECDSA","NO","0","","","","","104377","2026-04-28T04:33:36.366Z"
"0x0abbc482fbd91dbf413e3d6cc5622e03552ac13a","Ethereum / EVM","secp256k1 / ECDSA","NO","0","","","","","141293","2026-04-28T04:36:12.517Z"
"0x0ac62e37cf7e0916e3137612e29f64c1703c5135","Ethereum / EVM","secp256k1 / ECDSA","NO","0","","","","","6505","2026-04-28T04:36:12.517Z"
"0x0aca84cb8ff00c900836d1811cfaee6276fc6b78","Ethereum / EVM","secp256k1 / ECDSA","NO","0","","","","","1365","2026-04-28T04:36:12.517Z"
"0x0ae7b34f95b53955c7dbdc9a218f16e1bd76e4b4","Ethereum / EVM","secp256k1 / ECDSA","NO","0","","","","","1550","2026-04-28T04:36:18.471Z"
"0x0b0f7ebf967146566799229394171fc47f1a765a","Ethereum / EVM","secp256k1 / ECDSA","NO","0","","","","","152537","2026-04-28T04:38:57.943Z"
"0x0bc2b4f97b8b7916a6ac555a5e24cfda9cf33ab2","Ethereum / EVM","secp256k1 / ECDSA","NO","0","","","","","4435","2026-04-28T04:39:35.275Z"
"0x0bc3f1725130c6248d426bde90a8addcc827f03a","Ethereum / EVM","secp256k1 / ECDSA","NO","0","","","","","2293","2026-04-28T04:39:35.275Z"
"0x0bc96c7f33e106220016c614d6656546b65d0056","Ethereum / EVM","secp256k1 / ECDSA","NO","0","","","","","1207","2026-04-28T04:39:35.275Z"
"0x0c6c0a209120fd313a2c26db5a52a99a851f13cc","Ethereum / EVM","secp256k1 / ECDSA","NO","0","","","","","688","2026-04-28T04:43:22.936Z"
"0x0c7452aa978aebd0d52dd995fc285c7472723e7d","Ethereum / EVM","secp256k1 / ECDSA","NO","0","","","","","18529","2026-04-28T04:43:22.936Z"
"0x0cd6db9cc8fd024bea83711f2dd1c1987dc566fc","Ethereum / EVM","secp256k1 / ECDSA","NO","0","","","","","132908","2026-04-28T04:46:02.306Z"
"0x0cfc9a00e8c75b1f17d7480294ec8277359a9f72","Ethereum / EVM","secp256k1 / ECDSA","NO","0","","","","","12641","2026-04-28T04:46:02.306Z"
"0x0d00f9bfbdc636a86b2b3f11679fc553e8a25f64","Ethereum / EVM","secp256k1 / ECDSA","NO","0","","","","","1384","2026-04-28T04:46:02.306Z"
"0x0d0707963952f2fba59dd06f2b425ace40b492fe","Ethereum / EVM","secp256k1 / ECDSA","NO","0","","","","","151699","2026-04-28T04:48:47.675Z"
"0x0d0a72bbb6710f540b93bb8ad8e2cbf203515c53","Ethereum / EVM","secp256k1 / ECDSA","NO","0","","","","","8303","2026-04-28T04:48:47.675Z"
"0x0ddec6207abad9ec8f2ec72c8c4347c68472a982","Ethereum / EVM","secp256k1 / ECDSA","NO","0","","","","","1743","2026-04-28T04:49:39.854Z"
"0x0dfee8e83566bd4d9ea6df91d0ded57a99397321","Ethereum / EVM","secp256k1 / ECDSA","NO","0","","","","","1993","2026-04-28T04:49:39.854Z"
"0x0e03424e9d3deff5b7387d306ea221041aea3853","Ethereum / EVM","secp256k1 / ECDSA","NO","0","","","","","756","2026-04-28T04:49:39.854Z"
"0x0ecd0598b05b443e19ee32d0b41b77d25b8bee94","Ethereum / EVM","secp256k1 / ECDSA","NO","0","","","","","172154","2026-04-28T04:53:41.938Z"
"0x0ed74c749a9e6572a0f1a49fea6eb29d4faece16","Ethereum / EVM","secp256k1 / ECDSA","NO","0","","","","","1750","2026-04-28T04:53:41.938Z"
"0x103b95ef8d832898a2947b7cca6759340ee06b31","Ethereum / EVM","secp256k1 / ECDSA","NO","0","","","","","1833","2026-04-28T04:55:54.229Z"
"0x10564d81b952cc6d3d74fccd9a115c655e71c9b4","Ethereum / EVM","secp256k1 / ECDSA","NO","0","","","","","711","2026-04-28T04:55:54.229Z"
"0x11581c08a30d84652efd73e7cb457d3415e30862","Ethereum / EVM","secp256k1 / ECDSA","NO","0","","","","","778","2026-04-28T05:07:27.829Z"
"0x1173a9d4d79d1cdd271a72993f7da210573c3b06","Ethereum / EVM","secp256k1 / ECDSA","NO","0","","","","","1783","2026-04-28T05:07:27.829Z"
"0x11889c10ca33fbabdbeb0c5ffc016c8ee56f87f4","Ethereum / EVM","secp256k1 / ECDSA","NO","0","","","","","141856","2026-04-28T05:07:27.829Z"
"0x118c50258efd52dd69b213f3781f913586ca9b69","Ethereum / EVM","secp256k1 / ECDSA","NO","0","","","","","1379","2026-04-28T05:07:39.912Z"
"0x11978f2c7d80711acc7822af56731a7bffd2befc","Ethereum / EVM","secp256k1 / ECDSA","NO","0","","","","","2017","2026-04-28T05:07:39.912Z"
"0x1197b12df7bfb21a86176c0c1beca26bbd39980f","Ethereum / EVM","secp256k1 / ECDSA","NO","0","","","","","1120","2026-04-28T05:07:39.912Z"
"0x11dbf181dd5c075c2abd92cb9579c4809406b5be","Ethereum / EVM","secp256k1 / ECDSA","NO","0","","","","","153782","2026-04-28T05:10:26.680Z"
"0x12fd1ac6c2237776ab04bdcb3dbadf6dfbf7f1b6","Ethereum / EVM","secp256k1 / ECDSA","NO","0","","","","","86711","2026-04-28T05:43:57.217Z"
"0x1309677e02acbb8ab8870020efcc8ac9c1b40d00","Ethereum / EVM","secp256k1 / ECDSA","NO","0","","","","","654","2026-04-28T05:43:57.217Z"
"0x130b2fefa924d033fb2b870ca18654d8ea5fba12","Ethereum / EVM","secp256k1 / ECDSA","NO","0","","","","","1619","2026-04-28T05:43:57.217Z"
"0x13112547d7ef5dbd4f812e89cf92be70a2c6fe76","Ethereum / EVM","secp256k1 / ECDSA","NO","0","","","","","17276","2026-04-28T05:44:23.471Z"
"0x1312da4f2e9346c1612390ff380f44d8e3a290c9","Ethereum / EVM","secp256k1 / ECDSA","NO","0","","","","","1607","2026-04-28T05:44:23.471Z"
"0x13e382dfe53207e9ce2eeeab330f69da2794179e","Ethereum / EVM","secp256k1 / ECDSA","NO","0","","","","","38450","2026-04-28T05:46:08.425Z"
"0x13f2241aa64bb6da2b74553fa9e12b713b74f334","Ethereum / EVM","secp256k1 / ECDSA","NO","0","","","","","633","2026-04-28T05:46:08.425Z"
"0x13f93ec59d3907545ea550030357d6bcdb46e9b9","Ethereum / EVM","secp256k1 / ECDSA","NO","0","","","","","5115","2026-04-28T05:46:08.425Z"
"0x143ccef49a969df2bca2bfff764f2e06a2589893","Ethereum / EVM","secp256k1 / ECDSA","NO","0","","","","","1574","2026-04-28T05:46:30.536Z"
"0x1467b29d8e3c62c4d221866035af76c8cf6ea414","Ethereum / EVM","secp256k1 / ECDSA","NO","0","","","","","11721","2026-04-28T06:12:41.461Z"
"0x146bfbde0e17d53cba98be480c6118a891fd968e","Ethereum / EVM","secp256k1 / ECDSA","NO","0","","","","","2625","2026-04-28T06:12:41.461Z"
"0x14768308d93b19ffc57cc9531cc011a7ae3d6328","Ethereum / EVM","secp256k1 / ECDSA","NO","0","","","","","167088","2026-04-28T06:12:41.461Z"
"0x147fdbf7d19300673f1a5db831c6509e353c819a","Ethereum / EVM","secp256k1 / ECDSA","NO","0","","","","","1882","2026-04-28T06:16:33.263Z"
"0x1491546bac8be23060a395e0c246d013521997e6","Ethereum / EVM","secp256k1 / ECDSA","NO","0","","","","","71189","2026-04-28T06:16:33.263Z"
"0x14c4017f81675f7ac1321218d4a385a2d3117328","Ethereum / EVM","secp256k1 / ECDSA","NO","0","","","","","151320","2026-04-28T06:16:33.263Z"
"0x161a4495e795a8722d4b2f0890ccece4269d39d8","Ethereum / EVM","secp256k1 / ECDSA","NO","0","","","","","1245","2026-04-28T06:23:11.070Z"
"0x162adf9c26c49d8f09b22b7c95e5cf3585f87fcf","Ethereum / EVM","secp256k1 / ECDSA","NO","0","","","","","43127","2026-04-28T06:23:11.070Z"
"0x164c2ee48ec568d95a738c35e725aa79e4e4a0ce","Ethereum / EVM","secp256k1 / ECDSA","NO","0","","","","","1846","2026-04-28T06:23:11.070Z"
"0x1673b869cd963a2d034df0bce0464b3cdf9f95f7","Ethereum / EVM","secp256k1 / ECDSA","NO","0","","","","","8760","2026-04-28T06:50:17.912Z"
"0x169475930f749f33c1342a40908f81ab0a0c034d","Ethereum / EVM","secp256k1 / ECDSA","NO","0","","","","","1134","2026-04-28T06:50:40.961Z"
"0x169639288d861b5a889dc3c93b6234f4685bb355","Ethereum / EVM","secp256k1 / ECDSA","NO","0","","","","","1540","2026-04-28T06:50:40.961Z"
"0x16bd7937beb6b66f9d66808c359842188db1fa93","Ethereum / EVM","secp256k1 / ECDSA","NO","0","","","","","7548","2026-04-28T06:50:40.961Z"
"0x1710ab05bef5821896abda478adbf202069c472b","Ethereum / EVM","secp256k1 / ECDSA","NO","0","","","","","664","2026-04-28T06:51:50.343Z"
"0x17791a89b7b010adfca88b0087885d8ba2db81a0","Ethereum / EVM","secp256k1 / ECDSA","NO","0","","","","","1815","2026-04-28T06:51:56.015Z"
"0x1887fa9edadeab7562b01cc3f4fa246ace2c3cdd","Ethereum / EVM","secp256k1 / ECDSA","NO","0","","","","","147348","2026-04-28T06:55:47.310Z"
"0x18e1802e404c2c4bcaf0fc5c148e124ab8c03196","Ethereum / EVM","secp256k1 / ECDSA","NO","0","","","","","1387","2026-04-28T06:58:13.947Z"
"0x18e296053cbdf986196903e889b7dca7a73882f6","Ethereum / EVM","secp256k1 / ECDSA","NO","0","","","","","141172","2026-04-28T06:58:13.947Z"
"0x18f9235cf40ef1a4c96c88a8c590f1de33cdc8e1","Ethereum / EVM","secp256k1 / ECDSA","NO","0","","","","","1713","2026-04-28T07:20:20.130Z"
"0x19099836927a82726d97b52b70558a86eb1895a7","Ethereum / EVM","secp256k1 / ECDSA","NO","0","","","","","849","2026-04-28T07:20:20.130Z"
"0x190a6fdf816d30401883153bf58c9ce00b7fc70f","Ethereum / EVM","secp256k1 / ECDSA","NO","0","","","","","667","2026-04-28T07:20:20.130Z"
"0x190b86f401397705fa0237df39c24f81b03d2bbb","Ethereum / EVM","secp256k1 / ECDSA","NO","0","","","","","742","2026-04-28T07:20:23.590Z"
"0x1a7cd480cdd816016fac4f8d777b2316f9a83388","Ethereum / EVM","secp256k1 / ECDSA","NO","0","","","","","571","2026-04-28T07:25:11.581Z"
"0x1ab4973a48dc892cd9971ece8e01dcc7688f8f23","Ethereum / EVM","secp256k1 / ECDSA","NO","0","","","","","152770","2026-04-28T07:56:01.868Z"
"0x1ab66765d6ed3848822d83bb07b0889028162dd5","Ethereum / EVM","secp256k1 / ECDSA","NO","0","","","","","935","2026-04-28T07:56:01.868Z"
"0x1abba4998dda419f839b700d06bef12f41db9036","Ethereum / EVM","secp256k1 / ECDSA","NO","0","","","","","715","2026-04-28T07:56:01.868Z"
"0x1ac49b99ac9458093fde490a86aef6d9d340a8de","Ethereum / EVM","secp256k1 / ECDSA","NO","0","","","","","62830","2026-04-28T07:59:23.359Z"
"0x1ba7f651955b17521b982ffbdb1fdf009fc9f537","Ethereum / EVM","secp256k1 / ECDSA","NO","0","","","","","5300","2026-04-28T08:00:19.774Z"
"0x1bb2db4cbfe937f099f048cb1f8d1c30defb728a","Ethereum / EVM","secp256k1 / ECDSA","NO","0","","","","","1146","2026-04-28T08:00:19.774Z"
"0x1bbee03186e81018b846b33323f15544b937703c","Ethereum / EVM","secp256k1 / ECDSA","NO","0","","","","","1055","2026-04-28T08:00:19.774Z"
"0x1bc7707b5b676edfebdfab5ee32970b6339975f6","Ethereum / EVM","secp256k1 / ECDSA","NO","0","","","","","821","2026-04-28T08:00:24.690Z"
"0x1bd00c4d9f11d837b7e2f82805d26038a174e40f","Ethereum / EVM","secp256k1 / ECDSA","NO","0","","","","","2947","2026-04-28T08:00:24.690Z"
"0x1bec0e6266e97f0c7c42aa720959e46598dd8ce1","Ethereum / EVM","secp256k1 / ECDSA","NO","0","","","","","132447","2026-04-28T08:02:41.767Z"
"0x1c3efc3368efb9cc727ec31dbca4f931d00b4f5c","Ethereum / EVM","secp256k1 / ECDSA","NO","0","","","","","161326","2026-04-28T08:30:21.267Z"
"0x1c4c8f63b5678522bb0a64e7db563f39abed682a","Ethereum / EVM","secp256k1 / ECDSA","NO","0","","","","","900","2026-04-28T08:30:21.267Z"
"0x1c54f9a3f5fec0b3826af571badbe26f91410442","Ethereum / EVM","secp256k1 / ECDSA","NO","0","","","","","15503","2026-04-28T08:30:21.267Z"
"0x1cd9ecd53328d098b522a71e4e1719d4fcb6a2ca","Ethereum / EVM","secp256k1 / ECDSA","NO","0","","","","","157502","2026-04-28T08:36:16.336Z"
"0x1ce9494c1a7bfa53d24f633ff0c522006c564099","Ethereum / EVM","secp256k1 / ECDSA","NO","0","","","","","817","2026-04-28T08:36:16.336Z"
"0x1ceb70098963f468f4861ab7ef39dd9fd215b0c7","Ethereum / EVM","secp256k1 / ECDSA","NO","0","","","","","1646","2026-04-28T08:36:16.336Z"
"0x1ced24250469d4d1055537b96c504ee1d13cf09c","Ethereum / EVM","secp256k1 / ECDSA","NO","0","","","","","846","2026-04-28T08:36:34.758Z"
"0x1d0fa7b420f8efc49cc009cdfd351ee540c9497c","Ethereum / EVM","secp256k1 / ECDSA","NO","0","","","","","8826","2026-04-28T08:36:34.758Z"
"0x1d5ee96c6ec9356b86659a3e82e9c0552d82c360","Ethereum / EVM","secp256k1 / ECDSA","NO","0","","","","","1068","2026-04-28T09:01:01.052Z"
"0x1d7b087234d89510be132f8835c04d696be4f43a","Ethereum / EVM","secp256k1 / ECDSA","NO","0","","","","","125942","2026-04-28T09:03:23.234Z"
"0x1d86e865d4b4a1c2d5ffa9939e9df489993d17af","Ethereum / EVM","secp256k1 / ECDSA","NO","0","","","","","3213","2026-04-28T09:03:23.234Z"
"0x1da9e9d049c0517eda8de9514b2835a5392cd56a","Ethereum / EVM","secp256k1 / ECDSA","NO","0","","","","","1668","2026-04-28T09:03:23.234Z"
"0x1dc455176a67319618c0d4cb8aa2af7fe970b9f8","Ethereum / EVM","secp256k1 / ECDSA","NO","0","","","","","1591","2026-04-28T09:03:34.472Z"
"0x1dd9c5186936c4561cc52e6bda18ff1cabaea545","Ethereum / EVM","secp256k1 / ECDSA","NO","0","","","","","3889","2026-04-28T09:03:34.472Z"
"0x1eadcba908532ddd49c40b22e52827d695e36939","Ethereum / EVM","secp256k1 / ECDSA","NO","0","","","","","1623","2026-04-28T09:04:24.795Z"
"0x0000000000000000000000000000000000000000","Ethereum / EVM","secp256k1 / ECDSA","NO","0","","","","","44791","2026-04-28T02:23:43.007Z"
"0x000000000088e0120f9e6652cc058aec07564f69","Ethereum / EVM","secp256k1 / ECDSA","NO","0","","","","","30674","2026-04-28T02:24:37.748Z"
"0x000000007cb2bd00ae5eb839930bb7847ae5b039","Ethereum / EVM","secp256k1 / ECDSA","NO","0","","","","","16837","2026-04-28T02:25:41.134Z"
"0x000000d2ed41eaa14f25fc3832d87dd8d62a336b","Ethereum / EVM","secp256k1 / ECDSA","NO","0","","","","","6123","2026-04-28T02:25:41.134Z"
"0x000003f8c58fe4a7f8e10ffe3d2ef4eb4d83f8c3","Ethereum / EVM","secp256k1 / ECDSA","NO","0","","","","","2811","2026-04-28T02:25:41.134Z"
"0x0003b5aa5e30e97fcc596bb5d0f3a75255e08d4e","Ethereum / EVM","secp256k1 / ECDSA","NO","0","","","","","17557","2026-04-28T02:26:43.086Z"
"0x000e20a2eefa97815f3f5057fcd8920acf1ae0de","Ethereum / EVM","secp256k1 / ECDSA","NO","0","","","","","20196","2026-04-28T02:26:43.086Z"
"0x000f422887ea7d370ff31173fd3b46c8f66a5b1c","Ethereum / EVM","secp256k1 / ECDSA","NO","0","","","","","20963","2026-04-28T02:26:43.086Z"
"0x00199419ee232271c82eccbd8682d27913cf80b9","Ethereum / EVM","secp256k1 / ECDSA","NO","0","","","","","1106","2026-04-28T02:27:14.237Z"
"0x0051ef9259c7ec0644a80e866ab748a2f30841b3","Ethereum / EVM","secp256k1 / ECDSA","NO","0","","","","","37406","2026-04-28T02:49:10.885Z"
"0x00522c2f82511cc187e3d608785fb3fc64680fda","Ethereum / EVM","secp256k1 / ECDSA","NO","0","","","","","1163","2026-04-28T02:49:10.885Z"
"0x0067cc2416f792cf0ec5629f5506324ac508f859","Ethereum / EVM","secp256k1 / ECDSA","NO","0","","","","","144296","2026-04-28T02:49:10.885Z"
"0x007b8eb47956bc6e92f35647132280382d897c46","Ethereum / EVM","secp256k1 / ECDSA","NO","0","","","","","159714","2026-04-28T02:57:52.520Z"
"0x0084dfd7202e5f5c0c8be83503a492837ca3e95e","Ethereum / EVM","secp256k1 / ECDSA","NO","0","","","","","160114","2026-04-28T02:57:52.520Z"
"0x0090e10302a3ddeff920ba96a023423f306dc0a8","Ethereum / EVM","secp256k1 / ECDSA","NO","0","","","","","144479","2026-04-28T02:57:52.520Z"
"0x00b5588fb361c2933ec7f6061ec24853a2ea41fd","Ethereum / EVM","secp256k1 / ECDSA","NO","0","","","","","1224","2026-04-28T02:57:59.135Z"
"0x014435b1e39945cf4f5f0c3cbb5833195a95cc9b","Ethereum / EVM","secp256k1 / ECDSA","NO","0","","","","","174664","2026-04-28T03:01:09.697Z"
"0x016606acc6b0cfe537acc221e3bf1bb44b4049ee","Ethereum / EVM","secp256k1 / ECDSA","NO","0","","","","","146895","2026-04-28T03:03:51.062Z"
"0x01688da0c7a0ffbc07fb17000846cd51c159a9c2","Ethereum / EVM","secp256k1 / ECDSA","NO","0","","","","","2342","2026-04-28T03:03:51.062Z"
"0x016edbf4e34d067e5e62e78fcbfb99507ac1f73c","Ethereum / EVM","secp256k1 / ECDSA","NO","0","","","","","4666","2026-04-28T03:03:51.062Z"
"0x02a2dc896bc6b5b15dd39df1e691e571250afc3a","Ethereum / EVM","secp256k1 / ECDSA","NO","0","","","","","1511","2026-04-28T03:10:00.113Z"
"0x02a622598d11c2d314e0c735d1267e0784284160","Ethereum / EVM","secp256k1 / ECDSA","NO","0","","","","","1288","2026-04-28T03:10:00.113Z"
"0x02af3bd247e598af852c125e67a5010c2eae4fee","Ethereum / EVM","secp256k1 / ECDSA","NO","0","","","","","168127","2026-04-28T03:10:00.113Z"
"0x02b165144c45f30452ccbbda356de42316b89626","Ethereum / EVM","secp256k1 / ECDSA","NO","0","","","","","60646","2026-04-28T03:11:08.052Z"
"0x02b5a9667065221ddbd4b67a20707b40d43db0f6","Ethereum / EVM","secp256k1 / ECDSA","NO","0","","","","","1978","2026-04-28T03:11:08.052Z"
"0x02ca94bc531ba212d3a8467e5b5993da40d42325","Ethereum / EVM","secp256k1 / ECDSA","NO","0","","","","","1102","2026-04-28T03:13:49.279Z"
"0x02e0ea4f046e256339d1a2bcc0993312eb08f3c2","Ethereum / EVM","secp256k1 / ECDSA","NO","0","","","","","157580","2026-04-28T03:13:49.279Z"
"0x0320e42afb6010041bd1d68a680c0b656b4b5d9c","Ethereum / EVM","secp256k1 / ECDSA","NO","0","","","","","1410","2026-04-28T03:13:49.279Z"
"0x0354a7ea8650f35d9bf589fad868a5224a0666f1","Ethereum / EVM","secp256k1 / ECDSA","NO","0","","","","","1244","2026-04-28T03:35:07.656Z"
"0x03599a2429871e6be1b154fb9c24691f9d301865","Ethereum / EVM","secp256k1 / ECDSA","NO","0","","","","","159621","2026-04-28T03:35:07.656Z"
"0x035ae7d933dcbfe617ffba194a88af0c2867b90c","Ethereum / EVM","secp256k1 / ECDSA","NO","0","","","","","168512","2026-04-28T03:35:07.656Z"
"0x037c64366b40b04fec1725f6145ffd5ff4c6eacc","Ethereum / EVM","secp256k1 / ECDSA","NO","0","","","","","3565","2026-04-28T03:35:46.279Z"
"0x03bfed0fecf9c79840b4dfc4f712db341ec2338b","Ethereum / EVM","secp256k1 / ECDSA","NO","0","","","","","960","2026-04-28T03:39:52.700Z"
"0x03d1b805dda4770bcf5a656a310605c4e04242d5","Ethereum / EVM","secp256k1 / ECDSA","NO","0","","","","","1109","2026-04-28T03:39:52.700Z"
"0x03d1d1a462231343add0141d62690bb58a5c6d7f","Ethereum / EVM","secp256k1 / ECDSA","NO","0","","","","","63386","2026-04-28T03:39:52.700Z"
"0x0453c985be16268db6cc54caa3c7e1e58b6d5fda","Ethereum / EVM","secp256k1 / ECDSA","NO","0","","","","","2208","2026-04-28T03:41:57.346Z"
"0x0454c3a51b136d0cbbbcfcd817632112c48b816c","Ethereum / EVM","secp256k1 / ECDSA","NO","0","","","","","19568","2026-04-28T03:41:57.346Z"
"0x047223b0f9429f865c3a1f1fa1302ee02b44c15f","Ethereum / EVM","secp256k1 / ECDSA","NO","0","","","","","170529","2026-04-28T03:44:52.842Z"
"0x048ac31a6bff7667418b6ec58aee71e8d8936616","Ethereum / EVM","secp256k1 / ECDSA","NO","0","","","","","1992","2026-04-28T03:44:52.842Z"
"0x04906afe47b13c094ca2b899388ee8842568bc9a","Ethereum / EVM","secp256k1 / ECDSA","NO","0","","","","","1053","2026-04-28T03:44:52.842Z"
"0x0498b1d8a15fb8d0b6142ec604d71a6f386e0291","Ethereum / EVM","secp256k1 / ECDSA","NO","0","","","","","883","2026-04-28T03:44:57.502Z"
"0x04b4b1d69284a7058d32cd0460bbccabd25bfcd2","Ethereum / EVM","secp256k1 / ECDSA","NO","0","","","","","769","2026-04-28T03:44:57.502Z"
"0x04c32429044bbc429972008f07205e319727cbd4","Ethereum / EVM","secp256k1 / ECDSA","NO","0","","","","","604","2026-04-28T03:44:57.502Z"
"0x04d141eaa9b527604642484a5d65b530aa787aed","Ethereum / EVM","secp256k1 / ECDSA","NO","0","","","","","6912","2026-04-28T03:45:12.031Z"
"0x04f0118ce30d1ab158a2d5fe08ce79f15f94b2a3","Ethereum / EVM","secp256k1 / ECDSA","NO","0","","","","","50887","2026-04-28T03:46:13.415Z"
"0x04f08efdf8116dda3c308ed403eb90601b66f39a","Ethereum / EVM","secp256k1 / ECDSA","NO","0","","","","","1587","2026-04-28T03:46:13.415Z"
"0x0500dd0f655cc283cf7d583dde75a9ef8383e102","Ethereum / EVM","secp256k1 / ECDSA","NO","0","","","","","1685","2026-04-28T03:46:13.415Z"
"0x055406f63cc1bcc1ba6521b46987952036bb8b9c","Ethereum / EVM","secp256k1 / ECDSA","NO","0","","","","","1076","2026-04-28T03:46:35.767Z"
"0x0555e2923767d54798fca5e9290cc6e7230d2b9c","Ethereum / EVM","secp256k1 / ECDSA","NO","0","","","","","2768","2026-04-28T03:46:35.767Z"
"0x056590f16d5b314a132bbcfb1283fec5d5c6e670","Ethereum / EVM","secp256k1 / ECDSA","NO","0","","","","","176739","2026-04-28T03:52:14.069Z"
"0x056a65ecfc4e3a45f533d80ae58306d9c735da60","Ethereum / EVM","secp256k1 / ECDSA","NO","0","","","","","2076","2026-04-28T03:52:14.069Z"
"0x056c1eb7c23feaefa4ce9187aca960529868fd92","Ethereum / EVM","secp256k1 / ECDSA","NO","0","","","","","155948","2026-04-28T03:52:14.069Z"
"0x057194a7a09412472ed695d4f5618aad5156baae","Ethereum / EVM","secp256k1 / ECDSA","NO","0","","","","","3074","2026-04-28T03:54:44.026Z"
"0x0577a79cfc63bbc0df38833ff4c4a3bf2095b404","Ethereum / EVM","secp256k1 / ECDSA","NO","0","","","","","144681","2026-04-28T03:54:44.026Z"
"0x0590d1991952402ea5e8a773c55f7a7c3f70e635","Ethereum / EVM","secp256k1 / ECDSA","NO","0","","","","","980","2026-04-28T03:54:44.026Z"
"0x05afc3caee85fa79275d87961ad1511323255dfc","Ethereum / EVM","secp256k1 / ECDSA","NO","0","","","","","173297","2026-04-28T03:57:50.201Z"
"0x05bb41bc8e5a19c475e24dc88faf416c4115d1c5","Ethereum / EVM","secp256k1 / ECDSA","NO","0","","","","","1476","2026-04-28T04:00:33.005Z"
"0x0668c9bf6a6936b9eb5a19f61c663070beff2f9b","Ethereum / EVM","secp256k1 / ECDSA","NO","0","","","","","163100","2026-04-28T04:09:23.466Z"
"0x067ab5fc7392bca1cfd1cb7d4fdc00ae2e111985","Ethereum / EVM","secp256k1 / ECDSA","NO","0","","","","","756","2026-04-28T04:09:23.466Z"
"0x06c05fbac28826fa24b5fe806f239277d8b5a9fd","Ethereum / EVM","secp256k1 / ECDSA","NO","0","","","","","126162","2026-04-28T04:11:36.045Z"
"0x06ceb2e1556bb7a216ac02eaa79a273445c0d129","Ethereum / EVM","secp256k1 / ECDSA","NO","0","","","","","1584","2026-04-28T04:11:36.045Z"
"0x06dc340354ba79d84649a5359dfe1cc2135eb631","Ethereum / EVM","secp256k1 / ECDSA","NO","0","","","","","989","2026-04-28T04:11:36.045Z"
"0x06de2e206c91a846dc19179bb7ad2890dfada076","Ethereum / EVM","secp256k1 / ECDSA","NO","0","","","","","8056","2026-04-28T04:11:53.280Z"
"0x06ee2fc0bf0ae7f55ae6395751b1f94e8609427d","Ethereum / EVM","secp256k1 / ECDSA","NO","0","","","","","1282","2026-04-28T04:11:53.280Z"
"0x06fa0265bcc7e32a09916e87cb616c5718529836","Ethereum / EVM","secp256k1 / ECDSA","NO","0","","","","","644","2026-04-28T04:11:53.280Z"
"0x07016f4727879006dd09e0791da446283cb3a124","Ethereum / EVM","secp256k1 / ECDSA","NO","0","","","","","785","2026-04-28T04:12:02.751Z"
"0x075e72a5edf65f0a5f44699c7654c1a76941ddc8","Ethereum / EVM","secp256k1 / ECDSA","NO","0","","","","","61178","2026-04-28T04:13:09.161Z"
"0x0872103880fd2d36d5a81c3b0dbba122a8cded73","Ethereum / EVM","secp256k1 / ECDSA","NO","0","","","","","835","2026-04-28T04:17:12.939Z"
"0x087a6d5462efccfa0b20dece2c6176f2b74e1e93","Ethereum / EVM","secp256k1 / ECDSA","NO","0","","","","","1115","2026-04-28T04:17:12.939Z"
"0x089b09cf07c36c472ef1a6a9d092481cb96ca62e","Ethereum / EVM","secp256k1 / ECDSA","NO","0","","","","","79675","2026-04-28T04:17:12.939Z"
"0x089b3f8b46d1b24e0a1595383db39eac7711a62e","Ethereum / EVM","secp256k1 / ECDSA","NO","0","","","","","866","2026-04-28T04:17:29.104Z"
"0x08a8bda43a473f61a7fd63eabcca37f64f3a26f1","Ethereum / EVM","secp256k1 / ECDSA","NO","0","","","","","2502","2026-04-28T04:17:40.883Z"
"0x08af4c1ce3e4fbaf2e70fa224cf0e46fb4daad69","Ethereum / EVM","secp256k1 / ECDSA","NO","0","","","","","1729","2026-04-28T04:17:40.883Z"
"0x08d5728f695b1d46050e441dbb871fd6199ed232","Ethereum / EVM","secp256k1 / ECDSA","NO","0","","","","","1344","2026-04-28T04:17:40.883Z"
"0x094b4cf43908f0adb3dbdb5025f52470aac3b160","Ethereum / EVM","secp256k1 / ECDSA","NO","0","","","","","118414","2026-04-28T04:20:14.475Z"
"0x0000000000000000000000000000000000000064","Ethereum / EVM","secp256k1 / ECDSA","NO","0","","","","","338","2026-04-28T02:23:43.007Z"
"0x000000000000000000000000000000000000006e","Ethereum / EVM","secp256k1 / ECDSA","NO","0","","","","","462","2026-04-28T02:23:43.007Z"
"0x000000000000000000000000000000000000dead","Ethereum / EVM","secp256k1 / ECDSA","NO","0","","","","","295","2026-04-28T02:23:51.330Z"
"0x0000000000000b07ed001607f5263d85bf28ce4c","Ethereum / EVM","secp256k1 / ECDSA","NO","0","","","","","321","2026-04-28T02:23:51.330Z"
"0x00000000000014aa86c5d3c41765bb24e11bd701","Ethereum / EVM","secp256k1 / ECDSA","NO","0","","","","","304","2026-04-28T02:23:51.330Z"
"0x0000000000001ff3684f28c67538d4d072c22734","Ethereum / EVM","secp256k1 / ECDSA","NO","0","","","","","796","2026-04-28T02:23:59.834Z"
"0x000000000004444c5dc75cb358380d2e3de08a90","Ethereum / EVM","secp256k1 / ECDSA","NO","0","","","","","327","2026-04-28T02:23:59.834Z"
"0x00000000006c3852cbef3e08e8df289169ede581","Ethereum / EVM","secp256k1 / ECDSA","NO","0","","","","","298","2026-04-28T02:23:59.834Z"
"0x0000000000a39bb272e79075ade125fd351887ac","Ethereum / EVM","secp256k1 / ECDSA","NO","0","","","","","365","2026-04-28T02:24:37.748Z"
"0x00000000219ab540356cbb839cbe05303d7705fa","Ethereum / EVM","secp256k1 / ECDSA","NO","0","","","","","293","2026-04-28T02:24:37.748Z"
"0x0010b2badc9e1408b7b61b2a4424571460ac430c","Ethereum / EVM","secp256k1 / ECDSA","NO","0","","","","","375","2026-04-28T02:26:50.086Z"
"0x0016e313e598de1af2a67d3c869622a69634430c","Ethereum / EVM","secp256k1 / ECDSA","NO","0","","","","","932","2026-04-28T02:26:50.086Z"
"0x00180e41c3768695c9c9f9e60c60d9656e99230c","Ethereum / EVM","secp256k1 / ECDSA","NO","0","","","","","418","2026-04-28T02:26:50.086Z"
"0x001f3770bc2f4d020f354e755b939b46e6c9430c","Ethereum / EVM","secp256k1 / ECDSA","NO","0","","","","","288","2026-04-28T02:27:14.237Z"
"0x0021ef4d837cb29d73de8ce3fd3a31dfff1079de","Ethereum / EVM","secp256k1 / ECDSA","NO","0","","","","","16482","2026-04-28T02:27:14.237Z"
"0x00277ef60d3a0f873f4e2055c6c4fcf9309e4262","Ethereum / EVM","secp256k1 / ECDSA","NO","0","","","","","372","2026-04-28T02:27:23.168Z"
"0x0040b7495c9204e95d9417ab9592b338daa80fe6","Ethereum / EVM","secp256k1 / ECDSA","NO","0","","","","","1618","2026-04-28T02:27:23.168Z"
"0x004b8a6b1899c541d4639653c778904113e44ea2","Ethereum / EVM","secp256k1 / ECDSA","NO","0","","","","","817","2026-04-28T02:27:23.168Z"
"0x00c600b30fb0400701010f4b080409018b9006e0","Ethereum / EVM","secp256k1 / ECDSA","NO","0","","","","","336","2026-04-28T02:57:59.135Z"
"0x00e2b6d170740c15bf9fb01d0b6e77c0d4510e32","Ethereum / EVM","secp256k1 / ECDSA","NO","0","","","","","287","2026-04-28T02:57:59.135Z"
"0x00f1e31599e02c4d6adbf22580e378862db287bd","Ethereum / EVM","secp256k1 / ECDSA","NO","0","","","","","1548","2026-04-28T02:58:09.584Z"
"0x011fa6367ae445f725859be70613494e6be5f14d","Ethereum / EVM","secp256k1 / ECDSA","NO","0","","","","","1363","2026-04-28T02:58:09.584Z"
"0x013c4d398d81b90737d8fe6ea1fc59cc6c3688df","Ethereum / EVM","secp256k1 / ECDSA","NO","0","","","","","1542","2026-04-28T02:58:09.584Z"
"0x0152df97176cc7a7a9636d5dae2ad922f2c7dd53","Ethereum / EVM","secp256k1 / ECDSA","NO","0","","","","","728","2026-04-28T03:01:09.697Z"
"0x0159ab5f5f1a2f12ddbf22a328f3dba6272f774d","Ethereum / EVM","secp256k1 / ECDSA","NO","0","","","","","1149","2026-04-28T03:01:09.697Z"
"0x01700072eec4c5c8dedbd3de4ab0db0995a20932","Ethereum / EVM","secp256k1 / ECDSA","NO","0","","","","","195","2026-04-28T03:05:19.721Z"
"0x017586e90c2f641f57ef8883f9fe9a55a716e099","Ethereum / EVM","secp256k1 / ECDSA","NO","0","","","","","80023","2026-04-28T03:05:19.721Z"
"0x01add64f67e766bdef7b1e9defc08655bbe3cede","Ethereum / EVM","secp256k1 / ECDSA","NO","0","","","","","2068","2026-04-28T03:05:19.721Z"
"0x01b9cf2504a769275e997af198c09bddb4a730bc","Ethereum / EVM","secp256k1 / ECDSA","NO","0","","","","","898","2026-04-28T03:05:28.981Z"
"0x01bc71afd3dc785e06d75ea245efdc1c41e04dbb","Ethereum / EVM","secp256k1 / ECDSA","NO","0","","","","","2014","2026-04-28T03:05:28.981Z"
"0x01bf76c8d978f78526071847c9ce2be8af7aa093","Ethereum / EVM","secp256k1 / ECDSA","NO","0","","","","","922","2026-04-28T03:05:28.981Z"
"0x021b11696790a860be323c7ba41e9da1971c31a4","Ethereum / EVM","secp256k1 / ECDSA","NO","0","","","","","1430","2026-04-28T03:05:36.288Z"
"0x022268fc83395ace2bd0129a8d752e35c24ff90d","Ethereum / EVM","secp256k1 / ECDSA","NO","0","","","","","162","2026-04-28T03:05:36.288Z"
"0x0230e8bb0e74218f6ff9998c4f487f1f62174c21","Ethereum / EVM","secp256k1 / ECDSA","NO","0","","","","","1549","2026-04-28T03:05:36.288Z"
"0x023697eda1dfbe331c2cf791ef2f6089e73e3230","Ethereum / EVM","secp256k1 / ECDSA","NO","0","","","","","1867","2026-04-28T03:05:45.339Z"
"0x02507237507bd2b39b785cd051f5de2342835748","Ethereum / EVM","secp256k1 / ECDSA","NO","0","","","","","1074","2026-04-28T03:05:45.339Z"
"0x02768db3209b158d857b18a87b87c09c0e504906","Ethereum / EVM","secp256k1 / ECDSA","NO","0","","","","","1250","2026-04-28T03:05:45.339Z"
"0x028171bca77440897b824ca71d1c56cac55b68a3","Ethereum / EVM","secp256k1 / ECDSA","NO","0","","","","","318","2026-04-28T03:07:07.883Z"
"0x02859efb456937bab18ed98f9151249c32ab4724","Ethereum / EVM","secp256k1 / ECDSA","NO","0","","","","","1099","2026-04-28T03:07:07.883Z"
"0x02a05cb54a5db7a2920fcec67e7d8db5331f1805","Ethereum / EVM","secp256k1 / ECDSA","NO","0","","","","","77306","2026-04-28T03:07:07.883Z"
"0x02bB54d4Bb15f65fccE931a1Ae5E57E01ccc2DD3","Ethereum / EVM","secp256k1 / ECDSA","NO","0","","","","","265","2026-04-28T03:11:08.052Z"
"0x03222a2b261a12091bbe271e763a7e26b64e25e2","Ethereum / EVM","secp256k1 / ECDSA","NO","0","","","","","637","2026-04-28T03:14:00.399Z"
"0x0326b79524eb36921ede9c1b5e6ac2e87685f696","Ethereum / EVM","secp256k1 / ECDSA","NO","0","","","","","811","2026-04-28T03:14:00.399Z"
"0x032896f9babdcd66b50a1ef4234e6923bcd3502b","Ethereum / EVM","secp256k1 / ECDSA","NO","0","","","","","1788","2026-04-28T03:14:00.399Z"
"0x0332ffca3abb509e4505bbbb51f0d96a5c43e429","Ethereum / EVM","secp256k1 / ECDSA","NO","0","","","","","703","2026-04-28T03:16:51.136Z"
"0x0346243fee34cfef97d8ac305b416295e99c2203","Ethereum / EVM","secp256k1 / ECDSA","NO","0","","","","","397","2026-04-28T03:16:51.136Z"
"0x0349923ae2b35ff4f0099869aeea99d1f3fd12a9","Ethereum / EVM","secp256k1 / ECDSA","NO","0","","","","","164852","2026-04-28T03:16:51.136Z"
"0x0360e66b011822ad56dd4599cb601702cdcd5912","Ethereum / EVM","secp256k1 / ECDSA","NO","0","","","","","1512","2026-04-28T03:35:13.827Z"
"0x036676389e48133b63a802f8635ad39e752d375d","Ethereum / EVM","secp256k1 / ECDSA","NO","0","","","","","292","2026-04-28T03:35:13.827Z"
"0x037018bd563fa468fff4abcb7bb8f6f033e5e3dd","Ethereum / EVM","secp256k1 / ECDSA","NO","0","","","","","792","2026-04-28T03:35:13.827Z"
"0x037072ed2acbc29275e20d709b37c10d01b4e3dd","Ethereum / EVM","secp256k1 / ECDSA","NO","0","","","","","748","2026-04-28T03:35:21.039Z"
"0x03707931be2a86b583289569284a9468cad4e3dd","Ethereum / EVM","secp256k1 / ECDSA","NO","0","","","","","772","2026-04-28T03:35:21.039Z"
"0x037098cf6c9193e35184bd1d186aea1d01b4e3dd","Ethereum / EVM","secp256k1 / ECDSA","NO","0","","","","","289","2026-04-28T03:35:21.039Z"
"0x037099ebd39d58724d10c58145ed069d01b4e3dd","Ethereum / EVM","secp256k1 / ECDSA","NO","0","","","","","2336","2026-04-28T03:35:30.470Z"
"0x0370e2e58e44d1f7e9adc0fa47571abd01b4e3dd","Ethereum / EVM","secp256k1 / ECDSA","NO","0","","","","","264","2026-04-28T03:35:30.470Z"
"0x0379ab610f12dc46e5411b53e08ae2965eb4e3dd","Ethereum / EVM","secp256k1 / ECDSA","NO","0","","","","","638","2026-04-28T03:35:30.470Z"
"0x037f29a3fb50dc26d2c0d58b5b7e45f788f6e3dd","Ethereum / EVM","secp256k1 / ECDSA","NO","0","","","","","667","2026-04-28T03:35:46.279Z"
"0x038eb8680691265dc7d26290eabc9ccb5c31ab7f","Ethereum / EVM","secp256k1 / ECDSA","NO","0","","","","","6813","2026-04-28T03:35:46.279Z"
"0x03a747c2fab23f756397f746d23aece766276825","Ethereum / EVM","secp256k1 / ECDSA","NO","0","","","","","563","2026-04-28T03:38:42.049Z"
"0x03b54a6e9a984069379fae1a4fc4dbae93b3bccd","Ethereum / EVM","secp256k1 / ECDSA","NO","0","","","","","347","2026-04-28T03:38:42.049Z"
"0x03baf90b77df8fec05ba9a59f26d0e0d021f75b7","Ethereum / EVM","secp256k1 / ECDSA","NO","0","","","","","169883","2026-04-28T03:38:42.049Z"
"0x03db430d830601db368991ee55daa9a708df7912","Ethereum / EVM","secp256k1 / ECDSA","NO","0","","","","","687","2026-04-28T03:40:01.442Z"
"0x03dd02fd9d36f4010c8b11d78e0aa783f18572fa","Ethereum / EVM","secp256k1 / ECDSA","NO","0","","","","","1177","2026-04-28T03:40:01.442Z"
"0x03e6fa590cadcf15a38e86158e9b3d06ff3399ba","Ethereum / EVM","secp256k1 / ECDSA","NO","0","","","","","341","2026-04-28T03:40:01.442Z"
"0x03f7724180aa6b939894b5ca4314783b0b36b329","Ethereum / EVM","secp256k1 / ECDSA","NO","0","","","","","305","2026-04-28T03:41:19.377Z"
"0x040f8d27e4dcb3a0543e2cae341adc823b229df4","Ethereum / EVM","secp256k1 / ECDSA","NO","0","","","","","69478","2026-04-28T03:41:19.377Z"
"0x04161fe73a99b8c236cc139f734ad5ee562b4df6","Ethereum / EVM","secp256k1 / ECDSA","NO","0","","","","","2338","2026-04-28T03:41:19.377Z"
"0x04269f6ad887fa4272a3a3bc1b9c2797c738fc9d","Ethereum / EVM","secp256k1 / ECDSA","NO","0","","","","","1811","2026-04-28T03:41:30.827Z"
"0x043651bfe0d49a2c7ed222a6488e26f672483247","Ethereum / EVM","secp256k1 / ECDSA","NO","0","","","","","822","2026-04-28T03:41:30.827Z"
"0x04448987b1f40dfd2ca70eeeb323ba710c5768f6","Ethereum / EVM","secp256k1 / ECDSA","NO","0","","","","","951","2026-04-28T03:41:30.827Z"
"0x046a2573fbdba642d67a8366c722039246020e6b","Ethereum / EVM","secp256k1 / ECDSA","NO","0","","","","","327","2026-04-28T03:41:57.346Z"
"0x04d722ecd4bbc508ba3ec2f2d4bfb642f4ae2d08","Ethereum / EVM","secp256k1 / ECDSA","NO","0","","","","","384","2026-04-28T03:45:12.031Z"
"0x04d847c41ee2036bae311b52101e8eab5244c529","Ethereum / EVM","secp256k1 / ECDSA","NO","0","","","","","1488","2026-04-28T03:45:12.031Z"
"0x050c430e35051d10414959492e2ada2895e1f68b","Ethereum / EVM","secp256k1 / ECDSA","NO","0","","","","","592","2026-04-28T03:46:17.551Z"
"0x051b9bdfcfbefbf8c611097bb85cd5b954d0bd85","Ethereum / EVM","secp256k1 / ECDSA","NO","0","","","","","622","2026-04-28T03:46:17.551Z"
"0x0521fc20168794480ab5847e25f97c6414f8b01b","Ethereum / EVM","secp256k1 / ECDSA","NO","0","","","","","1085","2026-04-28T03:46:17.551Z"
"0x0524e4c2732ffd05688240e25f765654b08a3821","Ethereum / EVM","secp256k1 / ECDSA","NO","0","","","","","1102","2026-04-28T03:46:25.402Z"
"0x05356c67fbde3b96164b224bc195c58ad90a8dc3","Ethereum / EVM","secp256k1 / ECDSA","NO","0","","","","","295","2026-04-28T03:46:25.402Z"
"0x0546dc7cf5af10963f4636bf2b9fccd427662507","Ethereum / EVM","secp256k1 / ECDSA","NO","0","","","","","753","2026-04-28T03:46:25.402Z"
"0x055db912a5ba782aca62a3a8493af33eb6ab0f1f","Ethereum / EVM","secp256k1 / ECDSA","NO","0","","","","","669","2026-04-28T03:46:35.767Z"
"0x059b2051bc369a52dfa4bcbaa77388483279320c","Ethereum / EVM","secp256k1 / ECDSA","NO","0","","","","","281","2026-04-28T03:54:50.765Z"
"0x05a91dd3dae4f8d0400db9ac856873bb8e3c13ef","Ethereum / EVM","secp256k1 / ECDSA","NO","0","","","","","1936","2026-04-28T03:54:50.765Z"
"0x05ae4d90fd26627a0bd375934e74b9d16ca35a41","Ethereum / EVM","secp256k1 / ECDSA","NO","0","","","","","1278","2026-04-28T03:54:50.765Z"
"0x05b0e3fb66c3daa0d8bf0d4631c18250f45ed5c0","Ethereum / EVM","secp256k1 / ECDSA","NO","0","","","","","921","2026-04-28T03:57:50.201Z"
"0x05b4d4b346f4d65f6cb2dbce594dd9d0cba97af7","Ethereum / EVM","secp256k1 / ECDSA","NO","0","","","","","692","2026-04-28T03:57:50.201Z"
"0x05cd8430676f04b63b33c1ece124818858edfc4f","Ethereum / EVM","secp256k1 / ECDSA","NO","0","","","","","388","2026-04-28T04:00:33.005Z"
"0x05cdb1526f6e224e02919a4c018d9784ea25eb3d","Ethereum / EVM","secp256k1 / ECDSA","NO","0","","","","","159837","2026-04-28T04:00:33.005Z"
"0x05d26df93ba55a8e9e60693291213a5a835764bb","Ethereum / EVM","secp256k1 / ECDSA","NO","0","","","","","432","2026-04-28T04:00:55.690Z"
"0x05d755dad973308f0c7d5668e0a247a65aeb18fd","Ethereum / EVM","secp256k1 / ECDSA","NO","0","","","","","15319","2026-04-28T04:00:55.690Z"
"0x05d80ab3c67ae5be7142acc5cdddc8cc2a185c14","Ethereum / EVM","secp256k1 / ECDSA","NO","0","","","","","657","2026-04-28T04:00:55.690Z"
"0x05e3a758fdd29d28435019ac453297ea37b61b62","Ethereum / EVM","secp256k1 / ECDSA","NO","0","","","","","415","2026-04-28T04:03:36.170Z"
"0x05ff6964d21e5dae3b1010d5ae0465b3c450f381","Ethereum / EVM","secp256k1 / ECDSA","NO","0","","","","","150721","2026-04-28T04:03:36.170Z"
"0x060132d4d4602b79114c088163396c55ca6dc280","Ethereum / EVM","secp256k1 / ECDSA","NO","0","","","","","1733","2026-04-28T04:03:36.170Z"
"0x0626fea90e4622deb787ac13b6a54d0292c0e28c","Ethereum / EVM","secp256k1 / ECDSA","NO","0","","","","","694","2026-04-28T04:06:27.272Z"
"0x062bb7a6cb21abc9e1ff0b488742e7fe64b35e5c","Ethereum / EVM","secp256k1 / ECDSA","NO","0","","","","","1164","2026-04-28T04:06:27.272Z"
"0x0639556f03714a74a5feeaf5736a4a64ff70d206","Ethereum / EVM","secp256k1 / ECDSA","NO","0","","","","","162111","2026-04-28T04:06:27.272Z"
"0x0644390e1f1348cce779063f616d37e525f201fa","Ethereum / EVM","secp256k1 / ECDSA","NO","0","","","","","570","2026-04-28T04:06:35.750Z"
"0x065579f1a8b840ddd5834cbe20f180663345dd2c","Ethereum / EVM","secp256k1 / ECDSA","NO","0","","","","","3019","2026-04-28T04:06:35.750Z"
"0x065fa4ea1d94e5bc7f6fa10bfd49766836052fcb","Ethereum / EVM","secp256k1 / ECDSA","NO","0","","","","","874","2026-04-28T04:06:35.750Z"
"0x06b00470552cd0d99e805a6B07654E0B5E76697f","Ethereum / EVM","secp256k1 / ECDSA","NO","0","","","","","301","2026-04-28T04:09:23.466Z"
"0x071cdfa173aaf95aee4faf6c5865bf76ca8537bb","Ethereum / EVM","secp256k1 / ECDSA","NO","0","","","","","585","2026-04-28T04:12:02.751Z"
"0x073dfdfdcea56d5b25369e7660833761fa2653fd","Ethereum / EVM","secp256k1 / ECDSA","NO","0","","","","","2085","2026-04-28T04:12:02.751Z"
"0x076bb6117750e80ad570d98891b68da86c203a88","Ethereum / EVM","secp256k1 / ECDSA","NO","0","","","","","362","2026-04-28T04:13:09.161Z"
"0x077574441c4f8763a37a2cfee2ecb444aa60a15e","Ethereum / EVM","secp256k1 / ECDSA","NO","0","","","","","315","2026-04-28T04:13:09.161Z"
"0x078dd77de4e0f480d7442495d55707ce071b4b09","Ethereum / EVM","secp256k1 / ECDSA","NO","0","","","","","174","2026-04-28T04:14:35.759Z"
"0x079f012e5ed4e4581b58a2c1204513f8ca8537bb","Ethereum / EVM","secp256k1 / ECDSA","NO","0","","","","","81368","2026-04-28T04:14:35.759Z"
"0x07a5cc323635b5465f990925ac9b420e0467e7ea","Ethereum / EVM","secp256k1 / ECDSA","NO","0","","","","","2907","2026-04-28T04:14:35.759Z"
"0x07bb4cc17350b0746fd40105622ea97422ec421f","Ethereum / EVM","secp256k1 / ECDSA","NO","0","","","","","1389","2026-04-28T04:14:46.726Z"
"0x07cd609884629c237a0e7c4479db7a0fd40a2489","Ethereum / EVM","secp256k1 / ECDSA","NO","0","","","","","3474","2026-04-28T04:14:46.726Z"
"0x07d6880c72c4d44dec98aeb3d13a9f0d065aae9d","Ethereum / EVM","secp256k1 / ECDSA","NO","0","","","","","2562","2026-04-28T04:14:46.726Z"
"0x07e07e8384fd3475543356a3abc49d904cd8de60","Ethereum / EVM","secp256k1 / ECDSA","NO","0","","","","","3183","2026-04-28T04:14:52.882Z"
"0x07e0a66e7226a9649126da37d9cc4c225fdeb714","Ethereum / EVM","secp256k1 / ECDSA","NO","0","","","","","1015","2026-04-28T04:14:52.882Z"
"0x07ed9088bc522b7186da7533f0d7b6d3f65aaf1a","Ethereum / EVM","secp256k1 / ECDSA","NO","0","","","","","1384","2026-04-28T04:14:52.882Z"
"0x07f02cac258a50c68280bb5cd67814f8ca8537bb","Ethereum / EVM","secp256k1 / ECDSA","NO","0","","","","","662","2026-04-28T04:15:09.615Z"
"0x07fd82fd32cdc5c7accf8382ecb57ed51c1ecf2c","Ethereum / EVM","secp256k1 / ECDSA","NO","0","","","","","13278","2026-04-28T04:15:09.615Z"
"0x08201005c7684cf60e0d1d650c3982973d5b1b7b","Ethereum / EVM","secp256k1 / ECDSA","NO","0","","","","","374","2026-04-28T04:15:09.615Z"
"0x082050ce596ae2d0b63a64234560936045001b7b","Ethereum / EVM","secp256k1 / ECDSA","NO","0","","","","","157","2026-04-28T04:15:12.695Z"
"0x082489a616ab4d46d1947ee3f912e080815b08da","Ethereum / EVM","secp256k1 / ECDSA","NO","0","","","","","389","2026-04-28T04:15:12.695Z"
"0x082e1863ad7f81d28c14d4def3ae5b0d100c1b7b","Ethereum / EVM","secp256k1 / ECDSA","NO","0","","","","","847","2026-04-28T04:15:12.695Z"
"0x095d2918b03b2e86d68551dcf11302121fb626c9","Ethereum / EVM","secp256k1 / ECDSA","NO","0","","","","","41912","2026-04-28T04:21:07.132Z"
"0x082e205206d63f60f44497e493f7856882e31b7b","Ethereum / EVM","secp256k1 / ECDSA","NO","0","","","","","201","2026-04-28T04:15:37.704Z"
"0x083445a1b2972a6f6288cdafea8c28899c0cad49","Ethereum / EVM","secp256k1 / ECDSA","NO","0","","","","","3166","2026-04-28T04:15:37.704Z"
"0x0840611180d97fd4a852e63116ef15372782fe75","Ethereum / EVM","secp256k1 / ECDSA","NO","0","","","","","15033","2026-04-28T04:15:37.704Z"
"0x0852c20cfa480da780db6a9c0420bfc75a33bdf6","Ethereum / EVM","secp256k1 / ECDSA","NO","0","","","","","915","2026-04-28T04:15:45.546Z"
"0x08556a21a3b686b2429715218e5054dfe6952618","Ethereum / EVM","secp256k1 / ECDSA","NO","0","","","","","1041","2026-04-28T04:15:45.546Z"
"0x086f405146ce90135750bbec9a063a8b20a8bffb","Ethereum / EVM","secp256k1 / ECDSA","NO","0","","","","","286","2026-04-28T04:15:45.546Z"
"0x08a25392f266d26eb6c2f362bab83e8df4e9d3aa","Ethereum / EVM","secp256k1 / ECDSA","NO","0","","","","","917","2026-04-28T04:17:29.104Z"
"0x08a59e9693b4d37e54472368bf193c5576c59991","Ethereum / EVM","secp256k1 / ECDSA","NO","0","","","","","8013","2026-04-28T04:17:29.104Z"
"0x08da83452ae158c3f348d4e0789b7a78989f34ee","Ethereum / EVM","secp256k1 / ECDSA","NO","0","","","","","154","2026-04-28T04:17:48.432Z"
"0x08e0f9f3679b91729f3cd3d596f08e12ba19d13d","Ethereum / EVM","secp256k1 / ECDSA","NO","0","","","","","3481","2026-04-28T04:17:48.432Z"
"0x08ec37e2eb451ab6fb29fc14d215b0aeef170040","Ethereum / EVM","secp256k1 / ECDSA","NO","0","","","","","1489","2026-04-28T04:17:48.432Z"
"0x090185f2135308bad17527004364ebcc2d37e5f6","Ethereum / EVM","secp256k1 / ECDSA","NO","0","","","","","373","2026-04-28T04:17:53.028Z"
"0x0906318ae64a7d5dd8106d4f68d525749f69ab4a","Ethereum / EVM","secp256k1 / ECDSA","NO","0","","","","","1081","2026-04-28T04:17:53.028Z"
"0x090dbf5401c24300f5959d267de0901c4fce5d0f","Ethereum / EVM","secp256k1 / ECDSA","NO","0","","","","","265","2026-04-28T04:17:53.028Z"
"0x09235c73c7e9704dfee40b894370f686bc549e64","Ethereum / EVM","secp256k1 / ECDSA","NO","0","","","","","728","2026-04-28T04:18:03.548Z"
"0x0938bf00ae9b99505ae1cca253929eb5f4395e74","Ethereum / EVM","secp256k1 / ECDSA","NO","0","","","","","2902","2026-04-28T04:18:03.548Z"
"0x093add92e585b4ca80d3df9eee052fd6bf40c2b9","Ethereum / EVM","secp256k1 / ECDSA","NO","0","","","","","608","2026-04-28T04:18:03.548Z"
"0x095438dabfae7a99fac41763d6a726b28ea61944","Ethereum / EVM","secp256k1 / ECDSA","NO","0","","","","","408","2026-04-28T04:20:14.475Z"
"0x0954d2702f34874258c4caff734955292f291944","Ethereum / EVM","secp256k1 / ECDSA","NO","0","","","","","8325","2026-04-28T04:20:14.475Z"
"0x095729482a2b9f46a5cda87ad2653ac76ab9e2bb","Ethereum / EVM","secp256k1 / ECDSA","NO","0","","","","","306","2026-04-28T04:20:17.216Z"
"0x095812ffcada1a388a544a55c3ac8340e1a230fa","Ethereum / EVM","secp256k1 / ECDSA","NO","0","","","","","190","2026-04-28T04:20:17.216Z"
"0x095ad3480241c0c3aa3ed727e875146b80b38f82","Ethereum / EVM","secp256k1 / ECDSA","NO","0","","","","","1409","2026-04-28T04:20:17.216Z"
"0x097ac645d21e11c0eaf30f7431534804aed3eea7","Ethereum / EVM","secp256k1 / ECDSA","NO","0","","","","","165","2026-04-28T04:21:07.132Z"
"0x097aed0980c95e61c37c92f8bb415dd26033eea7","Ethereum / EVM","secp256k1 / ECDSA","NO","0","","","","","184","2026-04-28T04:21:15.127Z"
"0x098376b67b5a8b9347963df78df9a41a9838f20b","Ethereum / EVM","secp256k1 / ECDSA","NO","0","","","","","1331","2026-04-28T04:21:15.127Z"
"0x09854c9bfe59b8a0bc590d750530d10a27f5e622","Ethereum / EVM","secp256k1 / ECDSA","NO","0","","","","","2301","2026-04-28T04:21:15.127Z"
"0x09bc5c2dd0deeff8da1d6ba0082069db4cdf1018","Ethereum / EVM","secp256k1 / ECDSA","NO","0","","","","","204","2026-04-28T04:26:50.740Z"
"0x09c040386f47c6add785ed292bc0bbfce0b8a66d","Ethereum / EVM","secp256k1 / ECDSA","NO","0","","","","","2941","2026-04-28T04:26:50.740Z"
"0x09c31245192cb465081238704b86884b21c94869","Ethereum / EVM","secp256k1 / ECDSA","NO","0","","","","","278","2026-04-28T04:26:50.740Z"
"0x09d4b3e14691ee8ae8f594faa8dbaa557be89b85","Ethereum / EVM","secp256k1 / ECDSA","NO","0","","","","","579","2026-04-28T04:26:56.409Z"
"0x09d4ba0aa5e07026261d6d648551b94834d1c62e","Ethereum / EVM","secp256k1 / ECDSA","NO","0","","","","","360","2026-04-28T04:26:56.409Z"
"0x09dcfb490e850d8fae700f43eef9fd9999999999","Ethereum / EVM","secp256k1 / ECDSA","NO","0","","","","","153","2026-04-28T04:26:56.409Z"
"0x09e18590e8f76b6cf471b3cd75fe1a1a9d2b2c2b","Ethereum / EVM","secp256k1 / ECDSA","NO","0","","","","","431","2026-04-28T04:27:13.066Z"
"0x09e3b542edeb186557c065ece23b9c5ab9fc0035","Ethereum / EVM","secp256k1 / ECDSA","NO","0","","","","","1461","2026-04-28T04:27:13.066Z"
"0x09f3cd247af544c17710e84bbfa238aaaba3ca23","Ethereum / EVM","secp256k1 / ECDSA","NO","0","","","","","7856","2026-04-28T04:27:13.066Z"
"0x09fc4ad164ff8986bb1bc11c6c2e8212940bd32a","Ethereum / EVM","secp256k1 / ECDSA","NO","0","","","","","352","2026-04-28T04:30:57.821Z"
"0x0a073212068b686310e260a3020d28b8cc60ee0f","Ethereum / EVM","secp256k1 / ECDSA","NO","0","","","","","68939","2026-04-28T04:30:57.821Z"
"0x0a0cbcb1a21ffa04a2bfbfe09c13063f9b6c3168","Ethereum / EVM","secp256k1 / ECDSA","NO","0","","","","","172","2026-04-28T04:31:09.013Z"
"0x0a29e61d71a552b6e1bebb4ab1fa0220e017fb6f","Ethereum / EVM","secp256k1 / ECDSA","NO","0","","","","","2729","2026-04-28T04:31:09.013Z"
"0x0a2b32b210bd100b53e9a26183091c9f7744c39a","Ethereum / EVM","secp256k1 / ECDSA","NO","0","","","","","2784","2026-04-28T04:31:09.013Z"
"0x0a2b33b2d786a6dafe21e06bad67197d0e18c39a","Ethereum / EVM","secp256k1 / ECDSA","NO","0","","","","","638","2026-04-28T04:31:14.035Z"
"0x0a4bb7468b1ca0031655b24cb6efa0af6c66cf19","Ethereum / EVM","secp256k1 / ECDSA","NO","0","","","","","976","2026-04-28T04:31:14.035Z"
"0x0a4e05b750039ff87dac108b548760d568f1af2e","Ethereum / EVM","secp256k1 / ECDSA","NO","0","","","","","1092","2026-04-28T04:31:14.035Z"
"0x0a78833abdb52dd8129f281c5d0d46d168863050","Ethereum / EVM","secp256k1 / ECDSA","NO","0","","","","","990","2026-04-28T04:31:44.725Z"
"0x0a80fafa3808dc7e81982bf4f36c49b5928039df","Ethereum / EVM","secp256k1 / ECDSA","NO","0","","","","","152","2026-04-28T04:31:44.725Z"
"0x0a88497eedacb5ac8b76b731cc97597cfdf059df","Ethereum / EVM","secp256k1 / ECDSA","NO","0","","","","","255","2026-04-28T04:31:44.725Z"
"0x0a89778086727f06839aa6c8ea3f44cd2422baf6","Ethereum / EVM","secp256k1 / ECDSA","NO","0","","","","","335","2026-04-28T04:33:36.366Z"
"0x0aa81526c8b93945e5660392332d5586fd64bfbf","Ethereum / EVM","secp256k1 / ECDSA","NO","0","","","","","310","2026-04-28T04:33:36.366Z"
"0x0af945a31fbf7cdef0720f41a18d4022aa6141a6","Ethereum / EVM","secp256k1 / ECDSA","NO","0","","","","","739","2026-04-28T04:36:18.471Z"
"0x0b0d6417d73c329895de938fbd4164350c8a4511","Ethereum / EVM","secp256k1 / ECDSA","NO","0","","","","","848","2026-04-28T04:36:18.471Z"
"0x0b2a7744854e0152fac0d7f160a5dfbbb93a5364","Ethereum / EVM","secp256k1 / ECDSA","NO","0","","","","","194","2026-04-28T04:38:57.943Z"
"0x0b3b1eb694534ccb98ed54fb2f7b260a3169de51","Ethereum / EVM","secp256k1 / ECDSA","NO","0","","","","","1854","2026-04-28T04:38:57.943Z"
"0x0b3e328455c4059eeb9e3f84b5543f74e24e7e1b","Ethereum / EVM","secp256k1 / ECDSA","NO","0","","","","","324","2026-04-28T04:39:05.467Z"
"0x0b42ca569355e3d6c8ae9496a5eb0f992dffb1a0","Ethereum / EVM","secp256k1 / ECDSA","NO","0","","","","","307","2026-04-28T04:39:05.467Z"
"0x0b79136cde8d9254217d95933d0e383dfb712d91","Ethereum / EVM","secp256k1 / ECDSA","NO","0","","","","","1497","2026-04-28T04:39:05.467Z"
"0x0b79ca9d6d2b2872df8816109113afc9d773266a","Ethereum / EVM","secp256k1 / ECDSA","NO","0","","","","","728","2026-04-28T04:39:13.853Z"
"0x0b91b07beb67333225a5ba0259d55aee10e3a578","Ethereum / EVM","secp256k1 / ECDSA","NO","0","","","","","305","2026-04-28T04:39:13.853Z"
"0x0ba629e9b05a0827f342d8f638135e329d2f2b7a","Ethereum / EVM","secp256k1 / ECDSA","NO","0","","","","","1480","2026-04-28T04:39:13.853Z"
"0x0bad2fb7e8333e252283499f0cd553f1d2797076","Ethereum / EVM","secp256k1 / ECDSA","NO","0","","","","","1022","2026-04-28T04:39:21.963Z"
"0x0bb207d88b94549dd3aecbed6609b3431ec6b739","Ethereum / EVM","secp256k1 / ECDSA","NO","0","","","","","1447","2026-04-28T04:39:21.963Z"
"0x0bb5a573886bbcecf18590b6cb59e980fac7d278","Ethereum / EVM","secp256k1 / ECDSA","NO","0","","","","","154","2026-04-28T04:39:21.963Z"
"0x0bd48f6b86a26d3a217d0fa6ffe2b491b956a7a2","Ethereum / EVM","secp256k1 / ECDSA","NO","0","","","","","302","2026-04-28T04:42:33.210Z"
"0x0bd6b8c8eaeacc33b22f1bf9d8b3775681d83a75","Ethereum / EVM","secp256k1 / ECDSA","NO","0","","","","","800","2026-04-28T04:42:33.210Z"
"0x0bf748d20cae6823e0da16a72886b2b90c408a61","Ethereum / EVM","secp256k1 / ECDSA","NO","0","","","","","176748","2026-04-28T04:42:33.210Z"
"0x0c09a9ecc0c3be53676a0e3ff2a573b83f15f1a3","Ethereum / EVM","secp256k1 / ECDSA","NO","0","","","","","3753","2026-04-28T04:42:43.739Z"
"0x0c1c1c109fe34733fca54b82d7b46b75cfb71f6e","Ethereum / EVM","secp256k1 / ECDSA","NO","0","","","","","343","2026-04-28T04:42:43.739Z"
"0x0c3145f7bbdd3b843f7bf225801e4d25e20d5858","Ethereum / EVM","secp256k1 / ECDSA","NO","0","","","","","298","2026-04-28T04:42:43.739Z"
"0x0c315a6b855f4235fa3d752e7d2e42820c0d5858","Ethereum / EVM","secp256k1 / ECDSA","NO","0","","","","","860","2026-04-28T04:42:52.876Z"
"0x0c341ed9282fd662572592e5c9a58023b49d5bd4","Ethereum / EVM","secp256k1 / ECDSA","NO","0","","","","","3524","2026-04-28T04:42:52.876Z"
"0x0c3de2efc01fa69a9aec70b9cec9cda51e5c6c4d","Ethereum / EVM","secp256k1 / ECDSA","NO","0","","","","","1147","2026-04-28T04:42:52.876Z"
"0x0c48511102453352fe570370672cd556bf0e63f9","Ethereum / EVM","secp256k1 / ECDSA","NO","0","","","","","2729","2026-04-28T04:43:00.855Z"
"0x1eb2d9f6fff190a25f8fedd0598ffed4f63d6e4e","Ethereum / EVM","secp256k1 / ECDSA","NO","0","","","","","5483","2026-04-28T09:04:24.795Z"
"0x1eb6514f514cb7a621d7475759950d14e848ba5a","Ethereum / EVM","secp256k1 / ECDSA","NO","0","","","","","1209","2026-04-28T09:04:24.795Z"
"0x0c4a68cf6857cc76fe946d04fe85fac5fae9625e","Ethereum / EVM","secp256k1 / ECDSA","NO","0","","","","","274","2026-04-28T04:43:00.855Z"
"0x0c56fb3fc70937090b22ffacedf6f1e4911febb5","Ethereum / EVM","secp256k1 / ECDSA","NO","0","","","","","2504","2026-04-28T04:43:00.855Z"
"0x0c84331e39d6658cd6e6b9ba04736cc4c4734351","Ethereum / EVM","secp256k1 / ECDSA","NO","0","","","","","369","2026-04-28T04:43:22.936Z"
"0x0c880f6761f1af8d9aa9c466984b80dab9a8c9e8","Ethereum / EVM","secp256k1 / ECDSA","NO","0","","","","","454","2026-04-28T04:43:29.695Z"
"0x0cb6a1748df1dc244c320034a0f1846748ca3cc0","Ethereum / EVM","secp256k1 / ECDSA","NO","0","","","","","594","2026-04-28T04:43:29.695Z"
"0x0cd3daf8547ee34417b4c229a9bf284c0ae045b8","Ethereum / EVM","secp256k1 / ECDSA","NO","0","","","","","1296","2026-04-28T04:43:29.695Z"
"0x0d15e893cf50724382368cafed222cf131b55307","Ethereum / EVM","secp256k1 / ECDSA","NO","0","","","","","289","2026-04-28T04:48:47.675Z"
"0x0d2c1af2fa540c28c8aa4de6761516b5535c67d4","Ethereum / EVM","secp256k1 / ECDSA","NO","0","","","","","1518","2026-04-28T04:48:57.745Z"
"0x0d356ac1c6b11171c0b24a7e0d4ccb7da549725b","Ethereum / EVM","secp256k1 / ECDSA","NO","0","","","","","610","2026-04-28T04:48:57.745Z"
"0x0d500b1d8e8ef31e21c99d1db9a6444d3adf1270","Ethereum / EVM","secp256k1 / ECDSA","NO","0","","","","","259","2026-04-28T04:48:57.745Z"
"0x0D5c41C609Fe1Ec073C3b4Fa10949d602Ed059Bb","Ethereum / EVM","secp256k1 / ECDSA","NO","0","","","","","1634","2026-04-28T04:49:16.895Z"
"0x0d5ce2862d3ef390323eec916f1840d7ac6059bb","Ethereum / EVM","secp256k1 / ECDSA","NO","0","","","","","353","2026-04-28T04:49:16.895Z"
"0x0d6fe9894d31354755dba734b4d81e89ebd1f7ce","Ethereum / EVM","secp256k1 / ECDSA","NO","0","","","","","11548","2026-04-28T04:49:16.895Z"
"0x0d7bc8fc8e67e0e404f2f2c668342623446dc6b8","Ethereum / EVM","secp256k1 / ECDSA","NO","0","","","","","1842","2026-04-28T04:49:25.272Z"
"0x0d8a162922057d2df4eac181c4b99b2a6ab775b9","Ethereum / EVM","secp256k1 / ECDSA","NO","0","","","","","2757","2026-04-28T04:49:25.272Z"
"0x0d8aa562c6aae28cf42a024da11cb45185fb00c1","Ethereum / EVM","secp256k1 / ECDSA","NO","0","","","","","1310","2026-04-28T04:49:25.272Z"
"0x0d8cda96121df9bc705116e35705d9841632ce39","Ethereum / EVM","secp256k1 / ECDSA","NO","0","","","","","2844","2026-04-28T04:49:31.891Z"
"0x0db8c3f1d0d60069a05acce4b8542986e9c8b973","Ethereum / EVM","secp256k1 / ECDSA","NO","0","","","","","895","2026-04-28T04:49:31.891Z"
"0x0dc2a5c19c1d25b3f78e6918125a6c4049ef30c5","Ethereum / EVM","secp256k1 / ECDSA","NO","0","","","","","792","2026-04-28T04:49:31.891Z"
"0x0e17fe5a87e9fbb2edf1dc5c50e017524cb7d2f1","Ethereum / EVM","secp256k1 / ECDSA","NO","0","","","","","367","2026-04-28T04:49:54.582Z"
"0x0e50774df0d453beb5d47bf964fb733b55c76fce","Ethereum / EVM","secp256k1 / ECDSA","NO","0","","","","","5265","2026-04-28T04:49:54.582Z"
"0x0e58e8993100f1cbe45376c410f97f4893d9bfcd","Ethereum / EVM","secp256k1 / ECDSA","NO","0","","","","","5588","2026-04-28T04:49:54.582Z"
"0x0e5c25083c9db82e993ed0ea0db5328103e1dc09","Ethereum / EVM","secp256k1 / ECDSA","NO","0","","","","","1702","2026-04-28T04:50:01.685Z"
"0x0e5d850f8dd758d1bc4ab720992ce3e20adf65f2","Ethereum / EVM","secp256k1 / ECDSA","NO","0","","","","","174","2026-04-28T04:50:01.685Z"
"0x0e776492a36f2f834bb92b0e3c62f915b5d15612","Ethereum / EVM","secp256k1 / ECDSA","NO","0","","","","","447","2026-04-28T04:50:01.685Z"
"0x0e7a7ac8af32d4ff013aafe408d2e0d30a6d2612","Ethereum / EVM","secp256k1 / ECDSA","NO","0","","","","","14808","2026-04-28T04:50:39.754Z"
"0x0e7ae933661c615fa20f47a24f4d24952ac82612","Ethereum / EVM","secp256k1 / ECDSA","NO","0","","","","","16645","2026-04-28T04:50:39.754Z"
"0x0e87e585d4ed54d8ac1b9e1aaf02377f7f9c58bd","Ethereum / EVM","secp256k1 / ECDSA","NO","0","","","","","939","2026-04-28T04:50:39.754Z"
"0x0ee474449a7912b84a12a803d8112a80c95ee8cb","Ethereum / EVM","secp256k1 / ECDSA","NO","0","","","","","648","2026-04-28T04:53:41.938Z"
"0x0f0339db5b981536222ba781db5c754ca3d31ce7","Ethereum / EVM","secp256k1 / ECDSA","NO","0","","","","","1697","2026-04-28T04:53:49.999Z"
"0x0f0afc45c4a9fde32dfab107836b631757febc5d","Ethereum / EVM","secp256k1 / ECDSA","NO","0","","","","","2073","2026-04-28T04:53:49.999Z"
"0x0f366a411dc9f8a1611cad614d8f451436fc4f4b","Ethereum / EVM","secp256k1 / ECDSA","NO","0","","","","","2859","2026-04-28T04:53:49.999Z"
"0x0f475367f09118f9388cad20ee6cc2a783bd9537","Ethereum / EVM","secp256k1 / ECDSA","NO","0","","","","","5603","2026-04-28T04:54:02.058Z"
"0x0f4d6e20bebf77213df7efb84ee4f460afd84dea","Ethereum / EVM","secp256k1 / ECDSA","NO","0","","","","","4806","2026-04-28T04:54:02.058Z"
"0x0f5d2fb29fb7d3cfee444a200298f468908cc942","Ethereum / EVM","secp256k1 / ECDSA","NO","0","","","","","276","2026-04-28T04:54:02.058Z"
"0x0f64881a3bfa0789dbe57f2721098395a79b1ec6","Ethereum / EVM","secp256k1 / ECDSA","NO","0","","","","","2166","2026-04-28T04:54:10.551Z"
"0x0f699afcfe57fd6d9eb816a03e85ada8877d6f19","Ethereum / EVM","secp256k1 / ECDSA","NO","0","","","","","745","2026-04-28T04:54:10.551Z"
"0x0f85a912448279111694f4ba4f85dc641c54b594","Ethereum / EVM","secp256k1 / ECDSA","NO","0","","","","","269","2026-04-28T04:54:10.551Z"
"0x0f89746f66350fb623ddfe32c9c20c0ff5f34be0","Ethereum / EVM","secp256k1 / ECDSA","NO","0","","","","","205","2026-04-28T04:54:55.786Z"
"0x0fc5186f980e0b3ee1fe522e737ebcea5d7fe9d0","Ethereum / EVM","secp256k1 / ECDSA","NO","0","","","","","39180","2026-04-28T04:54:55.786Z"
"0x0fcba9b7318db3fba0f37debf1fdb47679c05b86","Ethereum / EVM","secp256k1 / ECDSA","NO","0","","","","","1024","2026-04-28T04:54:55.786Z"
"0x0fd829c3365a225fb9226e75c97c3a114bd3199e","Ethereum / EVM","secp256k1 / ECDSA","NO","0","","","","","391","2026-04-28T04:55:40.066Z"
"0x0fd88b44288690e06f77a38621ee0f933ca15506","Ethereum / EVM","secp256k1 / ECDSA","NO","0","","","","","5655","2026-04-28T04:55:40.066Z"
"0x0fd99e8cbffef097a71218c77fa82cc3f99718a8","Ethereum / EVM","secp256k1 / ECDSA","NO","0","","","","","30645","2026-04-28T04:55:40.066Z"
"0x0ff4dc3712b395b3e97200026c63584e2564f73c","Ethereum / EVM","secp256k1 / ECDSA","NO","0","","","","","191","2026-04-28T04:55:44.751Z"
"0x0ff8023061b6002b1a564c9f237cd760dc5ea7c9","Ethereum / EVM","secp256k1 / ECDSA","NO","0","","","","","1017","2026-04-28T04:55:44.751Z"
"0x100ba822a46b1d31bf906739494f58dc7d1a0128","Ethereum / EVM","secp256k1 / ECDSA","NO","0","","","","","169","2026-04-28T04:55:44.751Z"
"0x1062e95e162920f3862ee1fda93bcabb6689a51e","Ethereum / EVM","secp256k1 / ECDSA","NO","0","","","","","309","2026-04-28T04:55:54.229Z"
"0x108084b6c26ed5b7782b38d7ce5b4aea3b004084","Ethereum / EVM","secp256k1 / ECDSA","NO","0","","","","","1010","2026-04-28T04:56:02.589Z"
"0x108a908a51fe79f84584d2da02c38ca588bc442d","Ethereum / EVM","secp256k1 / ECDSA","NO","0","","","","","264","2026-04-28T04:56:02.589Z"
"0x1099648c693cc7e5ab0895fef0f2fd9e07a2a62c","Ethereum / EVM","secp256k1 / ECDSA","NO","0","","","","","1938","2026-04-28T04:56:02.589Z"
"0x10a78ba329d754ba5af48c744cfadc0f8b777d0d","Ethereum / EVM","secp256k1 / ECDSA","NO","0","","","","","2964","2026-04-28T04:56:11.740Z"
"0x10a9b4a728b2df96e6e97f9b77f7d9a40f0685bf","Ethereum / EVM","secp256k1 / ECDSA","NO","0","","","","","627","2026-04-28T04:56:11.740Z"
"0x10b2d7c8b636ef6b3ad399f91d901df057dfb722","Ethereum / EVM","secp256k1 / ECDSA","NO","0","","","","","773","2026-04-28T04:56:11.740Z"
"0x10be1211b5dc9e72768f0742679ab62919ff59b8","Ethereum / EVM","secp256k1 / ECDSA","NO","0","","","","","158","2026-04-28T04:58:59.209Z"
"0x10c6b61dbf44a083aec3780acf769c77be747e23","Ethereum / EVM","secp256k1 / ECDSA","NO","0","","","","","162870","2026-04-28T04:58:59.209Z"
"0x10d47d37bc0f8867d2f9ab4eba6b647d62dd3f04","Ethereum / EVM","secp256k1 / ECDSA","NO","0","","","","","781","2026-04-28T04:58:59.209Z"
"0x10d9c04ac0c09336e8a5b40e462255dbb818478a","Ethereum / EVM","secp256k1 / ECDSA","NO","0","","","","","1317","2026-04-28T04:59:06.609Z"
"0x10f095cb0bcfeacbe1af0352305a18711853756a","Ethereum / EVM","secp256k1 / ECDSA","NO","0","","","","","347","2026-04-28T04:59:06.609Z"
"0x10fc5af0b4716c9b05b4ea44ae172aa4d93de2b5","Ethereum / EVM","secp256k1 / ECDSA","NO","0","","","","","1568","2026-04-28T04:59:06.609Z"
"0x10fc74fddc9088c8b0268615508e8cdbae65e2b5","Ethereum / EVM","secp256k1 / ECDSA","NO","0","","","","","867","2026-04-28T05:01:05.815Z"
"0x10fe1df1554a3df8eb14c675f7c96f2fd1976319","Ethereum / EVM","secp256k1 / ECDSA","NO","0","","","","","10013","2026-04-28T05:01:05.815Z"
"0x110151de048a10cb037d4f488de93c289e133880","Ethereum / EVM","secp256k1 / ECDSA","NO","0","","","","","103543","2026-04-28T05:01:05.815Z"
"0x110513b7436327ecc017d100c1895075d5e38342","Ethereum / EVM","secp256k1 / ECDSA","NO","0","","","","","648","2026-04-28T05:03:37.050Z"
"0x110526558fd6e3fb9d5718879a88310802708342","Ethereum / EVM","secp256k1 / ECDSA","NO","0","","","","","516","2026-04-28T05:03:37.050Z"
"0x110538c4553a670cefedbe362301dc5a22c68342","Ethereum / EVM","secp256k1 / ECDSA","NO","0","","","","","144490","2026-04-28T05:03:37.050Z"
"0x1105c277884a65619b01c1ce5f59a5b75ee38342","Ethereum / EVM","secp256k1 / ECDSA","NO","0","","","","","416","2026-04-28T05:03:50.896Z"
"0x1105ede7ff4c79a2d9efbbeb8723ed11cfb18342","Ethereum / EVM","secp256k1 / ECDSA","NO","0","","","","","177","2026-04-28T05:03:50.896Z"
"0x1105ef9a98ccb7631f9004e584c2ba783aa98342","Ethereum / EVM","secp256k1 / ECDSA","NO","0","","","","","6917","2026-04-28T05:03:50.896Z"
"0x1eeb02c419c9e8f1f7750ba6b7256d1f6c47b2e7","Ethereum / EVM","secp256k1 / ECDSA","NO","0","","","","","944","2026-04-28T09:04:37.318Z"
"0x1111111111166b7fe7bd91427724b487980afc69","Ethereum / EVM","secp256k1 / ECDSA","NO","0","","","","","370","2026-04-28T05:03:52.583Z"
"0x111111111117dc0aa78b770fa6a738034120c302","Ethereum / EVM","secp256k1 / ECDSA","NO","0","","","","","416","2026-04-28T05:03:52.583Z"
"0x111111125421ca6dc452d289314280a0f8842a65","Ethereum / EVM","secp256k1 / ECDSA","NO","0","","","","","413","2026-04-28T05:03:52.583Z"
"0x11111112542d85b3ef69ae05771c2dccff4faa26","Ethereum / EVM","secp256k1 / ECDSA","NO","0","","","","","358","2026-04-28T05:04:00.576Z"
"0x111111125434b319222cdbf8c261674adb56f3ae","Ethereum / EVM","secp256k1 / ECDSA","NO","0","","","","","501","2026-04-28T05:04:00.576Z"
"0x1111111254fb6c44bac0bed2854e76f90643097d","Ethereum / EVM","secp256k1 / ECDSA","NO","0","","","","","331","2026-04-28T05:04:00.576Z"
"0x11111254369792b2ca5d084ab5eea397ca8fa48b","Ethereum / EVM","secp256k1 / ECDSA","NO","0","","","","","386","2026-04-28T05:04:15.126Z"
"0x11115ec58ae85c08623c4a83e5a792b908292a65","Ethereum / EVM","secp256k1 / ECDSA","NO","0","","","","","4818","2026-04-28T05:04:15.126Z"
"0x1135fa96848f34bff9d003f4c1699ae97418de29","Ethereum / EVM","secp256k1 / ECDSA","NO","0","","","","","2536","2026-04-28T05:04:15.126Z"
"0x11431a89893025d2a48dca4eddc396f8c8117187","Ethereum / EVM","secp256k1 / ECDSA","NO","0","","","","","283","2026-04-28T05:05:02.186Z"
"0x114f3dc28e0e13f91f63f86d8b9a1e888dcf8e16","Ethereum / EVM","secp256k1 / ECDSA","NO","0","","","","","598","2026-04-28T05:05:02.186Z"
"0x1155d3ac9fdcf15bd82c89a571af3aebe9bf4333","Ethereum / EVM","secp256k1 / ECDSA","NO","0","","","","","45912","2026-04-28T05:05:02.186Z"
"0x119b9fc446bfe0d84a5b065279706dc354c34dec","Ethereum / EVM","secp256k1 / ECDSA","NO","0","","","","","152","2026-04-28T05:07:45.007Z"
"0x11b119c4e7dfc73c32b7c2bf40eb148e8a684ed1","Ethereum / EVM","secp256k1 / ECDSA","NO","0","","","","","885","2026-04-28T05:07:45.007Z"
"0x11cd54e56848b05d44383a51d1958fc5d195ab1b","Ethereum / EVM","secp256k1 / ECDSA","NO","0","","","","","575","2026-04-28T05:07:45.007Z"
"0x11e969e9b3f89cb16d686a03cd8508c9fc0361af","Ethereum / EVM","secp256k1 / ECDSA","NO","0","","","","","352","2026-04-28T05:10:26.680Z"
"0x11f0174c662c664f95c2438707108f0b4122a748","Ethereum / EVM","secp256k1 / ECDSA","NO","0","","","","","1123","2026-04-28T05:10:26.680Z"
"0x11fc0a1487c793106d93917394f69e3cea29a748","Ethereum / EVM","secp256k1 / ECDSA","NO","0","","","","","757","2026-04-28T05:40:16.029Z"
"0x120a5b1fd4782cd8639e3814781a5d30382e65db","Ethereum / EVM","secp256k1 / ECDSA","NO","0","","","","","161765","2026-04-28T05:40:16.029Z"
"0x12113312ecda651d3b83d467feb6ca3776f2ff30","Ethereum / EVM","secp256k1 / ECDSA","NO","0","","","","","22245","2026-04-28T05:40:16.029Z"
"0x121d7ab7cba5d4075310eb506954426d1e1538df","Ethereum / EVM","secp256k1 / ECDSA","NO","0","","","","","1681","2026-04-28T05:40:23.234Z"
"0x12351f260e6936ac47b2d924e9909e3023b1fa82","Ethereum / EVM","secp256k1 / ECDSA","NO","0","","","","","1030","2026-04-28T05:40:23.234Z"
"0x1235bc80cea031d89db5f400bbab605374a35289","Ethereum / EVM","secp256k1 / ECDSA","NO","0","","","","","305","2026-04-28T05:40:23.234Z"
"0x123e91ec31320517d294684fe8620b92119d03ce","Ethereum / EVM","secp256k1 / ECDSA","NO","0","","","","","1111","2026-04-28T05:40:40.587Z"
"0x124de4f0ec9f5970c46e371cf9534bd965dc01c0","Ethereum / EVM","secp256k1 / ECDSA","NO","0","","","","","1404","2026-04-28T05:40:40.587Z"
"0x125580cbd26eb109d67ffdcf3dc2b1e9baf402e8","Ethereum / EVM","secp256k1 / ECDSA","NO","0","","","","","9861","2026-04-28T05:40:40.587Z"
"0x125ae18a65027ff2abfdb6b8ce94969d33149b21","Ethereum / EVM","secp256k1 / ECDSA","NO","0","","","","","722","2026-04-28T05:40:47.806Z"
"0x12641414b1d646da5e540de6795e1448e7cd566e","Ethereum / EVM","secp256k1 / ECDSA","NO","0","","","","","1832","2026-04-28T05:40:47.806Z"
"0x1265c89664e0b781e7e6b947e6d42f7628c2ee2a","Ethereum / EVM","secp256k1 / ECDSA","NO","0","","","","","1040","2026-04-28T05:40:47.806Z"
"0x1270d4d692ce5e1dcc01b44d0039e1d4dc344e27","Ethereum / EVM","secp256k1 / ECDSA","NO","0","","","","","1984","2026-04-28T05:40:56.524Z"
"0x12c010b4eb03e8345799c20175780971a9e88e12","Ethereum / EVM","secp256k1 / ECDSA","NO","0","","","","","854","2026-04-28T05:40:56.524Z"
"0x12d2f3ae1be2d40a05040ad97c7866876193e1af","Ethereum / EVM","secp256k1 / ECDSA","NO","0","","","","","1474","2026-04-28T05:40:56.524Z"
"0x12ef194a1b33f9d01482e1c78881faab63eac385","Ethereum / EVM","secp256k1 / ECDSA","NO","0","","","","","733","2026-04-28T05:42:21.537Z"
"0x12ef43c97c16c3d75c9a6db886f0473e6edbc385","Ethereum / EVM","secp256k1 / ECDSA","NO","0","","","","","394","2026-04-28T05:42:21.537Z"
"0x12ef5e054878b225fe3d36e5aa96a3ba41eac385","Ethereum / EVM","secp256k1 / ECDSA","NO","0","","","","","80184","2026-04-28T05:42:21.537Z"
"0x1337420ded5adb9980cfc35f8f2b054ea86f8ab1","Ethereum / EVM","secp256k1 / ECDSA","NO","0","","","","","355","2026-04-28T05:44:23.471Z"
"0x133d52b5e41566eb59402b30d8a524ea3a5294b7","Ethereum / EVM","secp256k1 / ECDSA","NO","0","","","","","13642","2026-04-28T05:44:43.355Z"
"0x134479d2035cd9baa0e8e5217f8cb7593066a985","Ethereum / EVM","secp256k1 / ECDSA","NO","0","","","","","829","2026-04-28T05:44:43.355Z"
"0x13448abb02926a115de908c2fc495716de11a985","Ethereum / EVM","secp256k1 / ECDSA","NO","0","","","","","663","2026-04-28T05:44:43.355Z"
"0x1347378b1d0eb69d3462e09b3dfa2fe28ebe74ec","Ethereum / EVM","secp256k1 / ECDSA","NO","0","","","","","396","2026-04-28T05:44:45.058Z"
"0x13479e0b9d3ee74b33140d9af6775c5bf64374ec","Ethereum / EVM","secp256k1 / ECDSA","NO","0","","","","","209","2026-04-28T05:44:45.058Z"
"0x1347ccc9a5ee5b1ab61ca6efbe0b7822e62674ec","Ethereum / EVM","secp256k1 / ECDSA","NO","0","","","","","233","2026-04-28T05:44:45.058Z"
"0x1360b2ec96873a39a1f28bdbb7f1e3c52c3b3ac9","Ethereum / EVM","secp256k1 / ECDSA","NO","0","","","","","1223","2026-04-28T05:44:57.069Z"
"0x13662be45b077e700c1f7d1cc6bd6a11ed9c3ac9","Ethereum / EVM","secp256k1 / ECDSA","NO","0","","","","","617","2026-04-28T05:44:57.069Z"
"0x136e9d3bde7d6a668262982f3c55b1518b5b3ac9","Ethereum / EVM","secp256k1 / ECDSA","NO","0","","","","","3009","2026-04-28T05:44:57.069Z"
"0x136ea990b8256e46824c7370d3c987d18b5b3ac9","Ethereum / EVM","secp256k1 / ECDSA","NO","0","","","","","812","2026-04-28T05:45:03.483Z"
"0x136efb39598a17415445244219c186f7b5bc3ac9","Ethereum / EVM","secp256k1 / ECDSA","NO","0","","","","","327","2026-04-28T05:45:03.483Z"
"0x1374ca8d2a95e7a56656e66a147e084ae17d3422","Ethereum / EVM","secp256k1 / ECDSA","NO","0","","","","","2124","2026-04-28T05:45:03.483Z"
"0x137b70c40e6c43866bf5ad2ab9e76e0097d288da","Ethereum / EVM","secp256k1 / ECDSA","NO","0","","","","","1942","2026-04-28T05:45:13.961Z"
"0x13ae0077641930e76f74eb249751c35525fcd90c","Ethereum / EVM","secp256k1 / ECDSA","NO","0","","","","","1743","2026-04-28T05:45:13.961Z"
"0x13c64d7c5f5e3ab61bfe990ed82192c1577bdb7e","Ethereum / EVM","secp256k1 / ECDSA","NO","0","","","","","2058","2026-04-28T05:45:13.961Z"
"0x13cd8c3be06baae672f64bf3f59331b39a5ed5e9","Ethereum / EVM","secp256k1 / ECDSA","NO","0","","","","","529","2026-04-28T05:45:21.951Z"
"0x13d1358931db3583cc6397d468b0cf01b8aa455f","Ethereum / EVM","secp256k1 / ECDSA","NO","0","","","","","5022","2026-04-28T05:45:21.951Z"
"0x13d576eca64a764f97929c9b2eb534eece9fc71e","Ethereum / EVM","secp256k1 / ECDSA","NO","0","","","","","179","2026-04-28T05:45:21.951Z"
"0x13fc2f5ac573a112b601d9bef14d49f696673f1f","Ethereum / EVM","secp256k1 / ECDSA","NO","0","","","","","580","2026-04-28T05:46:24.082Z"
"0x1407d69a03a64b6cf7b87dfd460afb27fcdcbeba","Ethereum / EVM","secp256k1 / ECDSA","NO","0","","","","","10616","2026-04-28T05:46:24.082Z"
"0x143011029ea3a051216d5a08483bcb1fa3896d4c","Ethereum / EVM","secp256k1 / ECDSA","NO","0","","","","","654","2026-04-28T05:46:24.082Z"
"0x14405428a85a0734874accd3e163b1eeb38ec326","Ethereum / EVM","secp256k1 / ECDSA","NO","0","","","","","577","2026-04-28T05:46:30.536Z"
"0x1465c55053ca7f07bcaa93f22257bc16ff4a7046","Ethereum / EVM","secp256k1 / ECDSA","NO","0","","","","","150","2026-04-28T05:46:30.536Z"
"0x14e978cfb58587c91cab0aa85848ba2a5ad57f2f","Ethereum / EVM","secp256k1 / ECDSA","NO","0","","","","","1273","2026-04-28T06:18:58.093Z"
"0x14ee8602d53b17438f8d9321e15bce3bbffc923e","Ethereum / EVM","secp256k1 / ECDSA","NO","0","","","","","134685","2026-04-28T06:18:58.093Z"
"0x14f9776c0d2e45e153e6e96d3bbe787f08be3b3c","Ethereum / EVM","secp256k1 / ECDSA","NO","0","","","","","1265","2026-04-28T06:18:58.093Z"
"0x14fe6339a97d8144fa8728beeefa3010656a1db0","Ethereum / EVM","secp256k1 / ECDSA","NO","0","","","","","940","2026-04-28T06:19:08.042Z"
"0x15084f08b5fc627f01f69adba994651962ab9c18","Ethereum / EVM","secp256k1 / ECDSA","NO","0","","","","","1905","2026-04-28T06:19:08.042Z"
"0x1509b54dfe30dca512a981cac6d9181560919851","Ethereum / EVM","secp256k1 / ECDSA","NO","0","","","","","355","2026-04-28T06:19:08.042Z"
"0x150dbba228162febcf24505ce9bc42a300e6e4dd","Ethereum / EVM","secp256k1 / ECDSA","NO","0","","","","","352","2026-04-28T06:19:17.834Z"
"0x151c238e4a79b1b7eab4463248cf9cdb0e518d8e","Ethereum / EVM","secp256k1 / ECDSA","NO","0","","","","","2067","2026-04-28T06:19:17.834Z"
"0x15304b05fac39084135499b071d826ce71eef233","Ethereum / EVM","secp256k1 / ECDSA","NO","0","","","","","2573","2026-04-28T06:19:17.834Z"
"0x153da02bf9a0cb72affb6b83716dbd9faccc90e4","Ethereum / EVM","secp256k1 / ECDSA","NO","0","","","","","299","2026-04-28T06:22:04.142Z"
"0x1551085ce31ebbec6cfb15694e320a60449551cd","Ethereum / EVM","secp256k1 / ECDSA","NO","0","","","","","1192","2026-04-28T06:22:04.142Z"
"0x155f16487000c813e72c90a3b62c0dc418106570","Ethereum / EVM","secp256k1 / ECDSA","NO","0","","","","","161786","2026-04-28T06:22:04.142Z"
"0x156dfa46d5274931ab26ba296f4b39ac85afd50c","Ethereum / EVM","secp256k1 / ECDSA","NO","0","","","","","3603","2026-04-28T06:22:13.948Z"
"0x15d4c048f83bd7e37d49ea4c83a07267ec4203da","Ethereum / EVM","secp256k1 / ECDSA","NO","0","","","","","314","2026-04-28T06:22:13.948Z"
"0x15dcc844101cf6507fb729bf98b82f4726e7bc18","Ethereum / EVM","secp256k1 / ECDSA","NO","0","","","","","1186","2026-04-28T06:22:13.948Z"
"0x15e79ff39abf89968afd26d9da685cc49aba8d66","Ethereum / EVM","secp256k1 / ECDSA","NO","0","","","","","1036","2026-04-28T06:22:19.252Z"
"0x15e7d5b4cfffbab0c230723448c9672a7f13ac3c","Ethereum / EVM","secp256k1 / ECDSA","NO","0","","","","","1071","2026-04-28T06:22:19.252Z"
"0x15Fc13D28224A0E8b440A65557792f1B8Cdc4608","Ethereum / EVM","secp256k1 / ECDSA","NO","0","","","","","301","2026-04-28T06:22:19.252Z"
"0x1714400ff23db4af24f9fd64e7039e6597f18c2b","Ethereum / EVM","secp256k1 / ECDSA","NO","0","","","","","298","2026-04-28T06:51:50.343Z"
"0x1752f02c09cf732934817e583ce6012d7ff04bf5","Ethereum / EVM","secp256k1 / ECDSA","NO","0","","","","","22633","2026-04-28T06:51:50.343Z"
"0x175d7c591be3f296fc5e7aec9584a102ffcb1184","Ethereum / EVM","secp256k1 / ECDSA","NO","0","","","","","2304","2026-04-28T06:51:56.015Z"
"0x176ce39a6d49f36903e2b6814586c58a24b2d38b","Ethereum / EVM","secp256k1 / ECDSA","NO","0","","","","","1160","2026-04-28T06:51:56.015Z"
"0x167a54ab23030bc69f76d95674b727aeb35ae4db","Ethereum / EVM","secp256k1 / ECDSA","NO","0","","","","","668","2026-04-28T06:50:17.912Z"
"0x167a9333bf582556f35bd4d16a7e80e191aa6476","Ethereum / EVM","secp256k1 / ECDSA","NO","0","","","","","158615","2026-04-28T06:50:17.912Z"
"0x167ae925045e9098072ffaf9314c97f38fc56476","Ethereum / EVM","secp256k1 / ECDSA","NO","0","","","","","184","2026-04-28T06:50:25.706Z"
"0x169164fbe33e70c6bb7b4a3e40505ead73449c01","Ethereum / EVM","secp256k1 / ECDSA","NO","0","","","","","1417","2026-04-28T06:50:25.706Z"
"0x1693341ce334c65fe4258ce8385a3b0405d74dfc","Ethereum / EVM","secp256k1 / ECDSA","NO","0","","","","","1374","2026-04-28T06:50:25.706Z"
"0x16be6ba639bd784c19a315be557089ec78ffb34a","Ethereum / EVM","secp256k1 / ECDSA","NO","0","","","","","8814","2026-04-28T06:50:56.471Z"
"0x16e0a1928970783fdd39e838f73596ad828ace62","Ethereum / EVM","secp256k1 / ECDSA","NO","0","","","","","309","2026-04-28T06:50:56.471Z"
"0x16e115ae008b25dd9888411d018fd721918dce62","Ethereum / EVM","secp256k1 / ECDSA","NO","0","","","","","614","2026-04-28T06:50:56.471Z"
"0x16f55f9187198d18bcc84145a1c3d3444de24db6","Ethereum / EVM","secp256k1 / ECDSA","NO","0","","","","","394","2026-04-28T06:51:03.531Z"
"0x16f56b476317cfeea395512ca5d190a44de24db6","Ethereum / EVM","secp256k1 / ECDSA","NO","0","","","","","188","2026-04-28T06:51:03.531Z"
"0x16f5ab4efb3600663d585ea07fc7bcc44de24db6","Ethereum / EVM","secp256k1 / ECDSA","NO","0","","","","","215","2026-04-28T06:51:03.531Z"
"0x16f5f96237e3d03c78e2029162d1e7a44de24db6","Ethereum / EVM","secp256k1 / ECDSA","NO","0","","","","","205","2026-04-28T06:51:23.626Z"
"0x1701037d4553c0cd5b4ed0c46b3a766c7d5b041f","Ethereum / EVM","secp256k1 / ECDSA","NO","0","","","","","3052","2026-04-28T06:51:23.626Z"
"0x171070ff1d1e3e031628bc6cbec64f5b7e94bec9","Ethereum / EVM","secp256k1 / ECDSA","NO","0","","","","","9632","2026-04-28T06:51:23.626Z"
"0x17ac4cc32696987cea1737343188716b1d827e7b","Ethereum / EVM","secp256k1 / ECDSA","NO","0","","","","","316","2026-04-28T06:52:01.367Z"
"0x17b88956df52ff717a048b00a20f23be8f4a1868","Ethereum / EVM","secp256k1 / ECDSA","NO","0","","","","","1999","2026-04-28T06:52:01.367Z"
"0x17bfafa932d2e23bd9b909fd5b4d2e2a27043fb1","Ethereum / EVM","secp256k1 / ECDSA","NO","0","","","","","317","2026-04-28T06:52:01.367Z"
"0x17c044c1882e300aa1c7a2fd3c4d3e9cf8199b0a","Ethereum / EVM","secp256k1 / ECDSA","NO","0","","","","","185","2026-04-28T06:52:07.397Z"
"0x17c051c3443332b3b5b64f640cd8016cf8199b0a","Ethereum / EVM","secp256k1 / ECDSA","NO","0","","","","","266","2026-04-28T06:52:07.397Z"
"0x17c05ec1ddfaf068255cbcd1510e11fcf8199b0a","Ethereum / EVM","secp256k1 / ECDSA","NO","0","","","","","210","2026-04-28T06:52:07.397Z"
"0x17c06cc1b01bd614c81a6aaccaf66d7cf8199b0a","Ethereum / EVM","secp256k1 / ECDSA","NO","0","","","","","179","2026-04-28T06:52:15.391Z"
"0x17c0beba42dab94ef7c2e2ff6f0f7eecf8199b0a","Ethereum / EVM","secp256k1 / ECDSA","NO","0","","","","","224","2026-04-28T06:52:15.391Z"
"0x17c0e4abd9fe3d4a4274664202b41bacf8199b0a","Ethereum / EVM","secp256k1 / ECDSA","NO","0","","","","","252","2026-04-28T06:52:15.391Z"
"0x17c0ee8da697406ce9cfc7aacd2d1d2cf8199b0a","Ethereum / EVM","secp256k1 / ECDSA","NO","0","","","","","174","2026-04-28T06:52:54.260Z"
"0x17e5545b11b468072283cee1f066a059fb0dbf24","Ethereum / EVM","secp256k1 / ECDSA","NO","0","","","","","30518","2026-04-28T06:52:54.260Z"
"0x184150ba0c9574d20a6528de282c13609b16cae9","Ethereum / EVM","secp256k1 / ECDSA","NO","0","","","","","826","2026-04-28T06:52:54.260Z"
"0x184186f16deb75f1bc9f7bdc97eba0609b16cae9","Ethereum / EVM","secp256k1 / ECDSA","NO","0","","","","","7409","2026-04-28T06:53:03.257Z"
"0x18419d8635cbe74aedb8989dbabecafdf6e26a21","Ethereum / EVM","secp256k1 / ECDSA","NO","0","","","","","799","2026-04-28T06:53:03.257Z"
"0x18419fe6d1c1600f36e8ea9bb68986109b16cae9","Ethereum / EVM","secp256k1 / ECDSA","NO","0","","","","","312","2026-04-28T06:53:03.257Z"
"0x1845e414abcc6dc3bf368cd0c944bd8c4af19417","Ethereum / EVM","secp256k1 / ECDSA","NO","0","","","","","838","2026-04-28T06:53:14.475Z"
"0x1855f58f82f4650f81710ae9187b0cdcd77a8132","Ethereum / EVM","secp256k1 / ECDSA","NO","0","","","","","2521","2026-04-28T06:53:14.475Z"
"0x1862cb6f90efb160f79f1afc786b14aeda47c5dc","Ethereum / EVM","secp256k1 / ECDSA","NO","0","","","","","377","2026-04-28T06:53:14.475Z"
"0x1890f9f6e2782d7492c96144c7bb090b8ee87410","Ethereum / EVM","secp256k1 / ECDSA","NO","0","","","","","401","2026-04-28T06:55:47.310Z"
"0x18b4815ebf99df07df73f1d0c5330eabb0936cf8","Ethereum / EVM","secp256k1 / ECDSA","NO","0","","","","","796","2026-04-28T06:55:47.310Z"
"0x18f638e4bd67a0a2f9ddcd73aa27afc7e6045e90","Ethereum / EVM","secp256k1 / ECDSA","NO","0","","","","","623","2026-04-28T06:58:13.947Z"
"0x190dff840187560d5970f35c9fe900084fd68ec9","Ethereum / EVM","secp256k1 / ECDSA","NO","0","","","","","159","2026-04-28T07:20:23.590Z"
"0x19163e247ceb06bbc64c6a412c9c73de59410f0c","Ethereum / EVM","secp256k1 / ECDSA","NO","0","","","","","787","2026-04-28T07:20:23.590Z"
"0x191ac4b9a0ba626d85c92d59abfe573f27ea0f0c","Ethereum / EVM","secp256k1 / ECDSA","NO","0","","","","","346","2026-04-28T07:20:53.889Z"
"0x192bdd30d272aabc2b1c3c719c518f0f2d10cc60","Ethereum / EVM","secp256k1 / ECDSA","NO","0","","","","","20972","2026-04-28T07:20:53.889Z"
"0x193b3a19f1bfca16dea6f9b34b14db48f8a513bd","Ethereum / EVM","secp256k1 / ECDSA","NO","0","","","","","2678","2026-04-28T07:20:53.889Z"
"0x196aa83b847078f2f165b5e562f66fc1aa348ca7","Ethereum / EVM","secp256k1 / ECDSA","NO","0","","","","","609","2026-04-28T07:21:20.764Z"
"0x1977d4500e3ff0c1a22eb840a4268f834b5da993","Ethereum / EVM","secp256k1 / ECDSA","NO","0","","","","","15058","2026-04-28T07:21:20.764Z"
"0x1998c55c0a1a34b09bfd25852b7cc1a4161b2cf6","Ethereum / EVM","secp256k1 / ECDSA","NO","0","","","","","3201","2026-04-28T07:21:20.764Z"
"0x19b5cc75846bf6286d599ec116536a333c4c2c14","Ethereum / EVM","secp256k1 / ECDSA","NO","0","","","","","347","2026-04-28T07:21:31.614Z"
"0x19b71399c1402e52c53731e8c64594fc3fdc2071","Ethereum / EVM","secp256k1 / ECDSA","NO","0","","","","","3839","2026-04-28T07:21:31.614Z"
"0x19c9eeb33b507a4f6807c9841fbc7feb8920fdba","Ethereum / EVM","secp256k1 / ECDSA","NO","0","","","","","1532","2026-04-28T07:21:31.614Z"
"0x19ce7d6ede6d5633a0706f838984abf29e36efd5","Ethereum / EVM","secp256k1 / ECDSA","NO","0","","","","","2434","2026-04-28T07:21:37.648Z"
"0x19d8cbf1bda63a7b87b2b3ff8bfcb139defc62ed","Ethereum / EVM","secp256k1 / ECDSA","NO","0","","","","","897","2026-04-28T07:21:37.648Z"
"0x1a0ad011913a150f69f6a19df447a0cfd9551054","Ethereum / EVM","secp256k1 / ECDSA","NO","0","","","","","421","2026-04-28T07:21:37.648Z"
"0x1a0b0f0282f88a066bf3e57f2a332925e1fcea60","Ethereum / EVM","secp256k1 / ECDSA","NO","0","","","","","1655","2026-04-28T07:21:44.149Z"
"0x1A0d0BA123fec0862D8C26e355539f100B146FAF","Ethereum / EVM","secp256k1 / ECDSA","NO","0","","","","","283","2026-04-28T07:21:44.149Z"
"0x1a13f4ca1d028320a707d99520abfefca3998b7f","Ethereum / EVM","secp256k1 / ECDSA","NO","0","","","","","316","2026-04-28T07:21:44.149Z"
"0x1a2854e5ee927356866862c77270af811ffe90e2","Ethereum / EVM","secp256k1 / ECDSA","NO","0","","","","","739","2026-04-28T07:21:51.301Z"
"0x1a2a1c938ce3ec39b6d47113c7955baa9dd454f2","Ethereum / EVM","secp256k1 / ECDSA","NO","0","","","","","297","2026-04-28T07:21:51.301Z"
"0x1a2fd37b294d0e86aa90dc4cd0eb42324ce1788a","Ethereum / EVM","secp256k1 / ECDSA","NO","0","","","","","370","2026-04-28T07:21:51.301Z"
"0x1eef74cc55ca8889adbcb29acce66737a78958b3","Ethereum / EVM","secp256k1 / ECDSA","NO","0","","","","","1188","2026-04-28T09:04:37.318Z"
"0x1a35932805bb3781c1c43575a0b7a183e47b188d","Ethereum / EVM","secp256k1 / ECDSA","NO","0","","","","","400","2026-04-28T07:22:00.923Z"
"0x1a3889e661f8e805f89652c30bc25ee0af419c0e","Ethereum / EVM","secp256k1 / ECDSA","NO","0","","","","","1844","2026-04-28T07:22:00.923Z"
"0x1a39c627f2d9df45ac0c1797828cebbf7d198b7f","Ethereum / EVM","secp256k1 / ECDSA","NO","0","","","","","783","2026-04-28T07:22:00.923Z"
"0x1a4b46696b2bb4794eb3d4c26f1c55f9170fa4c5","Ethereum / EVM","secp256k1 / ECDSA","NO","0","","","","","437","2026-04-28T07:22:07.568Z"
"0x1a5633bcd373568be9dbf2fc95c05f123fd31834","Ethereum / EVM","secp256k1 / ECDSA","NO","0","","","","","544","2026-04-28T07:22:07.568Z"
"0x1a6702cf4cd0bea092420f8b01f570defe0ec5c0","Ethereum / EVM","secp256k1 / ECDSA","NO","0","","","","","691","2026-04-28T07:22:07.568Z"
"0x1a6b3a62391eccaaa992ade44cd4afe6bec8cff1","Ethereum / EVM","secp256k1 / ECDSA","NO","0","","","","","343","2026-04-28T07:22:19.889Z"
"0x1a720ce7dea32e0074d2e4599cbf0739397677a4","Ethereum / EVM","secp256k1 / ECDSA","NO","0","","","","","2058","2026-04-28T07:22:19.889Z"
"0x1a7b02971b158f57fdbd3c808bb7bbdea7599d44","Ethereum / EVM","secp256k1 / ECDSA","NO","0","","","","","3591","2026-04-28T07:22:19.889Z"
"0x1a90e8485e66d8bb172f714c2ca215913c9577ff","Ethereum / EVM","secp256k1 / ECDSA","NO","0","","","","","279","2026-04-28T07:25:11.581Z"
"0x1a9d699aee3a56ca49d0cc3b542ae3a37885a3e1","Ethereum / EVM","secp256k1 / ECDSA","NO","0","","","","","168801","2026-04-28T07:25:11.581Z"
"0x1aaf088656f8caea6dc0f53783282dccd10279bb","Ethereum / EVM","secp256k1 / ECDSA","NO","0","","","","","809","2026-04-28T07:28:45.815Z"
"0x1aafacc008099845d6c35df8c5925c8e659c4400","Ethereum / EVM","secp256k1 / ECDSA","NO","0","","","","","175402","2026-04-28T07:28:45.815Z"
"0x1ab189b68b93e7c4a153d7641dacd373b049a844","Ethereum / EVM","secp256k1 / ECDSA","NO","0","","","","","31671","2026-04-28T07:28:45.815Z"
"0x1ae0e997216f7a354eda202b5cb3352b9dafadff","Ethereum / EVM","secp256k1 / ECDSA","NO","0","","","","","746","2026-04-28T07:59:23.359Z"
"0x1aecba5af25d90f9a36eda909eaa1ed912a891f8","Ethereum / EVM","secp256k1 / ECDSA","NO","0","","","","","135477","2026-04-28T07:59:23.359Z"
"0x1af7dd856323207c8d5e133fb04dcc4445ee60d3","Ethereum / EVM","secp256k1 / ECDSA","NO","0","","","","","614","2026-04-28T07:59:26.352Z"
"0x1afbc6890b945c66becc2f34c3f1bf360cfaf13e","Ethereum / EVM","secp256k1 / ECDSA","NO","0","","","","","1121","2026-04-28T07:59:26.352Z"
"0x1b02da8cb0d097eb8d57a175b88c7d8b47997506","Ethereum / EVM","secp256k1 / ECDSA","NO","0","","","","","342","2026-04-28T07:59:26.352Z"
"0x1b0e765f6224c21223aea2af16c1c46e38885a40","Ethereum / EVM","secp256k1 / ECDSA","NO","0","","","","","282","2026-04-28T07:59:35.197Z"
"0x1b0e96d56074c8a7ffdc92158ba4ffd2cc86ed0b","Ethereum / EVM","secp256k1 / ECDSA","NO","0","","","","","2126","2026-04-28T07:59:35.197Z"
"0x1b2c1491369a29db2c960485710a518afcf93fd1","Ethereum / EVM","secp256k1 / ECDSA","NO","0","","","","","518","2026-04-28T07:59:35.197Z"
"0x1b2f5be6280786ccba812246baf477fff1ff6043","Ethereum / EVM","secp256k1 / ECDSA","NO","0","","","","","1945","2026-04-28T07:59:47.785Z"
"0x1b39d4fcc71ca7cb320ee398a3ab020c8c7e3801","Ethereum / EVM","secp256k1 / ECDSA","NO","0","","","","","4676","2026-04-28T07:59:47.785Z"
"0x1b3b9b2d6f8d88dcfc8af769269b5314f2cf654c","Ethereum / EVM","secp256k1 / ECDSA","NO","0","","","","","892","2026-04-28T07:59:47.785Z"
"0x1b4103eea35aaff9377f92a593909ea2564d93d8","Ethereum / EVM","secp256k1 / ECDSA","NO","0","","","","","509","2026-04-28T07:59:50.460Z"
"0x1b5b4e441f5a22bfd91b7772c780463f66a74b35","Ethereum / EVM","secp256k1 / ECDSA","NO","0","","","","","265","2026-04-28T07:59:50.460Z"
"0x1b60cc360d95a401790ab6b6253872805fb37688","Ethereum / EVM","secp256k1 / ECDSA","NO","0","","","","","1416","2026-04-28T07:59:50.460Z"
"0x1b6265a40839a331ace2d81bc82b6104703c0426","Ethereum / EVM","secp256k1 / ECDSA","NO","0","","","","","11062","2026-04-28T08:00:11.186Z"
"0x1b7dce9c42ce7bb42d10d35e0d6adf1fa9f1e643","Ethereum / EVM","secp256k1 / ECDSA","NO","0","","","","","2881","2026-04-28T08:00:11.186Z"
"0x1ba6a4996a54c6a1c578e8fca6c7a1895e4d895e","Ethereum / EVM","secp256k1 / ECDSA","NO","0","","","","","971","2026-04-28T08:00:11.186Z"
"0x1bd749abd2c6ab3b1eb2020c071fd30c856fcb03","Ethereum / EVM","secp256k1 / ECDSA","NO","0","","","","","649","2026-04-28T08:00:24.690Z"
"0x1bfd67037b42cf73acf2047067bd4f2c47d9bfd6","Ethereum / EVM","secp256k1 / ECDSA","NO","0","","","","","323","2026-04-28T08:02:41.767Z"
"0x1c149013b24bf60ddbd9e31d1f02b44e3d11466b","Ethereum / EVM","secp256k1 / ECDSA","NO","0","","","","","707","2026-04-28T08:02:41.767Z"
"0x1c1b31eaa543c982d7275cef9ccf17099edd843a","Ethereum / EVM","secp256k1 / ECDSA","NO","0","","","","","4236","2026-04-28T08:02:50.020Z"
"0x1C25D41F7d449eBa3a66689A9e15F86B6b684e32","Ethereum / EVM","secp256k1 / ECDSA","NO","0","","","","","331","2026-04-28T08:02:50.020Z"
"0x1c3a6dc9b4b7c22512973c135dd8c9cf07a83660","Ethereum / EVM","secp256k1 / ECDSA","NO","0","","","","","1176","2026-04-28T08:02:50.020Z"
"0x1c5e29b17822cc96b834092ec056a9cd4e833c09","Ethereum / EVM","secp256k1 / ECDSA","NO","0","","","","","1396","2026-04-28T08:32:41.280Z"
"0x1c62a58a11d88d71f936e0ee799eaebd74546894","Ethereum / EVM","secp256k1 / ECDSA","NO","0","","","","","171","2026-04-28T08:32:41.280Z"
"0x1c727a55ea3c11b0ab7d3a361fe0f3c47ce6de5d","Ethereum / EVM","secp256k1 / ECDSA","NO","0","","","","","135316","2026-04-28T08:32:41.280Z"
"0x1c84daa159cf68667a54beb412cdb8b2c193fb32","Ethereum / EVM","secp256k1 / ECDSA","NO","0","","","","","3013","2026-04-28T08:32:57.141Z"
"0x1c954e8fe737f99f68fa1ccda3e51ebdb291948c","Ethereum / EVM","secp256k1 / ECDSA","NO","0","","","","","381","2026-04-28T08:32:57.141Z"
"0x1ca044228426b2027be80a8ba41ebb91534b3922","Ethereum / EVM","secp256k1 / ECDSA","NO","0","","","","","5403","2026-04-28T08:32:57.141Z"
"0x1ca8ee20f304e9744a8dd8dae73eed155ced0515","Ethereum / EVM","secp256k1 / ECDSA","NO","0","","","","","1630","2026-04-28T08:33:06.381Z"
"0x1cb7aa060c9194bf5bf614e5a5a7c013ba51aca7","Ethereum / EVM","secp256k1 / ECDSA","NO","0","","","","","155","2026-04-28T08:33:06.381Z"
"0x1cb7bb1458d4573f92fd2a7e9adfb2c21911aca7","Ethereum / EVM","secp256k1 / ECDSA","NO","0","","","","","250","2026-04-28T08:33:06.381Z"
"0x1cbd466a8153e85763cd0237c3ff4615d73eaca7","Ethereum / EVM","secp256k1 / ECDSA","NO","0","","","","","185","2026-04-28T08:33:13.000Z"
"0x1f012d633d91fe6199777f94b116046c97b6f1f0","Ethereum / EVM","secp256k1 / ECDSA","NO","0","","","","","2706","2026-04-28T09:04:37.318Z"
"0x1cbd8c1043285b1afa196c933b836554f92caca7","Ethereum / EVM","secp256k1 / ECDSA","NO","0","","","","","220","2026-04-28T08:33:13.000Z"
"0x1cbd992c47d4262b422243671dac814e7a31aca7","Ethereum / EVM","secp256k1 / ECDSA","NO","0","","","","","249","2026-04-28T08:33:13.000Z"
"0x1cbdc5d7a3e05f123007c93107c76ef47711aca7","Ethereum / EVM","secp256k1 / ECDSA","NO","0","","","","","570","2026-04-28T08:33:21.318Z"
"0x1cbdf54524c6f7d1ee56f4268ec1049708a7aca7","Ethereum / EVM","secp256k1 / ECDSA","NO","0","","","","","178","2026-04-28T08:33:21.318Z"
"0x1cbdf6ebbd401756f5a511453fdd9c94c181aca7","Ethereum / EVM","secp256k1 / ECDSA","NO","0","","","","","221","2026-04-28T08:33:21.318Z"
"0x1cc10eff3832d0bff7d193d0f645d00ed0d610f5","Ethereum / EVM","secp256k1 / ECDSA","NO","0","","","","","1932","2026-04-28T08:33:31.295Z"
"0x1ccaeca4086b409ed35cd5008378f62e2ef48299","Ethereum / EVM","secp256k1 / ECDSA","NO","0","","","","","860","2026-04-28T08:33:31.295Z"
"0x1cd9aba1150c4bc3c5010c63860734e4c181aca7","Ethereum / EVM","secp256k1 / ECDSA","NO","0","","","","","155","2026-04-28T08:33:31.295Z"
"0x1d1b9224ce606af127907b4f8a828b86c0c310a0","Ethereum / EVM","secp256k1 / ECDSA","NO","0","","","","","731","2026-04-28T08:36:34.758Z"
"0x1d266422272fdec10297f99e995600878de53680","Ethereum / EVM","secp256k1 / ECDSA","NO","0","","","","","1944","2026-04-28T08:36:43.939Z"
"0x1d2bc2a265a257a48cd9b4a34aef1d0a33329959","Ethereum / EVM","secp256k1 / ECDSA","NO","0","","","","","149","2026-04-28T08:36:43.939Z"
"0x1d35b8f9a974bd11d996185d04e810d2aa392108","Ethereum / EVM","secp256k1 / ECDSA","NO","0","","","","","1492","2026-04-28T08:36:43.939Z"
"0x1d530d7c105f4b1b29be39ceb2bd46ef81b28d61","Ethereum / EVM","secp256k1 / ECDSA","NO","0","","","","","171","2026-04-28T08:36:49.004Z"
"0x1d5319a2b2b9eaac571fb40ed5fdfbdf81b28d61","Ethereum / EVM","secp256k1 / ECDSA","NO","0","","","","","229","2026-04-28T08:36:49.004Z"
"0x1d5324bf83511746afe3656c43388c1537128d61","Ethereum / EVM","secp256k1 / ECDSA","NO","0","","","","","251","2026-04-28T08:36:49.004Z"
"0x1d5346d41ede4c209fafc9ce15e29b3f81b28d61","Ethereum / EVM","secp256k1 / ECDSA","NO","0","","","","","674","2026-04-28T08:36:57.780Z"
"0x1d537f5cdc58f85faf82eb88a45524ef81b28d61","Ethereum / EVM","secp256k1 / ECDSA","NO","0","","","","","569","2026-04-28T08:36:57.780Z"
"0x1d53bbd193525697fe057bf64d36b0cf81b28d61","Ethereum / EVM","secp256k1 / ECDSA","NO","0","","","","","183","2026-04-28T08:36:57.780Z"
"0x1d53bf29e060bac3923c8dd776f2e62f81b28d61","Ethereum / EVM","secp256k1 / ECDSA","NO","0","","","","","606","2026-04-28T08:37:05.380Z"
"0x1d53d0cc7d506b030a0a98eb4e832ebf81b28d61","Ethereum / EVM","secp256k1 / ECDSA","NO","0","","","","","173","2026-04-28T08:37:05.380Z"
"0x1d555edf8ceaa9e5185360a0cd2db43485923d61","Ethereum / EVM","secp256k1 / ECDSA","NO","0","","","","","246","2026-04-28T08:37:05.380Z"
"0x1d59bc9fce6b8e2b1bf86d4777289ffd83d24c99","Ethereum / EVM","secp256k1 / ECDSA","NO","0","","","","","706","2026-04-28T08:37:14.630Z"
"0x1d5a126708751ff801921143fc4a328fdaaf44c7","Ethereum / EVM","secp256k1 / ECDSA","NO","0","","","","","1279","2026-04-28T08:37:14.630Z"
"0x1d5c6f1607a171ad52efb270121331b3039dd83e","Ethereum / EVM","secp256k1 / ECDSA","NO","0","","","","","287","2026-04-28T08:37:14.630Z"
"0x1d65a29b7cbd0620311ea1bf9152c65a4a021e7b","Ethereum / EVM","secp256k1 / ECDSA","NO","0","","","","","287","2026-04-28T09:01:01.052Z"
"0x1d65b93b0e601a53cf93706b8e165d992b021e7b","Ethereum / EVM","secp256k1 / ECDSA","NO","0","","","","","32104","2026-04-28T09:01:01.052Z"
"0x1d65e387049860838bd809c6ddf7827a98d61e7b","Ethereum / EVM","secp256k1 / ECDSA","NO","0","","","","","358","2026-04-28T09:01:05.497Z"
"0x1d65ed4f04e09e6f20a84e2e4f415c492b021e7b","Ethereum / EVM","secp256k1 / ECDSA","NO","0","","","","","570","2026-04-28T09:01:05.497Z"
"0x1d7a7d1478e3583782dfc98e80f4ff96258b72d5","Ethereum / EVM","secp256k1 / ECDSA","NO","0","","","","","176","2026-04-28T09:01:05.497Z"
"0x1df2f836ef663609b0309cab45fe34700a2aced8","Ethereum / EVM","secp256k1 / ECDSA","NO","0","","","","","516","2026-04-28T09:03:34.472Z"
"0x1dfc6bec8499fcb5e3151c7c6d27feb9d7eae1d4","Ethereum / EVM","secp256k1 / ECDSA","NO","0","","","","","268","2026-04-28T09:03:38.461Z"
"0x1e22cd8cfa52e950e1f1e78d7e9d59b20df63909","Ethereum / EVM","secp256k1 / ECDSA","NO","0","","","","","817","2026-04-28T09:03:38.461Z"
"0x1e2628b52699caf58d5737bfe247f48a6f6fd909","Ethereum / EVM","secp256k1 / ECDSA","NO","0","","","","","901","2026-04-28T09:03:38.461Z"
"0x1e291a6d360a6362c7378fa996a6d132f96e59b8","Ethereum / EVM","secp256k1 / ECDSA","NO","0","","","","","2449","2026-04-28T09:03:48.269Z"
"0x1e2f755d4c51cb2044588614959565efd47485fa","Ethereum / EVM","secp256k1 / ECDSA","NO","0","","","","","716","2026-04-28T09:03:48.269Z"
"0x1e472c3b3c02e852a9abaae903776a8683f3ac4e","Ethereum / EVM","secp256k1 / ECDSA","NO","0","","","","","629","2026-04-28T09:03:48.269Z"
"0x1e6eb35133b5721fff0b1bc396801ed85b2d3705","Ethereum / EVM","secp256k1 / ECDSA","NO","0","","","","","8359","2026-04-28T09:04:03.035Z"
"0x1e75b7fc7161cf4312f34c8ea1d8df9319cd463d","Ethereum / EVM","secp256k1 / ECDSA","NO","0","","","","","1126","2026-04-28T09:04:03.035Z"
"0x1e767096e92164551959c270723bb615f0238f75","Ethereum / EVM","secp256k1 / ECDSA","NO","0","","","","","1072","2026-04-28T09:04:03.035Z"
"0x1e83739ceb4e34853cc1325eb09ea904a294bbd6","Ethereum / EVM","secp256k1 / ECDSA","NO","0","","","","","6472","2026-04-28T09:04:15.551Z"
"0x1e86cf70ab30dfe35fa564d5c4dd2f2aea97aefe","Ethereum / EVM","secp256k1 / ECDSA","NO","0","","","","","290","2026-04-28T09:04:15.551Z"
"0x1e9298a922a6399dc2ca1df1b729384de66ca39a","Ethereum / EVM","secp256k1 / ECDSA","NO","0","","","","","310","2026-04-28T09:04:15.551Z"
"0x1f01d0e9688890e5bdeb9a320519a9fb5f69c914","Ethereum / EVM","secp256k1 / ECDSA","NO","0","","","","","7608","2026-04-28T09:04:52.450Z"
"0x1f04378f94313421ed1faaf4f6415de722bea5ea","Ethereum / EVM","secp256k1 / ECDSA","NO","0","","","","","2953","2026-04-28T09:04:52.450Z"
"0x1f0afce5a56445e4658093778720e0099435bb8a","Ethereum / EVM","secp256k1 / ECDSA","NO","0","","","","","1408","2026-04-28T09:04:52.450Z"
"0x1f2267a549273e1fee089cc0f2744702af345147","Ethereum / EVM","secp256k1 / ECDSA","NO","0","","","","","24359","2026-04-28T09:05:32.196Z"
"0x1f464e27db5f0fb4d0409f3fcaea008b47c919c0","Ethereum / EVM","secp256k1 / ECDSA","NO","0","","","","","402","2026-04-28T09:05:32.196Z"
"0x1f4d05570918e3902c9cba3088834533b511d36f","Ethereum / EVM","secp256k1 / ECDSA","NO","0","","","","","10948","2026-04-28T09:05:32.196Z"
"0x1f549dacc9636bf20f7b4bc43e5a5015bb735096","Ethereum / EVM","secp256k1 / ECDSA","NO","0","","","","","208","2026-04-28T09:05:41.774Z"
"0x1f573d6fb3f13d689ff844b4ce37794d79a7ff1c","Ethereum / EVM","secp256k1 / ECDSA","NO","0","","","","","314","2026-04-28T09:05:41.774Z"
"0x1f766513abc0dd46b26590ea83a6b20377460a18","Ethereum / EVM","secp256k1 / ECDSA","NO","0","","","","","4764","2026-04-28T09:05:41.774Z"
"0x1f9840a85d5af5bf1d1762f925bdaddc4201f984","Ethereum / EVM","secp256k1 / ECDSA","NO","0","","","","","354","2026-04-28T09:05:46.733Z"
"0x1f9b86ecdf7dc353f984470d0e462da2f26aa866","Ethereum / EVM","secp256k1 / ECDSA","NO","0","","","","","1739","2026-04-28T09:05:46.733Z"
"0x1fb01c8fd4f830edf0e7a2e43bb8784eb745b470","Ethereum / EVM","secp256k1 / ECDSA","NO","0","","","","","151","2026-04-28T09:05:46.733Z"
"0x1fb053ca87e7913e1202d41ce0974a9de1b53150","Ethereum / EVM","secp256k1 / ECDSA","NO","0","","","","","361","2026-04-28T09:05:53.762Z"
"0x1fdd5dada48c78fa584960a793f73c41ac99648c","Ethereum / EVM","secp256k1 / ECDSA","NO","0","","","","","650","2026-04-28T09:05:53.762Z"
"0x1ff22cb1c7804b3529a005ddcf9bde6e7c9d6d90","Ethereum / EVM","secp256k1 / ECDSA","NO","0","","","","","264","2026-04-28T09:05:53.762Z"
"0x1ff6dfaf31bd747f28ff0b135f8504fd1b5206fb","Ethereum / EVM","secp256k1 / ECDSA","NO","0","","","","","2783","2026-04-28T09:40:16.024Z"
"0x2008b6c3d07b061a84f790c035c2f6dc11a0be70","Ethereum / EVM","secp256k1 / ECDSA","NO","0","","","","","158331","2026-04-28T09:40:16.024Z"
"0x20145c5e27408b5c1cf2239d0115ee3bbc27cbd7","Ethereum / EVM","secp256k1 / ECDSA","NO","0","","","","","155853","2026-04-28T09:40:16.024Z"
"0x201f0dda75617b4c96209c213c50d6e69c978f32","Ethereum / EVM","secp256k1 / ECDSA","NO","0","","","","","10999","2026-04-28T09:40:36.474Z"
"0x206475834da6ab67fa54d9a5c8a6c68e13056005","Ethereum / EVM","secp256k1 / ECDSA","NO","0","","","","","668","2026-04-28T09:40:36.474Z"
"0x20702f0addc64b65eeb5f885d6bd326bab6dc862","Ethereum / EVM","secp256k1 / ECDSA","NO","0","","","","","853","2026-04-28T09:40:36.474Z"
"0x2085f0eb11362b4e83f021f3ddb7cb8150a265f2","Ethereum / EVM","secp256k1 / ECDSA","NO","0","","","","","520","2026-04-28T09:40:54.064Z"
"0x20b6092af3ebac8ca3de20aaa2f6c8b83e5c66bc","Ethereum / EVM","secp256k1 / ECDSA","NO","0","","","","","12971","2026-04-28T09:40:54.064Z"
"0x20b8d616e84694f6a0074d59417e1d1d3d713068","Ethereum / EVM","secp256k1 / ECDSA","NO","0","","","","","727","2026-04-28T09:40:54.064Z"
"0x20bbe6cb8897979ae155ad765d0a55ccfadb2385","Ethereum / EVM","secp256k1 / ECDSA","NO","0","","","","","151","2026-04-28T09:40:58.936Z"
"0x21a31ee1afc51d94c2efccaa2092ad1028285549","Ethereum / EVM","secp256k1 / ECDSA","NO","0","","","","","158283","2026-04-28T10:06:23.265Z"
"0x21a62438bb114739325e0672f4db2ba9231c3c27","Ethereum / EVM","secp256k1 / ECDSA","NO","0","","","","","4805","2026-04-28T10:06:23.265Z"
"0x20cc4379547c4c622c3aa264a53751a829e1a29d","Ethereum / EVM","secp256k1 / ECDSA","NO","0","","","","","694","2026-04-28T09:40:58.936Z"
"0x20fb6b8544bf2165d1a75a1423e4f85a678f08a7","Ethereum / EVM","secp256k1 / ECDSA","NO","0","","","","","2247","2026-04-28T09:40:58.936Z"
"0x20fbad76ab687084ed78d51d0b4d59e7ca78dc35","Ethereum / EVM","secp256k1 / ECDSA","NO","0","","","","","640","2026-04-28T09:43:17.402Z"
"0x20ff49ea3385b6488946430ed1d4de6d91b43cad","Ethereum / EVM","secp256k1 / ECDSA","NO","0","","","","","131547","2026-04-28T09:43:17.402Z"
"0x20ff7ff7aa61f14b93bae948bd87c2b57437ca93","Ethereum / EVM","secp256k1 / ECDSA","NO","0","","","","","1347","2026-04-28T09:43:17.402Z"
"0x211acaa2f1dd1f941ae332de3c69e23ff766accb","Ethereum / EVM","secp256k1 / ECDSA","NO","0","","","","","1361","2026-04-28T09:43:22.461Z"
"0x211c834c99938386342a304705a8eddd5e5fe5d2","Ethereum / EVM","secp256k1 / ECDSA","NO","0","","","","","177","2026-04-28T09:43:22.461Z"
"0x2132c3fc4196ea20b6450bb1b6ed5170811d55f5","Ethereum / EVM","secp256k1 / ECDSA","NO","0","","","","","1073","2026-04-28T09:43:22.461Z"
"0x213442a917ccd8d0c50da0cf60f5d6f145bdc158","Ethereum / EVM","secp256k1 / ECDSA","NO","0","","","","","3691","2026-04-28T09:43:32.087Z"
"0x2135eafebf4e7c32bd511deb979c6516a2b1e5f5","Ethereum / EVM","secp256k1 / ECDSA","NO","0","","","","","154","2026-04-28T09:43:32.087Z"
"0x21441367aacd94d5b540f59a63c0af28986fe6d7","Ethereum / EVM","secp256k1 / ECDSA","NO","0","","","","","394","2026-04-28T09:43:32.087Z"
"0x214460cf2c24c767f2f44544bd683ea9e46fe6d7","Ethereum / EVM","secp256k1 / ECDSA","NO","0","","","","","25528","2026-04-28T09:44:02.150Z"
"0x214467c4e582db876df19d34ad8b1e6394b8e6d7","Ethereum / EVM","secp256k1 / ECDSA","NO","0","","","","","370","2026-04-28T09:44:02.150Z"
"0x214d52880b1e4e17d020908cd8eaa988ffdd4020","Ethereum / EVM","secp256k1 / ECDSA","NO","0","","","","","399","2026-04-28T09:44:02.150Z"
"0x2156b726d49428752a644009366516fab7dd934e","Ethereum / EVM","secp256k1 / ECDSA","NO","0","","","","","1597","2026-04-28T09:44:13.621Z"
"0x215a7c9e4b159916ecc61ec661bb8d1da3c3cb4f","Ethereum / EVM","secp256k1 / ECDSA","NO","0","","","","","2461","2026-04-28T09:44:13.621Z"
"0x216a34db5dd11432cde57c8350d8f962ce15cd7d","Ethereum / EVM","secp256k1 / ECDSA","NO","0","","","","","1712","2026-04-28T09:44:13.621Z"
"0x216e0305c076c5682b070e99d8fc1b71aeac0a38","Ethereum / EVM","secp256k1 / ECDSA","NO","0","","","","","684","2026-04-28T09:44:17.653Z"
"0x2171e6d3b7964fa9654ce41da8a8ffaff2cc70be","Ethereum / EVM","secp256k1 / ECDSA","NO","0","","","","","309","2026-04-28T09:44:17.653Z"
"0x21739ce14d4d7a8c06c718e4c49c94c033ca028a","Ethereum / EVM","secp256k1 / ECDSA","NO","0","","","","","807","2026-04-28T09:44:17.653Z"
"0x2189972f3be08ba2a0247e83c0d1636e080af275","Ethereum / EVM","secp256k1 / ECDSA","NO","0","","","","","3940","2026-04-28T09:44:29.220Z"
"0x218c8eef330346459c90b1104b39b7648d9481a9","Ethereum / EVM","secp256k1 / ECDSA","NO","0","","","","","832","2026-04-28T09:44:29.220Z"
"0x2191e594a2e9a5fe110bf1fbe374388141b08428","Ethereum / EVM","secp256k1 / ECDSA","NO","0","","","","","596","2026-04-28T09:44:29.220Z"
"0x21b34047438cad8dc66a09fa5addd84d975add99","Ethereum / EVM","secp256k1 / ECDSA","NO","0","","","","","883","2026-04-28T10:06:23.265Z"
"0x21bd4b08a952ec92d04e38c5bd2742106cd71e5c","Ethereum / EVM","secp256k1 / ECDSA","NO","0","","","","","2504","2026-04-28T10:06:30.474Z"
"0x21ce9d860dbe737bcf3547e6fc004da3e71a99bb","Ethereum / EVM","secp256k1 / ECDSA","NO","0","","","","","1737","2026-04-28T10:06:30.474Z"
"0x21daab1c05c3475faacfccb2ead2d32182c0455c","Ethereum / EVM","secp256k1 / ECDSA","NO","0","","","","","2076","2026-04-28T10:06:30.474Z"
"0x21e025949fd8545bcc93d722d3df795688359b75","Ethereum / EVM","secp256k1 / ECDSA","NO","0","","","","","1764","2026-04-28T10:07:00.979Z"
"0x21e77be3dd7b8a6e583404c24f08e3af0356d717","Ethereum / EVM","secp256k1 / ECDSA","NO","0","","","","","20671","2026-04-28T10:07:00.979Z"
"0x21ffd696f5356e55ecb0d6a612f21fa940d02d10","Ethereum / EVM","secp256k1 / ECDSA","NO","0","","","","","6384","2026-04-28T10:07:00.979Z"
"0x2215fb734c9c4c3630a43f4562c968a5d41cbfa0","Ethereum / EVM","secp256k1 / ECDSA","NO","0","","","","","1115","2026-04-28T10:10:25.583Z"
"0x2216bd2c04a692990e02fe98de60431e3a94d0fd","Ethereum / EVM","secp256k1 / ECDSA","NO","0","","","","","1464","2026-04-28T10:10:25.583Z"
"0x2228e5704b637131a3798a186caf18366c146f74","Ethereum / EVM","secp256k1 / ECDSA","NO","0","","","","","198824","2026-04-28T10:10:25.583Z"
"0x2236be7ba1b13402366c370af6dea95ee9a4c8a3","Ethereum / EVM","secp256k1 / ECDSA","NO","0","","","","","13444","2026-04-28T10:10:52.735Z"
"0x223bd80e2bfe87bb97e059cf53813a9cb04ca380","Ethereum / EVM","secp256k1 / ECDSA","NO","0","","","","","1327","2026-04-28T10:10:52.735Z"
"0x224bec85a3f9dc24e0836ebded83e716ea0c5bf1","Ethereum / EVM","secp256k1 / ECDSA","NO","0","","","","","5798","2026-04-28T10:10:52.735Z"
"0x2260fac5e5542a773aa44fbcfedf7c193bc2c599","Ethereum / EVM","secp256k1 / ECDSA","NO","0","","","","","485","2026-04-28T10:10:58.572Z"
"0x22694489e5d5fd04be2fb4aa5969259b0ff678b5","Ethereum / EVM","secp256k1 / ECDSA","NO","0","","","","","1141","2026-04-28T10:10:58.572Z"
"0x22729ad7f4bb98c5364c5bd34b313c2125c58e86","Ethereum / EVM","secp256k1 / ECDSA","NO","0","","","","","783","2026-04-28T10:10:58.572Z"
"0x2279a6fce8fe9d8d9958ccce7474e4e186622735","Ethereum / EVM","secp256k1 / ECDSA","NO","0","","","","","470","2026-04-28T10:11:05.855Z"
"0x227b074690c4a703088335ed293c8c1e24d92735","Ethereum / EVM","secp256k1 / ECDSA","NO","0","","","","","422","2026-04-28T10:11:05.855Z"
"0x2283d62a14eb57f7e42282b899e16396c21e97c5","Ethereum / EVM","secp256k1 / ECDSA","NO","0","","","","","800","2026-04-28T10:11:05.855Z"
"0x22b338deac679d611586812303427f6369eae519","Ethereum / EVM","secp256k1 / ECDSA","NO","0","","","","","148876","2026-04-28T10:13:43.912Z"
"0x22e51bae3f545255e115090202a23c7ede0b00b9","Ethereum / EVM","secp256k1 / ECDSA","NO","0","","","","","710","2026-04-28T10:13:43.912Z"
"0x22f32be67d7cb297300528e202e26a9ca9f6d519","Ethereum / EVM","secp256k1 / ECDSA","NO","0","","","","","2140","2026-04-28T10:13:43.912Z"
"0x22f9dcf4647084d6c31b2765f6910cd85c178c18","Ethereum / EVM","secp256k1 / ECDSA","NO","0","","","","","764","2026-04-28T10:13:55.004Z"
"0x22feb04b9c5cebd7557e51d04857f501598a8eb1","Ethereum / EVM","secp256k1 / ECDSA","NO","0","","","","","1382","2026-04-28T10:13:55.004Z"
"0x2320ab0610dc410f38455d6307505823708b6de7","Ethereum / EVM","secp256k1 / ECDSA","NO","0","","","","","687","2026-04-28T10:13:55.004Z"
"0x232ce3bd40fcd6f80f3d55a522d03f25df784ee2","Ethereum / EVM","secp256k1 / ECDSA","NO","0","","","","","364","2026-04-28T10:38:01.151Z"
"0x23303159ad0a3171c00a9447edd177c957d23ebc","Ethereum / EVM","secp256k1 / ECDSA","NO","0","","","","","22602","2026-04-28T10:38:01.151Z"
"0x233a89fe314b86a8cb141798a5dc9d3bb2a28c02","Ethereum / EVM","secp256k1 / ECDSA","NO","0","","","","","10897","2026-04-28T10:38:01.151Z"
"0x2342deb6f5749ef6ce6943a275a1d3e7486f5fbf","Ethereum / EVM","secp256k1 / ECDSA","NO","0","","","","","176","2026-04-28T10:41:07.158Z"
"0x2345804130f13a04c95b3838f31564992aa1885d","Ethereum / EVM","secp256k1 / ECDSA","NO","0","","","","","134954","2026-04-28T10:41:07.158Z"
"0x2351ca60e09a078ddfdc3ad4d00ae825ee81c113","Ethereum / EVM","secp256k1 / ECDSA","NO","0","","","","","47915","2026-04-28T10:41:07.158Z"
"0x2364ab81b114b6bfbf39514a7d0396ce0e0ddff1","Ethereum / EVM","secp256k1 / ECDSA","NO","0","","","","","26661","2026-04-28T10:41:51.051Z"
"0x237c41d7d1cb83b9b56fe1adcb762e522b1509c6","Ethereum / EVM","secp256k1 / ECDSA","NO","0","","","","","581","2026-04-28T10:41:51.051Z"
"0x237fa38a894963ed11cc984e8d72256163ce90a7","Ethereum / EVM","secp256k1 / ECDSA","NO","0","","","","","15710","2026-04-28T10:41:51.051Z"
"0x23878914efe38d27c4d67ab83ed1b93a74d4086a","Ethereum / EVM","secp256k1 / ECDSA","NO","0","","","","","379","2026-04-28T10:41:58.846Z"
"0x23906225f1fe7664034a6b37a991b2492058f8b5","Ethereum / EVM","secp256k1 / ECDSA","NO","0","","","","","2037","2026-04-28T10:41:58.846Z"
"0x239b9c1f24f3423062b0d364796e07ee905e9fce","Ethereum / EVM","secp256k1 / ECDSA","NO","0","","","","","347","2026-04-28T10:41:58.846Z"
"0x23b265c0844b376b6c95b4bc7626e31fbe817b19","Ethereum / EVM","secp256k1 / ECDSA","NO","0","","","","","337","2026-04-28T10:42:44.452Z"
"0x23c45c4ab53d8b4edad1a77e200ff12d5ddf13f4","Ethereum / EVM","secp256k1 / ECDSA","NO","0","","","","","39645","2026-04-28T10:42:44.452Z"
"0x23cb236e0ba0d517c13b1d3ee702876d259a67b6","Ethereum / EVM","secp256k1 / ECDSA","NO","0","","","","","383","2026-04-28T10:42:44.452Z"
"0x23d1e4e95088756abcc975f2a5a9a08a70afb7f3","Ethereum / EVM","secp256k1 / ECDSA","NO","0","","","","","1301","2026-04-28T10:42:55.156Z"
"0x23d6b9c4aaf6ae06a052e5d1c49f1324637198a8","Ethereum / EVM","secp256k1 / ECDSA","NO","0","","","","","903","2026-04-28T10:42:55.156Z"
"0x23d84ef4ba02aafe5e7b08f24c5e330318af98a8","Ethereum / EVM","secp256k1 / ECDSA","NO","0","","","","","867","2026-04-28T10:42:55.156Z"
"0x23dc41c9305c6b568e62cdf0d3015e9fd4382153","Ethereum / EVM","secp256k1 / ECDSA","NO","0","","","","","172","2026-04-28T10:43:03.549Z"
"0x23e0cd8e82fde3fb6eab23646ac95914a8a41f9b","Ethereum / EVM","secp256k1 / ECDSA","NO","0","","","","","2290","2026-04-28T10:43:03.549Z"
"0x23ed9c8202f07bf825827a51c36cf6222433c76f","Ethereum / EVM","secp256k1 / ECDSA","NO","0","","","","","1001","2026-04-28T10:43:03.549Z"
"0x23ee2343b892b1bb63503a4fabc840e0e2c6810f","Ethereum / EVM","secp256k1 / ECDSA","NO","0","","","","","364","2026-04-28T10:43:09.250Z"
"0x240e7d6932ef0c6431c8b26e729a977b3fbf2cd1","Ethereum / EVM","secp256k1 / ECDSA","NO","0","","","","","642","2026-04-28T10:43:09.250Z"
"0x240ed9fe4f9bac21ce4fd9233ba077ab3fbf2cd1","Ethereum / EVM","secp256k1 / ECDSA","NO","0","","","","","157","2026-04-28T10:43:09.250Z"
"0x240edae66d9b46a566fea7e2c204c37b3fbf2cd1","Ethereum / EVM","secp256k1 / ECDSA","NO","0","","","","","185","2026-04-28T10:43:18.269Z"
"0x2416092f143378750bb29b79ed961ab195cceea5","Ethereum / EVM","secp256k1 / ECDSA","NO","0","","","","","360","2026-04-28T10:43:18.269Z"
"0x2416682ddc73b2e0671a4fe9c77fb6ac6b8574fd","Ethereum / EVM","secp256k1 / ECDSA","NO","0","","","","","1636","2026-04-28T10:43:18.269Z"
"0x242ca4dd169a5f1ecd31d108e9d19a2d846243d5","Ethereum / EVM","secp256k1 / ECDSA","NO","0","","","","","737","2026-04-28T10:43:27.677Z"
"0x243121dfaadb15336411bfd5f4e03982667e090a","Ethereum / EVM","secp256k1 / ECDSA","NO","0","","","","","2135","2026-04-28T10:43:27.677Z"
"0x2432d9189ce09a833d4b6cc120e7581c4fa5c817","Ethereum / EVM","secp256k1 / ECDSA","NO","0","","","","","716","2026-04-28T10:43:27.677Z"
"0x244c1d7c48b8fe52fa73bc0319aea4803e86a2eb","Ethereum / EVM","secp256k1 / ECDSA","NO","0","","","","","355","2026-04-28T10:43:35.499Z"
"0x244c85549e11abb078483d4981dd2cf41caca2eb","Ethereum / EVM","secp256k1 / ECDSA","NO","0","","","","","1571","2026-04-28T10:43:35.499Z"
"0x244cad749916e63351e829276dc8a5f03e86a2eb","Ethereum / EVM","secp256k1 / ECDSA","NO","0","","","","","1484","2026-04-28T10:43:35.499Z"
"0x245bdb6acbcbb3a5ceb98d232c80485dc5dfcdf8","Ethereum / EVM","secp256k1 / ECDSA","NO","0","","","","","921","2026-04-28T10:44:05.340Z"
"0x2464f4843a95ab8e406e9ad8079a3a8d09dd67b6","Ethereum / EVM","secp256k1 / ECDSA","NO","0","","","","","1775","2026-04-28T10:44:05.340Z"
"0x246b95f4750d25c8dc20b8441ec81d51fddc625b","Ethereum / EVM","secp256k1 / ECDSA","NO","0","","","","","22551","2026-04-28T10:44:05.340Z"
"0x247dfa8f270d33a0f9e116e033f6f340599004b9","Ethereum / EVM","secp256k1 / ECDSA","NO","0","","","","","17471","2026-04-28T10:44:35.749Z"
"0x2489b8c7e72763e993437efaee8792b2ba2be69d","Ethereum / EVM","secp256k1 / ECDSA","NO","0","","","","","5250","2026-04-28T10:44:35.749Z"
"0x249e381fa1ed75550a4ad56e0bc802d6fe1a738e","Ethereum / EVM","secp256k1 / ECDSA","NO","0","","","","","938","2026-04-28T10:44:35.749Z"
"0x24a52c9f6aa58109fbb84ca6ff9525d8f0b56e2f","Ethereum / EVM","secp256k1 / ECDSA","NO","0","","","","","745","2026-04-28T10:46:00.069Z"
"0x24a674fa3e3a7775dfaa4849c5a5640cf17095ec","Ethereum / EVM","secp256k1 / ECDSA","NO","0","","","","","36419","2026-04-28T10:46:00.069Z"
"0x24b12457d3a68eca9daca48f0628276592bebcdd","Ethereum / EVM","secp256k1 / ECDSA","NO","0","","","","","46805","2026-04-28T10:46:00.069Z"
"0x24b714019030136677e5bb852efa24e5388f9350","Ethereum / EVM","secp256k1 / ECDSA","NO","0","","","","","3295","2026-04-28T10:46:09.562Z"
"0x24bc4dcb5798a295aa999d6eb0e0d22996ac4aa8","Ethereum / EVM","secp256k1 / ECDSA","NO","0","","","","","1467","2026-04-28T10:46:09.562Z"
"0x24cbb47526a7cf2417cd66acb27972c4d7dfc581","Ethereum / EVM","secp256k1 / ECDSA","NO","0","","","","","708","2026-04-28T10:46:09.562Z"
"0x24e28b5ae0a27fb15671259da969f36305039ffb","Ethereum / EVM","secp256k1 / ECDSA","NO","0","","","","","669","2026-04-28T10:46:20.295Z"
"0x24f6fa2a07fcf776b3db86a81506137259313906","Ethereum / EVM","secp256k1 / ECDSA","NO","0","","","","","558","2026-04-28T10:46:20.295Z"
"0x24fd579b4b9f5afa53653f3b9a96da319b3c94c3","Ethereum / EVM","secp256k1 / ECDSA","NO","0","","","","","6966","2026-04-28T10:46:20.295Z"
"0x25285854083ce61ef09b94e1125b209d982aa73a","Ethereum / EVM","secp256k1 / ECDSA","NO","0","","","","","658","2026-04-28T10:46:29.522Z"
"0x25559f0abbaf2a928239d2f419181147cc2dad74","Ethereum / EVM","secp256k1 / ECDSA","NO","0","","","","","399","2026-04-28T10:46:29.522Z"
"0x25681ab599b4e2ceea31f8b498052c53fc2d74db","Ethereum / EVM","secp256k1 / ECDSA","NO","0","","","","","372","2026-04-28T10:46:29.522Z"
"0x25715d9c8904ee5e0dd90161d9d30ca478ab4a64","Ethereum / EVM","secp256k1 / ECDSA","NO","0","","","","","7433","2026-04-28T10:46:47.872Z"
"0x25760ebe247a3efe2359810eb1f54c0e6ab09dd2","Ethereum / EVM","secp256k1 / ECDSA","NO","0","","","","","1770","2026-04-28T10:46:47.872Z"
"0x258a0936dea06a1286aadfdd606412bee711a3ba","Ethereum / EVM","secp256k1 / ECDSA","NO","0","","","","","2575","2026-04-28T10:46:47.872Z"
"0x258e86ade44aa93e914247512fd8b788271dd051","Ethereum / EVM","secp256k1 / ECDSA","NO","0","","","","","4735","2026-04-28T10:47:12.772Z"
"0x259622aa47f5dcb413b6fe7b13124c16d6f158fa","Ethereum / EVM","secp256k1 / ECDSA","NO","0","","","","","735","2026-04-28T10:47:12.772Z"
"0x2596a11a3f25bc9a50e141704da8d756d6f158fa","Ethereum / EVM","secp256k1 / ECDSA","NO","0","","","","","15208","2026-04-28T10:47:12.772Z"
"0x2596c583f55f9253b18ed9c0be2e6736d6f158fa","Ethereum / EVM","secp256k1 / ECDSA","NO","0","","","","","2404","2026-04-28T10:47:23.266Z"
"0x25ac3170f9e3ee54beaece8da20a2784f25cc49e","Ethereum / EVM","secp256k1 / ECDSA","NO","0","","","","","3288","2026-04-28T10:47:23.266Z"
"0x25c68f3f47e83df0ee101386fc91ee3bbc26e753","Ethereum / EVM","secp256k1 / ECDSA","NO","0","","","","","1481","2026-04-28T10:47:23.266Z"
"0x25d265263dd7f5f8e25739799aa7111c5609a1cd","Ethereum / EVM","secp256k1 / ECDSA","NO","0","","","","","1783","2026-04-28T11:14:44.655Z"
"0x25d4829a915a1a15f01d33554bd1bc20609ae529","Ethereum / EVM","secp256k1 / ECDSA","NO","0","","","","","1630","2026-04-28T11:14:44.655Z"
"0x260b364fe0d3d37e6fd3cda0fa50926a06c54cea","Ethereum / EVM","secp256k1 / ECDSA","NO","0","","","","","149067","2026-04-28T11:14:44.655Z"
"0x263c60c1ac3b14d6e0ce8a74f72b386c8d2345eb","Ethereum / EVM","secp256k1 / ECDSA","NO","0","","","","","194","2026-04-28T11:17:15.901Z"
"0x264327128abdcad361ef45e2219c95fe8da1a362","Ethereum / EVM","secp256k1 / ECDSA","NO","0","","","","","6397","2026-04-28T11:17:15.901Z"
"0x264bd8291fae1d75db2c5f573b07faa6715997b5","Ethereum / EVM","secp256k1 / ECDSA","NO","0","","","","","140293","2026-04-28T11:17:15.901Z"
"0x264edb603667459c8d546ed67e4f0eb1571861ad","Ethereum / EVM","secp256k1 / ECDSA","NO","0","","","","","1278","2026-04-28T11:17:25.556Z"
"0x265a6dbff4f5a8fb1356d6f57373d1ce013612ef","Ethereum / EVM","secp256k1 / ECDSA","NO","0","","","","","1674","2026-04-28T11:17:25.556Z"
"0x2663adc1543a90a46e8a45b92d8ecb8b83694d24","Ethereum / EVM","secp256k1 / ECDSA","NO","0","","","","","1612","2026-04-28T11:17:25.556Z"
"0x266749102c87ae1e78e8df8fc80e53b99b4788ed","Ethereum / EVM","secp256k1 / ECDSA","NO","0","","","","","3267","2026-04-28T11:19:49.055Z"
"0x267928025c5375e64d6ef031039385a5a6db77bf","Ethereum / EVM","secp256k1 / ECDSA","NO","0","","","","","1037","2026-04-28T11:19:49.055Z"
"0x267be1c1d684f78cb4f6a176c4911b741e4ffdc0","Ethereum / EVM","secp256k1 / ECDSA","NO","0","","","","","135732","2026-04-28T11:19:49.055Z"
"0x267c865e836242991517ce5df97da3a5f20b4436","Ethereum / EVM","secp256k1 / ECDSA","NO","0","","","","","2181","2026-04-28T11:21:49.923Z"
"0x26817fe74a67d581b50b115ff3251079087eae9d","Ethereum / EVM","secp256k1 / ECDSA","NO","0","","","","","1135","2026-04-28T11:21:49.923Z"
"0x2686bc6a56d205010637ce1df124b20cb19e4054","Ethereum / EVM","secp256k1 / ECDSA","NO","0","","","","","113601","2026-04-28T11:21:49.923Z"
"0x2687b354211ebc25d07ff8c65fc10e1805e3fa7f","Ethereum / EVM","secp256k1 / ECDSA","NO","0","","","","","1203","2026-04-28T11:22:00.117Z"
"0x26a333f9cc33d6fbbc726a9474b169803fff9292","Ethereum / EVM","secp256k1 / ECDSA","NO","0","","","","","4366","2026-04-28T11:22:00.117Z"
"0x26a87d9d828b90c8b878a2e52ed1c8b5dcaceb26","Ethereum / EVM","secp256k1 / ECDSA","NO","0","","","","","1551","2026-04-28T11:22:00.117Z"
"0x26b3663abc1e2e478ef60055713b1d5811be085e","Ethereum / EVM","secp256k1 / ECDSA","NO","0","","","","","10958","2026-04-28T11:22:40.538Z"
"0x26b91cfa381c809ba67b851cb21652fb88d76adc","Ethereum / EVM","secp256k1 / ECDSA","NO","0","","","","","14529","2026-04-28T11:22:40.538Z"
"0x26bc1ccfdddcda634e8b6ea8c9ea711d03700187","Ethereum / EVM","secp256k1 / ECDSA","NO","0","","","","","14051","2026-04-28T11:22:40.538Z"
"0x26d28bffd9393a56ec89e74fb30605edddf8b36c","Ethereum / EVM","secp256k1 / ECDSA","NO","0","","","","","351","2026-04-28T11:22:42.041Z"
"0x34a9f86a1da9e53f6de096c4dbed51e00ad6e2d4","Ethereum / EVM","secp256k1 / ECDSA","NO","0","","","","","569","2026-04-28T15:00:19.403Z"
"0x26db93f8b8b4f7016240af62f7730979d353f9a7","Ethereum / EVM","secp256k1 / ECDSA","NO","0","","","","","367","2026-04-28T11:22:42.041Z"
"0x26dced01cc467199c1df44cf226577b1ff02b2d1","Ethereum / EVM","secp256k1 / ECDSA","NO","0","","","","","328","2026-04-28T11:22:42.041Z"
"0x26dfa88fd4f70fcce22cc63d270065a833880d62","Ethereum / EVM","secp256k1 / ECDSA","NO","0","","","","","1782","2026-04-28T11:22:52.874Z"
"0x26ef8a59e5e7a66f1bb0c4e48c7af89ce2f527f4","Ethereum / EVM","secp256k1 / ECDSA","NO","0","","","","","933","2026-04-28T11:22:52.874Z"
"0x270a28b36e8a6e415f658ff281949bd0de428b94","Ethereum / EVM","secp256k1 / ECDSA","NO","0","","","","","1162","2026-04-28T11:22:52.874Z"
"0x270ea9baa82f7a083d5bdb46371d4c02ade69938","Ethereum / EVM","secp256k1 / ECDSA","NO","0","","","","","1642","2026-04-28T11:23:02.687Z"
"0x2715c4f9e762b46c44ae93012ebbd7fb3666e202","Ethereum / EVM","secp256k1 / ECDSA","NO","0","","","","","2795","2026-04-28T11:23:02.687Z"
"0x271877a4eb97cbf2742ce15dcd980778cab181e5","Ethereum / EVM","secp256k1 / ECDSA","NO","0","","","","","1254","2026-04-28T11:23:02.687Z"
"0x27277317714f5ef78fd9773b7884be45afea9874","Ethereum / EVM","secp256k1 / ECDSA","NO","0","","","","","1247","2026-04-28T11:23:09.014Z"
"0x272b1cf7c5ce00f8d5a2777c3ba6bd58cb329e98","Ethereum / EVM","secp256k1 / ECDSA","NO","0","","","","","1181","2026-04-28T11:23:09.014Z"
"0x27322a4c40b03402e4e01768ffe845c46ecb4a0e","Ethereum / EVM","secp256k1 / ECDSA","NO","0","","","","","1589","2026-04-28T11:23:09.014Z"
"0x273a4db9f7cb388ec216df8c347f0529b22f4bd8","Ethereum / EVM","secp256k1 / ECDSA","NO","0","","","","","902","2026-04-28T11:23:14.468Z"
"0x2744861accb5bd435017c1cfee789b6ebab42082","Ethereum / EVM","secp256k1 / ECDSA","NO","0","","","","","398","2026-04-28T11:23:14.468Z"
"0x2744ae359c4ebac49b6696becefdb39f738aaa3e","Ethereum / EVM","secp256k1 / ECDSA","NO","0","","","","","170","2026-04-28T11:23:14.468Z"
"0x2744dfd9898f0babbc570cc594bbbc84b487a22b","Ethereum / EVM","secp256k1 / ECDSA","NO","0","","","","","475","2026-04-28T11:23:23.801Z"
"0x274528056c1d767d43d6ee39fe6236f3059e99b8","Ethereum / EVM","secp256k1 / ECDSA","NO","0","","","","","1235","2026-04-28T11:23:23.801Z"
"0x274b2552fa683d3f62912d4ca39168c88db75275","Ethereum / EVM","secp256k1 / ECDSA","NO","0","","","","","1093","2026-04-28T11:23:23.801Z"
"0x27545eb2be12eaf146caab5f2436fc933afa57a5","Ethereum / EVM","secp256k1 / ECDSA","NO","0","","","","","3374","2026-04-28T11:23:33.570Z"
"0x398dbf144eeb42818ef00cb8f11f3fabe87adfb0","Ethereum / EVM","secp256k1 / ECDSA","NO","0","","","","","1931","2026-04-28T15:18:08.003Z"
"0x3998e9ec5c5805cf54c053ba40eaadbc31cf81b2","Ethereum / EVM","secp256k1 / ECDSA","NO","0","","","","","1335","2026-04-28T15:18:08.003Z"
"0x27777ec2be4258d32134271f1d5d7d1d896aa86d","Ethereum / EVM","secp256k1 / ECDSA","NO","0","","","","","156","2026-04-28T11:23:33.570Z"
"0x2788598bfa9966030370d254b3c3f49971a9874a","Ethereum / EVM","secp256k1 / ECDSA","NO","0","","","","","1040","2026-04-28T11:23:33.570Z"
"0x278b1ca46aacef98626ac8e2a07281bc8a9e7137","Ethereum / EVM","secp256k1 / ECDSA","NO","0","","","","","761","2026-04-28T11:23:47.143Z"
"0x2791bca1f2de4661ed88a30c99a7a9449aa84174","Ethereum / EVM","secp256k1 / ECDSA","NO","0","","","","","281","2026-04-28T11:23:47.143Z"
"0x27c2a5d6257bdf4700bcb3b34c5a8ee367ed68d5","Ethereum / EVM","secp256k1 / ECDSA","NO","0","","","","","9101","2026-04-28T11:23:47.143Z"
"0x27ceb3ee44c9ea042da9fa039e2afaa95a7113ee","Ethereum / EVM","secp256k1 / ECDSA","NO","0","","","","","332","2026-04-28T11:23:55.970Z"
"0x27e0e1c8926817ab949a39cb6baeda408eb43bb9","Ethereum / EVM","secp256k1 / ECDSA","NO","0","","","","","173","2026-04-28T11:23:55.970Z"
"0x27e66df7424f4c94ea13341cf28973751a441a93","Ethereum / EVM","secp256k1 / ECDSA","NO","0","","","","","2465","2026-04-28T11:23:55.970Z"
"0x27e9de897cd83700875fc6844b8d3b86a2bb8bba","Ethereum / EVM","secp256k1 / ECDSA","NO","0","","","","","1084","2026-04-28T11:25:47.566Z"
"0x27f0408729dcc6a4672e1062f5003d2a07e4e10d","Ethereum / EVM","secp256k1 / ECDSA","NO","0","","","","","168","2026-04-28T11:25:47.566Z"
"0x2815c10740f4d738b20fdc13167c865380156623","Ethereum / EVM","secp256k1 / ECDSA","NO","0","","","","","105298","2026-04-28T11:25:47.566Z"
"0x281a055a0da7eede6be06c835959d812624b0669","Ethereum / EVM","secp256k1 / ECDSA","NO","0","","","","","1334","2026-04-28T11:25:55.547Z"
"0x281a55c08e28842a02ae582d9cd118e4d32cc227","Ethereum / EVM","secp256k1 / ECDSA","NO","0","","","","","918","2026-04-28T11:25:55.547Z"
"0x283af0b28c62c092c9727f1ee09c02ca627eb7f5","Ethereum / EVM","secp256k1 / ECDSA","NO","0","","","","","291","2026-04-28T11:25:55.547Z"
"0x28424507fefb6f7f8e9d3860f56504e4e5f5f390","Ethereum / EVM","secp256k1 / ECDSA","NO","0","","","","","375","2026-04-28T11:50:47.736Z"
"0x284344f72b56e6f73094f56bf1236006141731b0","Ethereum / EVM","secp256k1 / ECDSA","NO","0","","","","","1564","2026-04-28T11:50:47.736Z"
"0x285d7fe8d39a46bf7a574787b9883e1ed487d333","Ethereum / EVM","secp256k1 / ECDSA","NO","0","","","","","134503","2026-04-28T11:50:47.736Z"
"0x286ec94440e0ce28aeff10252322b3696176e3c9","Ethereum / EVM","secp256k1 / ECDSA","NO","0","","","","","9237","2026-04-28T11:51:02.909Z"
"0x2873464fda92b0ffd2b638e2824dc045c9c9019e","Ethereum / EVM","secp256k1 / ECDSA","NO","0","","","","","177","2026-04-28T11:51:02.909Z"
"0x288d56f0f2d60cf8b2a0b0d81f51d74319374024","Ethereum / EVM","secp256k1 / ECDSA","NO","0","","","","","1406","2026-04-28T11:51:02.909Z"
"0x289725a07e0fd8ac580f5d9e5f41450a207d33a3","Ethereum / EVM","secp256k1 / ECDSA","NO","0","","","","","858","2026-04-28T11:51:16.046Z"
"0x28a830ab803e7bd4d77274d50a31cb3560ea8b2f","Ethereum / EVM","secp256k1 / ECDSA","NO","0","","","","","6817","2026-04-28T11:51:16.046Z"
"0x28b5a0e9c621a5badaa536219b3a228c8168cf5d","Ethereum / EVM","secp256k1 / ECDSA","NO","0","","","","","283","2026-04-28T11:51:16.046Z"
"0x3ad09aabc9fff246e73eb4f81fff1d9b4115cb1c","Ethereum / EVM","secp256k1 / ECDSA","NO","0","","","","","1171","2026-04-28T15:21:18.443Z"
"0x28b8beeb73690a3f0aa1bec9d93afedcc6984f09","Ethereum / EVM","secp256k1 / ECDSA","NO","0","","","","","746","2026-04-28T11:53:59.143Z"
"0x28c38becc2e29e591c6e0797ffcba1203b418140","Ethereum / EVM","secp256k1 / ECDSA","NO","0","","","","","814","2026-04-28T11:53:59.143Z"
"0x28c6c06298d514db089934071355e5743bf21d60","Ethereum / EVM","secp256k1 / ECDSA","NO","0","","","","","161469","2026-04-28T11:53:59.143Z"
"0x28c6ca73e9ecaf29ecc6f40ab358e15ee6c51d60","Ethereum / EVM","secp256k1 / ECDSA","NO","0","","","","","559","2026-04-28T11:56:52.123Z"
"0x28cc933fecf280e720299b1258e8680355d8841f","Ethereum / EVM","secp256k1 / ECDSA","NO","0","","","","","167255","2026-04-28T11:56:52.123Z"
"0x28e65f2af725b83a4f469c3f9f84a86606bee10f","Ethereum / EVM","secp256k1 / ECDSA","NO","0","","","","","181","2026-04-28T11:56:52.123Z"
"0x28eebb859953ad55c51fc350f1fb7a5161e3e0cb","Ethereum / EVM","secp256k1 / ECDSA","NO","0","","","","","712","2026-04-28T11:57:28.833Z"
"0x28f89a2da8d4e336258d04a04d14b2e2265f2b46","Ethereum / EVM","secp256k1 / ECDSA","NO","0","","","","","27668","2026-04-28T11:57:28.833Z"
"0x290275e3db66394c52272398959845170e4dcb88","Ethereum / EVM","secp256k1 / ECDSA","NO","0","","","","","321","2026-04-28T11:57:28.833Z"
"0x290e475d612bf9c00c12828c7d0ac6f0114bf71b","Ethereum / EVM","secp256k1 / ECDSA","NO","0","","","","","1446","2026-04-28T11:57:35.336Z"
"0x290ed749b0faf48a97ce971907670fe439ba5a4f","Ethereum / EVM","secp256k1 / ECDSA","NO","0","","","","","1008","2026-04-28T11:57:35.336Z"
"0x291b2d37211cdf54f216c6317e38edcaa0cb041b","Ethereum / EVM","secp256k1 / ECDSA","NO","0","","","","","754","2026-04-28T11:57:35.336Z"
"0x291debbc08e3f375e75610dfe2f04c326e7c413c","Ethereum / EVM","secp256k1 / ECDSA","NO","0","","","","","187","2026-04-28T11:57:42.034Z"
"0x29208eb4f28d9294f44c0cc841c295798ec979ba","Ethereum / EVM","secp256k1 / ECDSA","NO","0","","","","","973","2026-04-28T11:57:42.034Z"
"0x292b157e3bbbf964a3b0076e8ad5a7bd64874991","Ethereum / EVM","secp256k1 / ECDSA","NO","0","","","","","747","2026-04-28T11:57:42.034Z"
"0x292b4098f48d964ca7e79bb8f18f6fc584764dc3","Ethereum / EVM","secp256k1 / ECDSA","NO","0","","","","","565","2026-04-28T11:57:55.336Z"
"0x29332d86903c70ec9743b4d2f7d8911eaa2ed4a4","Ethereum / EVM","secp256k1 / ECDSA","NO","0","","","","","5974","2026-04-28T11:57:55.336Z"
"0x293b1cab45644239dab77fbd0b2edbb0c15ce1d3","Ethereum / EVM","secp256k1 / ECDSA","NO","0","","","","","668","2026-04-28T11:57:55.336Z"
"0x294c3c5004d8ed54ca2496de08e9ecd0cad5d6aa","Ethereum / EVM","secp256k1 / ECDSA","NO","0","","","","","75070","2026-04-28T11:59:11.721Z"
"0x2979a350162a73eae3357a622f537160faee381c","Ethereum / EVM","secp256k1 / ECDSA","NO","0","","","","","339","2026-04-28T11:59:11.721Z"
"0x298131a3c0cfc244e1a5e8474d51486447855721","Ethereum / EVM","secp256k1 / ECDSA","NO","0","","","","","172","2026-04-28T11:59:11.721Z"
"0x2982bb64bcd07ac3315c32cb2bb7e5e8a2de7d67","Ethereum / EVM","secp256k1 / ECDSA","NO","0","","","","","169365","2026-04-28T12:25:37.693Z"
"0x298ef219e677407cbc6447ee2fc94ac32fb62a72","Ethereum / EVM","secp256k1 / ECDSA","NO","0","","","","","1026","2026-04-28T12:25:37.693Z"
"0x2990555a8139b4b4bbf8ebcbcf9eccd763727088","Ethereum / EVM","secp256k1 / ECDSA","NO","0","","","","","22835","2026-04-28T12:25:37.693Z"
"0x29a4b4b08a06a78ffe8ac0b9f863a0424ba33978","Ethereum / EVM","secp256k1 / ECDSA","NO","0","","","","","299","2026-04-28T12:25:45.840Z"
"0x29d6b654323dbc25bb6fd574f6926acb34e7d579","Ethereum / EVM","secp256k1 / ECDSA","NO","0","","","","","3853","2026-04-28T12:25:45.840Z"
"0x29e094dac690beb3b99d689a581e87254a070826","Ethereum / EVM","secp256k1 / ECDSA","NO","0","","","","","343","2026-04-28T12:25:45.840Z"
"0x29eaf315fdf67393143d9dcb5625fcc4b005a9d8","Ethereum / EVM","secp256k1 / ECDSA","NO","0","","","","","303","2026-04-28T12:25:50.051Z"
"0x29f9a2ecc415aa6c66e318c20920b42c6efde9a2","Ethereum / EVM","secp256k1 / ECDSA","NO","0","","","","","185","2026-04-28T12:25:50.051Z"
"0x29feda724115d41ce0ec6078b3ade11db0fba988","Ethereum / EVM","secp256k1 / ECDSA","NO","0","","","","","223","2026-04-28T12:25:50.051Z"
"0x2a0efe88be35e32cb96798df9ef990e2430def3e","Ethereum / EVM","secp256k1 / ECDSA","NO","0","","","","","741","2026-04-28T12:26:05.588Z"
"0x2a11e9948039c0b3206567eb23fae7edfac8d2f0","Ethereum / EVM","secp256k1 / ECDSA","NO","0","","","","","7145","2026-04-28T12:26:05.588Z"
"0x2a1530c4c41db0b0b2bb646cb5eb1a67b7158667","Ethereum / EVM","secp256k1 / ECDSA","NO","0","","","","","360","2026-04-28T12:26:05.588Z"
"0x2a324d3c72f862c6c72e65978d869945d1888b52","Ethereum / EVM","secp256k1 / ECDSA","NO","0","","","","","6879","2026-04-28T12:26:22.878Z"
"0x2a35d0be5d7e97315a5b69058fecf70485415fdc","Ethereum / EVM","secp256k1 / ECDSA","NO","0","","","","","1174","2026-04-28T12:26:22.878Z"
"0x2a375322d9932d27352202f933842e873e291e08","Ethereum / EVM","secp256k1 / ECDSA","NO","0","","","","","1480","2026-04-28T12:26:22.878Z"
"0x2a3bff78b79a009976eea096a51a948a3dc00e34","Ethereum / EVM","secp256k1 / ECDSA","NO","0","","","","","355","2026-04-28T12:28:55.473Z"
"0x2a3dd3eb832af982ec71669e178424b10dca2ede","Ethereum / EVM","secp256k1 / ECDSA","NO","0","","","","","371","2026-04-28T12:28:55.473Z"
"0x2a45907f94df93388801ae72fe810eac75926a1d","Ethereum / EVM","secp256k1 / ECDSA","NO","0","","","","","145373","2026-04-28T12:28:55.473Z"
"0x2a4a52d90738d67e06352884c99b80fb44b3c60b","Ethereum / EVM","secp256k1 / ECDSA","NO","0","","","","","2285","2026-04-28T12:29:09.004Z"
"0x2a4f465e86a8e8fa422c2cb279c8ad3412ea84af","Ethereum / EVM","secp256k1 / ECDSA","NO","0","","","","","4255","2026-04-28T12:29:09.004Z"
"0x2bf916f8169ed2a77324d3e168284fc252ae4087","Ethereum / EVM","secp256k1 / ECDSA","NO","0","","","","","827","2026-04-28T12:57:06.863Z"
"0x2c0297795f22ddfa6d1a4827bd1fdca0c56e595b","Ethereum / EVM","secp256k1 / ECDSA","NO","0","","","","","583","2026-04-28T12:57:06.863Z"
"0x2a5c01e213c58a2d43a9f99afa5b854c3dd6f281","Ethereum / EVM","secp256k1 / ECDSA","NO","0","","","","","1116","2026-04-28T12:29:09.004Z"
"0x2a6d844f8b8ce985913087e1d9d8bfd801b341a1","Ethereum / EVM","secp256k1 / ECDSA","NO","0","","","","","1803","2026-04-28T12:29:12.617Z"
"0x2a761b26d7adebb61199f52034a89f8d00e919f4","Ethereum / EVM","secp256k1 / ECDSA","NO","0","","","","","896","2026-04-28T12:29:12.617Z"
"0x2a7e0adb3e6aa02daec71107790b9320e9408f13","Ethereum / EVM","secp256k1 / ECDSA","NO","0","","","","","571","2026-04-28T12:29:12.617Z"
"0x2a8707bfd182092572b9a6168d3c726b5a470a7a","Ethereum / EVM","secp256k1 / ECDSA","NO","0","","","","","2125","2026-04-28T12:29:22.271Z"
"0x2a93b1a2abdc49dd5957bf2581274987d2cdddb6","Ethereum / EVM","secp256k1 / ECDSA","NO","0","","","","","1461","2026-04-28T12:29:22.271Z"
"0x2ab4ca415a4b95a3f75747ca4e05c0c39b8bc04b","Ethereum / EVM","secp256k1 / ECDSA","NO","0","","","","","1338","2026-04-28T12:29:22.271Z"
"0x2ae3f1ec7f1f5012cfeab0185bfc7aa3cf0dec22","Ethereum / EVM","secp256k1 / ECDSA","NO","0","","","","","280","2026-04-28T12:29:27.092Z"
"0x2ae613deb81b8f1f18b8d99150cca0663295c88f","Ethereum / EVM","secp256k1 / ECDSA","NO","0","","","","","884","2026-04-28T12:29:27.092Z"
"0x2ae67b48eaf8bfda4298583f35ef42c51c44c88f","Ethereum / EVM","secp256k1 / ECDSA","NO","0","","","","","580","2026-04-28T12:29:27.092Z"
"0x2aecb58c9731ed6b1438d7ffa4e9e8764ae50de0","Ethereum / EVM","secp256k1 / ECDSA","NO","0","","","","","17397","2026-04-28T12:29:51.882Z"
"0x2af31896671de71105b5f2abb872926772df78f7","Ethereum / EVM","secp256k1 / ECDSA","NO","0","","","","","194","2026-04-28T12:29:51.882Z"
"0x2b143f148fbf6b6325ed4e2d42c86e4d15baa2fb","Ethereum / EVM","secp256k1 / ECDSA","NO","0","","","","","938","2026-04-28T12:29:51.882Z"
"0x2b3fed49557bd88f78b898684f82fbb355305dbb","Ethereum / EVM","secp256k1 / ECDSA","NO","0","","","","","158585","2026-04-28T12:32:37.877Z"
"0x2b4263275f7fa14b3b75af3017f15cd7f531723f","Ethereum / EVM","secp256k1 / ECDSA","NO","0","","","","","1600","2026-04-28T12:32:37.877Z"
"0x2b4ccce034d91bd4b234d840f803b91aae6238c3","Ethereum / EVM","secp256k1 / ECDSA","NO","0","","","","","307","2026-04-28T12:32:37.877Z"
"0x2b591e99afe9f32eaa6214f7b7629768c40eeb39","Ethereum / EVM","secp256k1 / ECDSA","NO","0","","","","","394","2026-04-28T12:32:48.597Z"
"0x2b6093689a56466516ba45ab28b95005c2d3e312","Ethereum / EVM","secp256k1 / ECDSA","NO","0","","","","","1534","2026-04-28T12:32:48.597Z"
"0x2b6a8956fd00ba7189cfc0f70157d986528098fa","Ethereum / EVM","secp256k1 / ECDSA","NO","0","","","","","1315","2026-04-28T12:32:48.597Z"
"0x2b7ba1c5cfed77d50dd98407c516d05d85be620d","Ethereum / EVM","secp256k1 / ECDSA","NO","0","","","","","1762","2026-04-28T12:57:02.248Z"
"0x2b96fc56f42ab494eb6a45d310ac9a0fc7f94c1c","Ethereum / EVM","secp256k1 / ECDSA","NO","0","","","","","764","2026-04-28T12:57:02.248Z"
"0x2bb25175d9b0f8965780209eb558cc3b56ca6d32","Ethereum / EVM","secp256k1 / ECDSA","NO","0","","","","","352","2026-04-28T12:57:02.248Z"
"0x2beab1284981c5b8502f6de6b18d0a4465fe88df","Ethereum / EVM","secp256k1 / ECDSA","NO","0","","","","","1249","2026-04-28T12:57:06.863Z"
"0x3012e1b84d849bdd8e51eb812a02d1243c90014f","Ethereum / EVM","secp256k1 / ECDSA","NO","0","","","","","3777","2026-04-28T13:12:12.531Z"
"0x2c0835bbd96a78f7e023ec93ad00e8db94c0d5ea","Ethereum / EVM","secp256k1 / ECDSA","NO","0","","","","","686","2026-04-28T12:57:22.428Z"
"0x2c178b5440e7684cc689c0cb10f8e5ee498ee02b","Ethereum / EVM","secp256k1 / ECDSA","NO","0","","","","","800","2026-04-28T12:57:22.428Z"
"0x2c39e33c42533b7c805c9ffada187c74c5eddef4","Ethereum / EVM","secp256k1 / ECDSA","NO","0","","","","","8735","2026-04-28T12:57:22.428Z"
"0x2c39f8b158a232749cffea52d55ab895cfffce7c","Ethereum / EVM","secp256k1 / ECDSA","NO","0","","","","","337","2026-04-28T12:57:35.932Z"
"0x2c3fd96aaef77e2cc6643cbefcbf3e967af35a3f","Ethereum / EVM","secp256k1 / ECDSA","NO","0","","","","","1603","2026-04-28T12:57:35.932Z"
"0x2c4e64b0634ba812253f4b5b0e5f1409cb99a8df","Ethereum / EVM","secp256k1 / ECDSA","NO","0","","","","","5784","2026-04-28T12:57:35.932Z"
"0x2c6bcf4c0fd47803d890d13ceab0b3b7e79cb3d2","Ethereum / EVM","secp256k1 / ECDSA","NO","0","","","","","1060","2026-04-28T12:57:38.886Z"
"0x2c7ddc760402360581c7695d44608b3a480bdc05","Ethereum / EVM","secp256k1 / ECDSA","NO","0","","","","","1473","2026-04-28T12:57:38.886Z"
"0x2c852d3334188be136bfc540ef2bb8c37b590bad","Ethereum / EVM","secp256k1 / ECDSA","NO","0","","","","","146","2026-04-28T12:57:38.886Z"
"0x2c89bbc92bd86f8075d1decc58c7f4e0107f286b","Ethereum / EVM","secp256k1 / ECDSA","NO","0","","","","","728","2026-04-28T12:58:00.890Z"
"0x2c8fbb630289363ac80705a1a61273f76fd5a161","Ethereum / EVM","secp256k1 / ECDSA","NO","0","","","","","14408","2026-04-28T12:58:00.890Z"
"0x2ca0734664f6fc53df9fff714c668424666eda1c","Ethereum / EVM","secp256k1 / ECDSA","NO","0","","","","","1545","2026-04-28T12:58:00.890Z"
"0x2cc8d5e64c008f26db42848057519a06191d6f2f","Ethereum / EVM","secp256k1 / ECDSA","NO","0","","","","","741","2026-04-28T12:58:10.534Z"
"0x2cc8d82fab55da5a35226c8944b54f10977d6f2f","Ethereum / EVM","secp256k1 / ECDSA","NO","0","","","","","724","2026-04-28T12:58:10.534Z"
"0x2cd0c46dd6798f4ad4566fa844caf511bbc70cbd","Ethereum / EVM","secp256k1 / ECDSA","NO","0","","","","","859","2026-04-28T12:58:10.534Z"
"0x2cd21f805e6f0ecccb5ecb04a4c84577bf44d1f2","Ethereum / EVM","secp256k1 / ECDSA","NO","0","","","","","1234","2026-04-28T12:58:19.240Z"
"0x2cdb71de2320be60f7faf89a5afec2c938d873d3","Ethereum / EVM","secp256k1 / ECDSA","NO","0","","","","","1505","2026-04-28T12:58:19.240Z"
"0x2cfa739779a17046ceee9324dae9d706a8e092b1","Ethereum / EVM","secp256k1 / ECDSA","NO","0","","","","","291","2026-04-28T12:58:19.240Z"
"0x2cff890f0378a11913b6129b2e97417a2c302680","Ethereum / EVM","secp256k1 / ECDSA","NO","0","","","","","140777","2026-04-28T13:00:45.413Z"
"0x2d28d016f610d05d7548f02a0bf0eb2ea87c0ea6","Ethereum / EVM","secp256k1 / ECDSA","NO","0","","","","","200","2026-04-28T13:00:45.413Z"
"0x2d28ddd6f70bea7205c5b4b963a2a0f831c80ea6","Ethereum / EVM","secp256k1 / ECDSA","NO","0","","","","","197","2026-04-28T13:00:45.413Z"
"0x2d6041608b45db9cda3e3a1b832823bcd8c02bcb","Ethereum / EVM","secp256k1 / ECDSA","NO","0","","","","","1917","2026-04-28T13:00:51.077Z"
"0x316fb96cbe2fb52dbe679d75b928fcfad858241b","Ethereum / EVM","secp256k1 / ECDSA","NO","0","","","","","132261","2026-04-28T14:09:13.091Z"
"0x2d623999f3b13cb242ae861fe5713d13585586f6","Ethereum / EVM","secp256k1 / ECDSA","NO","0","","","","","174","2026-04-28T13:00:51.077Z"
"0x2d63671d065c8a0170f5c7b6df64ab4120217bbf","Ethereum / EVM","secp256k1 / ECDSA","NO","0","","","","","772","2026-04-28T13:00:51.077Z"
"0x2d6a05a1aae49e7f4a9a9cd1d469c8fb4042cf2d","Ethereum / EVM","secp256k1 / ECDSA","NO","0","","","","","1952","2026-04-28T13:00:59.548Z"
"0x2d6f0bd19b37e98152794b37f1c4eb8be41f8102","Ethereum / EVM","secp256k1 / ECDSA","NO","0","","","","","275","2026-04-28T13:00:59.548Z"
"0x2d6faee23eed91169ba7099ea629ac983526d49b","Ethereum / EVM","secp256k1 / ECDSA","NO","0","","","","","1105","2026-04-28T13:00:59.548Z"
"0x2d6fd1181c400fb41511d80f1d2541a17696f6d1","Ethereum / EVM","secp256k1 / ECDSA","NO","0","","","","","839","2026-04-28T13:03:53.419Z"
"0x2d7b280792c2288348080a6a5cf3f12cc2de77f8","Ethereum / EVM","secp256k1 / ECDSA","NO","0","","","","","161","2026-04-28T13:03:53.419Z"
"0x2d880ccc788aaa6dbdeaad3b585f8c533c6be54c","Ethereum / EVM","secp256k1 / ECDSA","NO","0","","","","","168175","2026-04-28T13:03:53.419Z"
"0x2d88e511174fc6b3b8a46b5357ae201a577ae54c","Ethereum / EVM","secp256k1 / ECDSA","NO","0","","","","","312","2026-04-28T13:04:03.322Z"
"0x2d94c51bd1f9951f825bdd8d06f634e813dae7b3","Ethereum / EVM","secp256k1 / ECDSA","NO","0","","","","","1565","2026-04-28T13:04:03.322Z"
"0x2daf7a8fed2fc0b50fbc3130c3f7dc313b02d90a","Ethereum / EVM","secp256k1 / ECDSA","NO","0","","","","","1226","2026-04-28T13:04:03.322Z"
"0x2db16b8c970ecb14bc79c4d032a940ff10057968","Ethereum / EVM","secp256k1 / ECDSA","NO","0","","","","","1132","2026-04-28T13:04:10.264Z"
"0x2de3b9aeb7b69c78ad29690b4a23dea4382b6a12","Ethereum / EVM","secp256k1 / ECDSA","NO","0","","","","","152","2026-04-28T13:04:10.264Z"
"0x2de8884528e7977a85dfcc4319bc850aaad27a12","Ethereum / EVM","secp256k1 / ECDSA","NO","0","","","","","762","2026-04-28T13:04:10.264Z"
"0x2Df1c51E09aECF9cacB7bc98cB1742757f163dF7","Ethereum / EVM","secp256k1 / ECDSA","NO","0","","","","","441","2026-04-28T13:04:19.001Z"
"0x2df5b449007e4386e4b04ce5d854801d260d2405","Ethereum / EVM","secp256k1 / ECDSA","NO","0","","","","","642","2026-04-28T13:04:19.001Z"
"0x2dfe26fc6f315a1fb220996575612ed4425aeafe","Ethereum / EVM","secp256k1 / ECDSA","NO","0","","","","","1699","2026-04-28T13:04:19.001Z"
"0x2e1805d0dcab9c3bbd8cc1f4c186f7bddb18b508","Ethereum / EVM","secp256k1 / ECDSA","NO","0","","","","","1264","2026-04-28T13:04:39.837Z"
"0x2e213ed3c8c03f0eb322af8659821167a962541e","Ethereum / EVM","secp256k1 / ECDSA","NO","0","","","","","13800","2026-04-28T13:04:39.837Z"
"0x317ad00e5d629a33e09239ddd356f3c48fcb4343","Ethereum / EVM","secp256k1 / ECDSA","NO","0","","","","","1448","2026-04-28T14:09:13.091Z"
"0x2e44b685ccf1288296b198222e34524a9b4ad37a","Ethereum / EVM","secp256k1 / ECDSA","NO","0","","","","","551","2026-04-28T13:04:39.837Z"
"0x2e48ec0bb013e7fdbf319e1a2795035204954b0f","Ethereum / EVM","secp256k1 / ECDSA","NO","0","","","","","1861","2026-04-28T13:04:44.904Z"
"0x2e51398c64bb9c234d5fce82211fa425c71a9cfd","Ethereum / EVM","secp256k1 / ECDSA","NO","0","","","","","1003","2026-04-28T13:04:44.904Z"
"0x2e55ca844761842f009fd2a47b683c78d6705ced","Ethereum / EVM","secp256k1 / ECDSA","NO","0","","","","","1820","2026-04-28T13:04:44.904Z"
"0x2e62a39aa8932f4608a43df81bf77f6d5aa8dc14","Ethereum / EVM","secp256k1 / ECDSA","NO","0","","","","","901","2026-04-28T13:04:50.691Z"
"0x2e62b632e4ebb55cc1d7ff961c7663ca4ce269a1","Ethereum / EVM","secp256k1 / ECDSA","NO","0","","","","","544","2026-04-28T13:04:50.691Z"
"0x2e72f15c00502d7d601c22b717bde550e1d6055e","Ethereum / EVM","secp256k1 / ECDSA","NO","0","","","","","1027","2026-04-28T13:04:50.691Z"
"0x2e91ae5215eba0a38829e93e76d2f1c3f72bc01a","Ethereum / EVM","secp256k1 / ECDSA","NO","0","","","","","316","2026-04-28T13:05:00.525Z"
"0x2e99af4277d9fe7355291e6f90fb5a4f82f27696","Ethereum / EVM","secp256k1 / ECDSA","NO","0","","","","","3814","2026-04-28T13:05:00.525Z"
"0x2e9f5ffd2619d1d0b3efd5deba3897d63e159390","Ethereum / EVM","secp256k1 / ECDSA","NO","0","","","","","175","2026-04-28T13:05:00.525Z"
"0x2e9f68a97d73397d5e9f657cd6dda622a7519390","Ethereum / EVM","secp256k1 / ECDSA","NO","0","","","","","157","2026-04-28T13:05:05.520Z"
"0x2e9f9d57b9370693cec754d1ed5445e7dc919390","Ethereum / EVM","secp256k1 / ECDSA","NO","0","","","","","354","2026-04-28T13:05:05.520Z"
"0x2ea5d9c734ac06d639d3e4b70ae4c1e163b48555","Ethereum / EVM","secp256k1 / ECDSA","NO","0","","","","","790","2026-04-28T13:05:05.520Z"
"0x2ea8acdd32b06124681f27a8361bb584f25e70cb","Ethereum / EVM","secp256k1 / ECDSA","NO","0","","","","","5117","2026-04-28T13:05:20.019Z"
"0x2eb2111fd4a52cdaa018a43952ac59d4a3bcd494","Ethereum / EVM","secp256k1 / ECDSA","NO","0","","","","","537","2026-04-28T13:05:20.019Z"
"0x2ed58190d85cbad9d16af984e64ed2c03d2e08e4","Ethereum / EVM","secp256k1 / ECDSA","NO","0","","","","","2143","2026-04-28T13:05:20.019Z"
"0x2ed6c4b5da6378c7897ac67ba9e43102feb694ee","Ethereum / EVM","secp256k1 / ECDSA","NO","0","","","","","303","2026-04-28T13:05:34.184Z"
"0x2ee3c631021808ca40fcebc65e5b556e7c34b4ab","Ethereum / EVM","secp256k1 / ECDSA","NO","0","","","","","715","2026-04-28T13:05:34.184Z"
"0x2ef46b73484b81e36076b18511da096d1a0677cf","Ethereum / EVM","secp256k1 / ECDSA","NO","0","","","","","4944","2026-04-28T13:05:34.184Z"
"0x2efb50e952580f4ff32d8d2122853432bbf2e204","Ethereum / EVM","secp256k1 / ECDSA","NO","0","","","","","168814","2026-04-28T13:08:26.534Z"
"0x30161d4b704bb94c24f703bc8f581db98e2ec1a2","Ethereum / EVM","secp256k1 / ECDSA","NO","0","","","","","769","2026-04-28T13:12:20.091Z"
"0x2f03ae228fbffd12a5454a67782b085d32b608d4","Ethereum / EVM","secp256k1 / ECDSA","NO","0","","","","","709","2026-04-28T13:08:26.534Z"
"0x2f3ab8ff34126bf53c588e21a04ea73201bc7c10","Ethereum / EVM","secp256k1 / ECDSA","NO","0","","","","","761","2026-04-28T13:08:26.534Z"
"0x2f4910867872463fb3b6a57269483cb361c440e7","Ethereum / EVM","secp256k1 / ECDSA","NO","0","","","","","1353","2026-04-28T13:08:38.897Z"
"0x2f5963db3d49c4850a64cc5cdfebf9f725887206","Ethereum / EVM","secp256k1 / ECDSA","NO","0","","","","","1900","2026-04-28T13:08:38.897Z"
"0x2f67f6d2ea5616b326d36689fff77c453fd0daef","Ethereum / EVM","secp256k1 / ECDSA","NO","0","","","","","3413","2026-04-28T13:08:38.897Z"
"0x2f71447491432205363aa37d234e7883e9452776","Ethereum / EVM","secp256k1 / ECDSA","NO","0","","","","","633","2026-04-28T13:08:43.063Z"
"0x2f8577c02de9aa326e5098fe904f2135bad75583","Ethereum / EVM","secp256k1 / ECDSA","NO","0","","","","","1563","2026-04-28T13:08:43.063Z"
"0x2f88a63373c6d9fb3bede11d14962edf85b94615","Ethereum / EVM","secp256k1 / ECDSA","NO","0","","","","","635","2026-04-28T13:08:43.063Z"
"0x2f9c8f26baa5f2ef59b80dd33d4d03b06f892936","Ethereum / EVM","secp256k1 / ECDSA","NO","0","","","","","1405","2026-04-28T13:11:37.222Z"
"0x2faf487a4414fe77e2327f0bf4ae2a264a776ad2","Ethereum / EVM","secp256k1 / ECDSA","NO","0","","","","","166715","2026-04-28T13:11:37.222Z"
"0x2fb020fcf9a7c3c2f23814cbc6ccc6e7782d41a4","Ethereum / EVM","secp256k1 / ECDSA","NO","0","","","","","838","2026-04-28T13:11:37.222Z"
"0x2fb059960a521867fc84717f61c9b11937b341a4","Ethereum / EVM","secp256k1 / ECDSA","NO","0","","","","","710","2026-04-28T13:11:46.664Z"
"0x2fb077e082ab5ecfc1d5ea878aaca237782d41a4","Ethereum / EVM","secp256k1 / ECDSA","NO","0","","","","","681","2026-04-28T13:11:46.664Z"
"0x2fb078154e9b5e0b5c9d4005eb280f37782d41a4","Ethereum / EVM","secp256k1 / ECDSA","NO","0","","","","","1037","2026-04-28T13:11:46.664Z"
"0x2fb0cff6ebe4c0314260c3dab0924e2c269041a4","Ethereum / EVM","secp256k1 / ECDSA","NO","0","","","","","175","2026-04-28T13:11:54.219Z"
"0x2fb0f1596689aaaf50e9736d8ba4cb07782d41a4","Ethereum / EVM","secp256k1 / ECDSA","NO","0","","","","","1658","2026-04-28T13:11:54.219Z"
"0x2fb613ba8a53c375a10c90463ef2f45b063fa9be","Ethereum / EVM","secp256k1 / ECDSA","NO","0","","","","","150","2026-04-28T13:11:54.219Z"
"0x2fbea8d5ac622ae4b2e8a1ce6d89c264f533e488","Ethereum / EVM","secp256k1 / ECDSA","NO","0","","","","","2956","2026-04-28T13:12:05.745Z"
"0x2fd5d1599a147ad7303b8543f27077c7f1f7e95d","Ethereum / EVM","secp256k1 / ECDSA","NO","0","","","","","1106","2026-04-28T13:12:05.745Z"
"0x2fe0b8b0706d357bd29861958acc4d4374354191","Ethereum / EVM","secp256k1 / ECDSA","NO","0","","","","","1446","2026-04-28T13:12:05.745Z"
"0x3004b827c8b82a5e07551191f9e09bada6f2e94d","Ethereum / EVM","secp256k1 / ECDSA","NO","0","","","","","151","2026-04-28T13:12:12.531Z"
"0x300786a907a466611c3ddbc5b0cba43c566deb80","Ethereum / EVM","secp256k1 / ECDSA","NO","0","","","","","367","2026-04-28T13:12:12.531Z"
"0x301d9bc22d66f7bc49329a9d9eb16d3ecc4a12b4","Ethereum / EVM","secp256k1 / ECDSA","NO","0","","","","","339","2026-04-28T13:12:20.091Z"
"0x3022f2f353f036fe67d268bd1f31b4c492e97a9c","Ethereum / EVM","secp256k1 / ECDSA","NO","0","","","","","2746","2026-04-28T13:12:20.091Z"
"0x30273fe97daa77d2345645982797c4cf9d1ba111","Ethereum / EVM","secp256k1 / ECDSA","NO","0","","","","","180957","2026-04-28T13:15:47.078Z"
"0x3055e6564a3a436499389ff25bc3054f60738fc2","Ethereum / EVM","secp256k1 / ECDSA","NO","0","","","","","21456","2026-04-28T13:15:47.078Z"
"0x30656b852588e44d35a594685b0c03f9095730cc","Ethereum / EVM","secp256k1 / ECDSA","NO","0","","","","","380","2026-04-28T13:15:47.078Z"
"0x307576dd4f73f91bb8c4a2edb762938e8e067d31","Ethereum / EVM","secp256k1 / ECDSA","NO","0","","","","","140766","2026-04-28T13:41:01.575Z"
"0x3090e4ce5492109892048e4586f237e1bb172fd3","Ethereum / EVM","secp256k1 / ECDSA","NO","0","","","","","5104","2026-04-28T13:41:01.575Z"
"0x3098cfaaba3795ab98dc2d5066ec4d2584ae7c68","Ethereum / EVM","secp256k1 / ECDSA","NO","0","","","","","746","2026-04-28T13:41:01.575Z"
"0x309b4c3c8ca6bda65c6613e9c892c8eaa9cb7c5a","Ethereum / EVM","secp256k1 / ECDSA","NO","0","","","","","902","2026-04-28T13:41:10.839Z"
"0x309ff46e3d49c04b11e63071f7f83ffd111be056","Ethereum / EVM","secp256k1 / ECDSA","NO","0","","","","","1448","2026-04-28T13:41:10.839Z"
"0x30a5e88eebc55985a6edba5b29119492964fec24","Ethereum / EVM","secp256k1 / ECDSA","NO","0","","","","","4722","2026-04-28T13:41:10.839Z"
"0x30bea2d8e50bcc912f8861149156c62864cd2c5a","Ethereum / EVM","secp256k1 / ECDSA","NO","0","","","","","283","2026-04-28T13:41:13.142Z"
"0x30c8d4b5c2125c5f52394a0e919ecc211eb4fda9","Ethereum / EVM","secp256k1 / ECDSA","NO","0","","","","","291","2026-04-28T13:41:13.142Z"
"0x30cef4ac3857c2a7a7f4872607c72678c574ada9","Ethereum / EVM","secp256k1 / ECDSA","NO","0","","","","","804","2026-04-28T13:41:13.142Z"
"0x30d2068b2e6115aedefe4d9c6dcaeaeee4712fbc","Ethereum / EVM","secp256k1 / ECDSA","NO","0","","","","","1882","2026-04-28T13:42:33.244Z"
"0x30d215c4df018eb5d927e7586fb122a115dadc56","Ethereum / EVM","secp256k1 / ECDSA","NO","0","","","","","69974","2026-04-28T13:42:33.244Z"
"0x30d2bca447517809c0c8a72078e7db1c7945a6d7","Ethereum / EVM","secp256k1 / ECDSA","NO","0","","","","","1611","2026-04-28T13:42:33.244Z"
"0x30e3ecc1135824060a96e2c93351048fe0685592","Ethereum / EVM","secp256k1 / ECDSA","NO","0","","","","","28625","2026-04-28T13:45:37.138Z"
"0x30e84f627ebc336eee72cd720a837e6f75d865d5","Ethereum / EVM","secp256k1 / ECDSA","NO","0","","","","","148041","2026-04-28T13:45:37.138Z"
"0x30f0f67904686442feb2dd3430d0d5203c494b87","Ethereum / EVM","secp256k1 / ECDSA","NO","0","","","","","679","2026-04-28T13:45:37.138Z"
"0x30f2864e7bf6e89a3955217c78c8689594228940","Ethereum / EVM","secp256k1 / ECDSA","NO","0","","","","","153486","2026-04-28T13:48:20.212Z"
"0x30f327613865bbb34446067aa728944b1df58940","Ethereum / EVM","secp256k1 / ECDSA","NO","0","","","","","1976","2026-04-28T13:48:20.212Z"
"0x30f525c3db49839d8832757217ef3a22585f886d","Ethereum / EVM","secp256k1 / ECDSA","NO","0","","","","","959","2026-04-28T13:48:20.212Z"
"0x31083a78e11b18e450fd139f9abea98cd53181b7","Ethereum / EVM","secp256k1 / ECDSA","NO","0","","","","","540","2026-04-28T13:48:31.896Z"
"0x31113e6cdf47794414ad796654c8b93588c2521b","Ethereum / EVM","secp256k1 / ECDSA","NO","0","","","","","6587","2026-04-28T13:48:31.896Z"
"0x311ddb0ab826c0dc8b011febb1d86d7d98779827","Ethereum / EVM","secp256k1 / ECDSA","NO","0","","","","","993","2026-04-28T13:48:31.896Z"
"0x313d1553cda833c976c24ee7f5fe8fdb9cb3f324","Ethereum / EVM","secp256k1 / ECDSA","NO","0","","","","","557","2026-04-28T13:48:40.942Z"
"0x3154cf16ccdb4c6d922629664174b904d80f2c35","Ethereum / EVM","secp256k1 / ECDSA","NO","0","","","","","318","2026-04-28T13:48:40.942Z"
"0x3155acd9f75915fcc21d34035f440da7040bd3ba","Ethereum / EVM","secp256k1 / ECDSA","NO","0","","","","","292","2026-04-28T13:48:40.942Z"
"0x315a54577676e9a694e66a98d92677bf290c8db0","Ethereum / EVM","secp256k1 / ECDSA","NO","0","","","","","6809","2026-04-28T14:09:13.091Z"
"0x318019e2375c3684361ec76a51c1054703dee14a","Ethereum / EVM","secp256k1 / ECDSA","NO","0","","","","","767","2026-04-28T14:09:23.773Z"
"0x3180b94b82643efcb1bfe70267d0b55f30e7a14a","Ethereum / EVM","secp256k1 / ECDSA","NO","0","","","","","265","2026-04-28T14:09:23.773Z"
"0x3187e1bb77afb86f27453fb598de7612fdcbeb8f","Ethereum / EVM","secp256k1 / ECDSA","NO","0","","","","","1319","2026-04-28T14:09:23.773Z"
"0x318cfa822bf38d9a9fd5be06db956bc9f07bcc11","Ethereum / EVM","secp256k1 / ECDSA","NO","0","","","","","859","2026-04-28T14:09:33.306Z"
"0x3193af5170d0ef79a8d887380c17f6832980d255","Ethereum / EVM","secp256k1 / ECDSA","NO","0","","","","","2349","2026-04-28T14:09:33.306Z"
"0x3197689e4df8cfd2b486c705acc2e957578aafcf","Ethereum / EVM","secp256k1 / ECDSA","NO","0","","","","","675","2026-04-28T14:09:33.306Z"
"0x31985842d2e8196fcfe0cf4ae4de320314b32cd7","Ethereum / EVM","secp256k1 / ECDSA","NO","0","","","","","1493","2026-04-28T14:09:42.892Z"
"0x319b906b5b8ad6e9b7b02e600a78c5735b6cb7ff","Ethereum / EVM","secp256k1 / ECDSA","NO","0","","","","","3050","2026-04-28T14:09:42.892Z"
"0x31bbafcfa7826be703bca2640e193b8dda1e86ef","Ethereum / EVM","secp256k1 / ECDSA","NO","0","","","","","926","2026-04-28T14:09:42.892Z"
"0x31c25e2fd3e555f578f92fd127ad90a362acdca1","Ethereum / EVM","secp256k1 / ECDSA","NO","0","","","","","169","2026-04-28T14:12:12.474Z"
"0x31e9b3373f2ad5d964cad0fd01332d6550cbbde6","Ethereum / EVM","secp256k1 / ECDSA","NO","0","","","","","144398","2026-04-28T14:12:12.474Z"
"0x31ecc964936dc66a7e7e3fd28c89dc2739ec8ac2","Ethereum / EVM","secp256k1 / ECDSA","NO","0","","","","","2458","2026-04-28T14:12:12.474Z"
"0x31fe0a4751bce830e33ff7506113c5bf45b709ce","Ethereum / EVM","secp256k1 / ECDSA","NO","0","","","","","662","2026-04-28T14:14:26.184Z"
"0x31fe59820f308b1b5b683d9c0b41ff07cdd909ce","Ethereum / EVM","secp256k1 / ECDSA","NO","0","","","","","191","2026-04-28T14:14:26.184Z"
"0x31fe8439f34ed04514288a6f0f19f26c647cd6ad","Ethereum / EVM","secp256k1 / ECDSA","NO","0","","","","","127880","2026-04-28T14:14:26.184Z"
"0x3208210f6b61ba213c66b1ece76660b4c97292ec","Ethereum / EVM","secp256k1 / ECDSA","NO","0","","","","","311","2026-04-28T14:14:46.334Z"
"0x32082b020bdf47b72cfeef1555b868c4c97292ec","Ethereum / EVM","secp256k1 / ECDSA","NO","0","","","","","10925","2026-04-28T14:14:46.334Z"
"0x3231020c23698d01e92e1c037a78e1e000a781cf","Ethereum / EVM","secp256k1 / ECDSA","NO","0","","","","","1663","2026-04-28T14:14:46.334Z"
"0x32313c7dcd369bc87f149e8fa03709ae339881cf","Ethereum / EVM","secp256k1 / ECDSA","NO","0","","","","","741","2026-04-28T14:14:51.438Z"
"0x34708309ca7f4ac969eef2313019ae70847325f8","Ethereum / EVM","secp256k1 / ECDSA","NO","0","","","","","600","2026-04-28T15:00:19.403Z"
"0x32315860e8ebc26948cfc0c05e5b9288169a81cf","Ethereum / EVM","secp256k1 / ECDSA","NO","0","","","","","968","2026-04-28T14:14:51.438Z"
"0x323173a594864136843dfcfc536fe69000a781cf","Ethereum / EVM","secp256k1 / ECDSA","NO","0","","","","","297","2026-04-28T14:14:51.438Z"
"0x3231ccf61a638d344042a68acce7c674db5a81cf","Ethereum / EVM","secp256k1 / ECDSA","NO","0","","","","","578","2026-04-28T14:15:06.735Z"
"0x323452dd1c52b5e8ba7400b669fdd7bfb32c2577","Ethereum / EVM","secp256k1 / ECDSA","NO","0","","","","","7814","2026-04-28T14:15:06.735Z"
"0x32353a6c91143bfd6c7d363b546e62a9a2489a20","Ethereum / EVM","secp256k1 / ECDSA","NO","0","","","","","910","2026-04-28T14:15:06.735Z"
"0x3242d151322de13be465ed87132aa763933fa57d","Ethereum / EVM","secp256k1 / ECDSA","NO","0","","","","","187","2026-04-28T14:15:28.829Z"
"0x325b8f4d0b471575ba9065e17a1a8f29689687fc","Ethereum / EVM","secp256k1 / ECDSA","NO","0","","","","","5085","2026-04-28T14:15:28.829Z"
"0x3269bf3c4b63784d5233a6737dac2e1656743717","Ethereum / EVM","secp256k1 / ECDSA","NO","0","","","","","10120","2026-04-28T14:15:28.829Z"
"0x3273c5e425f8a325836e3826aadd87177e70caaa","Ethereum / EVM","secp256k1 / ECDSA","NO","0","","","","","5416","2026-04-28T14:15:36.646Z"
"0x327992c71618125ac4ac736fb56452244928bff6","Ethereum / EVM","secp256k1 / ECDSA","NO","0","","","","","958","2026-04-28T14:15:36.646Z"
"0x327ba9bc8a5202619e73e1a442dba6906ba4f196","Ethereum / EVM","secp256k1 / ECDSA","NO","0","","","","","834","2026-04-28T14:15:36.646Z"
"0x328c9417a862df04255c9744af4d59e326063dde","Ethereum / EVM","secp256k1 / ECDSA","NO","0","","","","","21199","2026-04-28T14:16:00.386Z"
"0x32914f2c06160ef20036d537b9d035c26e2ff39e","Ethereum / EVM","secp256k1 / ECDSA","NO","0","","","","","1019","2026-04-28T14:16:00.386Z"
"0x3295ad7a1c26ecf75b24682276938ec0a7a1ef99","Ethereum / EVM","secp256k1 / ECDSA","NO","0","","","","","727","2026-04-28T14:16:00.386Z"
"0x32a59b87352e980dd6ab1baf462696d28e63525d","Ethereum / EVM","secp256k1 / ECDSA","NO","0","","","","","167584","2026-04-28T14:44:12.497Z"
"0x32b94c139a46442dc38bc83d38c29ea46f64e863","Ethereum / EVM","secp256k1 / ECDSA","NO","0","","","","","727","2026-04-28T14:44:12.497Z"
"0x32bc3eec4b2baf07d8dcc30c154a07e4a2bd766b","Ethereum / EVM","secp256k1 / ECDSA","NO","0","","","","","930","2026-04-28T14:44:12.497Z"
"0x32be343b94f860124dc4fee278fdcbd38c102d88","Ethereum / EVM","secp256k1 / ECDSA","NO","0","","","","","147834","2026-04-28T14:46:49.048Z"
"0x32bf1ff1005a572094aa33a5a4d2f9b7c28a4b86","Ethereum / EVM","secp256k1 / ECDSA","NO","0","","","","","3530","2026-04-28T14:46:49.048Z"
"0x32c01220834a5103313a3a2bc31e9e7d8b8e874b","Ethereum / EVM","secp256k1 / ECDSA","NO","0","","","","","1423","2026-04-28T14:46:49.048Z"
"0x32d81d0c34f64a92618c531b3972b12d5f32185f","Ethereum / EVM","secp256k1 / ECDSA","NO","0","","","","","68764","2026-04-28T14:48:07.171Z"
"0x32e6cf7e9fa57e589743e4ba9c94bd10f2f18149","Ethereum / EVM","secp256k1 / ECDSA","NO","0","","","","","733","2026-04-28T14:48:07.171Z"
"0x32ea7c657d11929cde83b9c59a40ff4800174e55","Ethereum / EVM","secp256k1 / ECDSA","NO","0","","","","","1407","2026-04-28T14:48:07.171Z"
"0x330269220de6ca94ad5b9affefd5b10a4a64283f","Ethereum / EVM","secp256k1 / ECDSA","NO","0","","","","","1288","2026-04-28T14:48:10.216Z"
"0x3304e22ddaa22bcdc5fca2269b418046ae7b566a","Ethereum / EVM","secp256k1 / ECDSA","NO","0","","","","","534","2026-04-28T14:48:10.216Z"
"0x347132aa36309948f4f20c48e010a765be2d32f6","Ethereum / EVM","secp256k1 / ECDSA","NO","0","","","","","3226","2026-04-28T15:00:19.403Z"
"0x330eea8ec44e91302c318006ef5b8202adca2d4d","Ethereum / EVM","secp256k1 / ECDSA","NO","0","","","","","147","2026-04-28T14:48:10.216Z"
"0x332306e04b37f8400a313117d5e5add5903cdc08","Ethereum / EVM","secp256k1 / ECDSA","NO","0","","","","","12169","2026-04-28T14:48:30.607Z"
"0x3328f5f2cecaf00a2443082b657cedeaf70bfaef","Ethereum / EVM","secp256k1 / ECDSA","NO","0","","","","","361","2026-04-28T14:48:30.607Z"
"0x33454ca76ba4149f6fb81320c2dd9e91be834f42","Ethereum / EVM","secp256k1 / ECDSA","NO","0","","","","","1820","2026-04-28T14:48:30.607Z"
"0x33487d816238f14d7c97d38ddf7eee6ce2daa2c7","Ethereum / EVM","secp256k1 / ECDSA","NO","0","","","","","1645","2026-04-28T14:51:28.264Z"
"0x33566c9d8be6cf0b23795e0d380e112be9d75836","Ethereum / EVM","secp256k1 / ECDSA","NO","0","","","","","172349","2026-04-28T14:51:28.264Z"
"0x335fdb61190d94ff99e78bbd0fe24d80acd37a77","Ethereum / EVM","secp256k1 / ECDSA","NO","0","","","","","1997","2026-04-28T14:51:28.264Z"
"0x33996a8303c86f18ee1b4ed4c215b548b76cd87e","Ethereum / EVM","secp256k1 / ECDSA","NO","0","","","","","1175","2026-04-28T14:58:56.279Z"
"0x33a64dcdfa041befebc9161a3e0c6180cd94fa89","Ethereum / EVM","secp256k1 / ECDSA","NO","0","","","","","170708","2026-04-28T14:58:56.279Z"
"0x33a72e58f05fff0d4d9a3d21f3e6692bedd86efb","Ethereum / EVM","secp256k1 / ECDSA","NO","0","","","","","2162","2026-04-28T14:58:56.279Z"
"0x33a923e233c419060d3cf52738099d395178872d","Ethereum / EVM","secp256k1 / ECDSA","NO","0","","","","","3209","2026-04-28T14:59:07.203Z"
"0x33b39c78752e89eb6e1631c0b090f042251905d8","Ethereum / EVM","secp256k1 / ECDSA","NO","0","","","","","588","2026-04-28T14:59:07.203Z"
"0x33b41fe18d3a39046ad672f8a0c8c415454f629c","Ethereum / EVM","secp256k1 / ECDSA","NO","0","","","","","401","2026-04-28T14:59:07.203Z"
"0x33d04adcb9f9b84a5e6c82cbdba7d4bcc286f618","Ethereum / EVM","secp256k1 / ECDSA","NO","0","","","","","991","2026-04-28T14:59:34.507Z"
"0x33e7847acc065a1892c8cb2b9a57ba354e48ee00","Ethereum / EVM","secp256k1 / ECDSA","NO","0","","","","","269","2026-04-28T14:59:34.507Z"
"0x33ed613250a36c8dcebcb5b10d900b8e9edb52fb","Ethereum / EVM","secp256k1 / ECDSA","NO","0","","","","","22240","2026-04-28T14:59:34.507Z"
"0x3401ade33e0066f35675a52b7182cc3cf729fc2d","Ethereum / EVM","secp256k1 / ECDSA","NO","0","","","","","1468","2026-04-28T14:59:46.991Z"
"0x3408f9b3f66cea63ba3e76f186039d91d262f823","Ethereum / EVM","secp256k1 / ECDSA","NO","0","","","","","152","2026-04-28T14:59:46.991Z"
"0x34205d71c3e9358f8a1979d4c650f42010c94f82","Ethereum / EVM","secp256k1 / ECDSA","NO","0","","","","","10366","2026-04-28T14:59:46.991Z"
"0x342c6664f140a47e0dcd9db977c0a9bcb9cb5e7a","Ethereum / EVM","secp256k1 / ECDSA","NO","0","","","","","1585","2026-04-28T14:59:53.139Z"
"0x3432b6a60d23ca0dfca7761b7ab56459d9c964d0","Ethereum / EVM","secp256k1 / ECDSA","NO","0","","","","","364","2026-04-28T14:59:53.139Z"
"0x343b7ed1116795576a2b4e33fc8e681b0d42f49a","Ethereum / EVM","secp256k1 / ECDSA","NO","0","","","","","183","2026-04-28T14:59:53.139Z"
"0x343d51fe1e61848717a03fb6c68406a8e04c749a","Ethereum / EVM","secp256k1 / ECDSA","NO","0","","","","","675","2026-04-28T15:00:01.309Z"
"0x343d752bb710c5575e417edb3f9fa06241a4749a","Ethereum / EVM","secp256k1 / ECDSA","NO","0","","","","","356","2026-04-28T15:00:01.309Z"
"0x344014db51f47003a8575a4d415a36291894fa2b","Ethereum / EVM","secp256k1 / ECDSA","NO","0","","","","","1270","2026-04-28T15:00:01.309Z"
"0x34448ac094d5f8f9527d851f0a40a65eb99bd752","Ethereum / EVM","secp256k1 / ECDSA","NO","0","","","","","1136","2026-04-28T15:00:09.535Z"
"0x3445c4d6a696008798df3e40e1624de1469b2247","Ethereum / EVM","secp256k1 / ECDSA","NO","0","","","","","154","2026-04-28T15:00:09.535Z"
"0x344a4bc2377332d8029b5c7467512d7ac77e286e","Ethereum / EVM","secp256k1 / ECDSA","NO","0","","","","","1238","2026-04-28T15:00:09.535Z"
"0x34af2353a34976083cf7a832a45927b4743a537f","Ethereum / EVM","secp256k1 / ECDSA","NO","0","","","","","868","2026-04-28T15:00:25.441Z"
"0x34bc1a470c83669876f97b3e146e90e76d84e0fa","Ethereum / EVM","secp256k1 / ECDSA","NO","0","","","","","1253","2026-04-28T15:00:25.441Z"
"0x34bfb09a09bcd5c2fb4d15ca3ff2c9c0946d40cd","Ethereum / EVM","secp256k1 / ECDSA","NO","0","","","","","311","2026-04-28T15:00:25.441Z"
"0x34dbe6b8b038a3f80a129d8eb9264516a2eca8f6","Ethereum / EVM","secp256k1 / ECDSA","NO","0","","","","","3407","2026-04-28T15:02:04.429Z"
"0x34dea913c91fa354fdada60433a388e6adaf77cc","Ethereum / EVM","secp256k1 / ECDSA","NO","0","","","","","732","2026-04-28T15:02:04.429Z"
"0x34e479b3dbd9f1b05cf9fff3e7bcee2630e403ad","Ethereum / EVM","secp256k1 / ECDSA","NO","0","","","","","89259","2026-04-28T15:02:04.429Z"
"0x34e48ed399efece0226cba8ea1ac3f54d14d03ad","Ethereum / EVM","secp256k1 / ECDSA","NO","0","","","","","730","2026-04-28T15:02:10.414Z"
"0x34f64b5e7fbc9c04fe8f361bd73b5cde5afe28b7","Ethereum / EVM","secp256k1 / ECDSA","NO","0","","","","","813","2026-04-28T15:02:10.414Z"
"0x351b050ae393d5a3668ed90384e41aedb1513c51","Ethereum / EVM","secp256k1 / ECDSA","NO","0","","","","","1857","2026-04-28T15:02:10.414Z"
"0x352e5eee2d9c957710be656534d51fbb3ce074d6","Ethereum / EVM","secp256k1 / ECDSA","NO","0","","","","","331","2026-04-28T15:02:16.886Z"
"0x353b820c27481e80581805caa59988e0e6cbeb89","Ethereum / EVM","secp256k1 / ECDSA","NO","0","","","","","1016","2026-04-28T15:02:16.886Z"
"0x353d3de68ae7d53c4684acfe6d6a9747d4003fd1","Ethereum / EVM","secp256k1 / ECDSA","NO","0","","","","","526","2026-04-28T15:02:16.886Z"
"0x35477cbdbcfd41765494c882d66078a684694e7f","Ethereum / EVM","secp256k1 / ECDSA","NO","0","","","","","1465","2026-04-28T15:02:26.349Z"
"0x354ad27cd2d6ba668f043d4a1e78ef35dadaa6ed","Ethereum / EVM","secp256k1 / ECDSA","NO","0","","","","","918","2026-04-28T15:02:26.349Z"
"0x354d0bdae672d38fa3011f7d31e592f4d750826b","Ethereum / EVM","secp256k1 / ECDSA","NO","0","","","","","952","2026-04-28T15:02:26.349Z"
"0x3554e6d529179a3dfb59fc0a21cf67b1cb2df8d0","Ethereum / EVM","secp256k1 / ECDSA","NO","0","","","","","165706","2026-04-28T15:05:51.711Z"
"0x35562d8f070d21005065011b17a7802561ff0a13","Ethereum / EVM","secp256k1 / ECDSA","NO","0","","","","","1383","2026-04-28T15:05:51.711Z"
"0x355f56d2f1f67ab2b0597bb4b10eee8aa5261b05","Ethereum / EVM","secp256k1 / ECDSA","NO","0","","","","","33579","2026-04-28T15:05:51.711Z"
"0x355fad80328d88a683ee200e9fa1873b07851b05","Ethereum / EVM","secp256k1 / ECDSA","NO","0","","","","","1078","2026-04-28T15:06:04.587Z"
"0x357d51124f59836ded84c8a1730d72b749d8bc23","Ethereum / EVM","secp256k1 / ECDSA","NO","0","","","","","341","2026-04-28T15:06:04.587Z"
"0x357f8327f3bb152aeff9681de401055fc99e21ad","Ethereum / EVM","secp256k1 / ECDSA","NO","0","","","","","4148","2026-04-28T15:06:04.587Z"
"0x3589b0605c3571bb03b04caba8a293f68ead5bc4","Ethereum / EVM","secp256k1 / ECDSA","NO","0","","","","","9673","2026-04-28T15:06:21.079Z"
"0x35b3d76e139b932ae5e739abe4ea405ace86a398","Ethereum / EVM","secp256k1 / ECDSA","NO","0","","","","","3818","2026-04-28T15:06:21.079Z"
"0x35be1ed31bbfde1af550a2ad8d845e617dd53968","Ethereum / EVM","secp256k1 / ECDSA","NO","0","","","","","567","2026-04-28T15:06:21.079Z"
"0x35c0976e9a20f1e09730bab58e577cc38a518df7","Ethereum / EVM","secp256k1 / ECDSA","NO","0","","","","","536","2026-04-28T15:06:28.431Z"
"0x35d173cdfe4d484bc5985fda55fabad5892c7b82","Ethereum / EVM","secp256k1 / ECDSA","NO","0","","","","","391","2026-04-28T15:06:28.431Z"
"0x35e105964ea8449a8bf8dac5f4d46950ce45d414","Ethereum / EVM","secp256k1 / ECDSA","NO","0","","","","","4483","2026-04-28T15:06:28.431Z"
"0x3606f0f14828cbf4962a284a4bff93bc94b63665","Ethereum / EVM","secp256k1 / ECDSA","NO","0","","","","","9240","2026-04-28T15:06:41.847Z"
"0x360db4a5cf2e205af4f061e7761c9a4348864611","Ethereum / EVM","secp256k1 / ECDSA","NO","0","","","","","1287","2026-04-28T15:06:41.847Z"
"0x3b080377dda7e620a4432793be7c008a9d390e92","Ethereum / EVM","secp256k1 / ECDSA","NO","0","","","","","1032","2026-04-28T15:21:18.443Z"
"0x3cff26343e5ade8e002561705ceb1704543e8c3c","Ethereum / EVM","secp256k1 / ECDSA","NO","0","","","","","19076","2026-04-28T15:36:24.528Z"
"0x360e68faccca8ca495c1b759fd9eee466db9fb32","Ethereum / EVM","secp256k1 / ECDSA","NO","0","","","","","298","2026-04-28T15:06:41.847Z"
"0x361a1c6ac8fd376b61bda22ae2a4775739a67458","Ethereum / EVM","secp256k1 / ECDSA","NO","0","","","","","177","2026-04-28T15:06:47.670Z"
"0x361a7b5798ea40d6ebc78cd59d84770739a67458","Ethereum / EVM","secp256k1 / ECDSA","NO","0","","","","","232","2026-04-28T15:06:47.670Z"
"0x361a9cb68ea0b25f43789c1331c2817739a67458","Ethereum / EVM","secp256k1 / ECDSA","NO","0","","","","","240","2026-04-28T15:06:47.670Z"
"0x361ad597f6a0cf86f8ab14234ca17a5739a67458","Ethereum / EVM","secp256k1 / ECDSA","NO","0","","","","","313","2026-04-28T15:06:57.374Z"
"0x3627f59851723120547a159287cecbf33cbe5881","Ethereum / EVM","secp256k1 / ECDSA","NO","0","","","","","648","2026-04-28T15:06:57.374Z"
"0x3628da311bcfa07586f4406fcbc01bbb3720f477","Ethereum / EVM","secp256k1 / ECDSA","NO","0","","","","","1390","2026-04-28T15:06:57.374Z"
"0x362b79ecc81f8ea9d97d43655842b5362166f5aa","Ethereum / EVM","secp256k1 / ECDSA","NO","0","","","","","602","2026-04-28T15:07:08.321Z"
"0x3638cdaeba4e8b3d5d9254168870b97aa50997ab","Ethereum / EVM","secp256k1 / ECDSA","NO","0","","","","","2915","2026-04-28T15:07:08.321Z"
"0x3641274514af436a83a3a6fe89c6f5a4e62bf489","Ethereum / EVM","secp256k1 / ECDSA","NO","0","","","","","1781","2026-04-28T15:07:08.321Z"
"0x365c4004b6c57eef9929153f63e2f061d328297f","Ethereum / EVM","secp256k1 / ECDSA","NO","0","","","","","2440","2026-04-28T15:07:14.310Z"
"0x368d563a3689a354859e1b697bb340ddd46b0834","Ethereum / EVM","secp256k1 / ECDSA","NO","0","","","","","156","2026-04-28T15:07:14.310Z"
"0x36a1db6733be030b5439ca322c4d15b351a885d1","Ethereum / EVM","secp256k1 / ECDSA","NO","0","","","","","689","2026-04-28T15:07:14.310Z"
"0x36baa3f068dd38233f5c51813dd5381523790560","Ethereum / EVM","secp256k1 / ECDSA","NO","0","","","","","1328","2026-04-28T15:07:23.969Z"
"0x36bd115172b9ffa4af2d6b2648d2b1c8a8f1c1d7","Ethereum / EVM","secp256k1 / ECDSA","NO","0","","","","","1048","2026-04-28T15:07:23.969Z"
"0x36bff009d6be63495a35dc719353007df6aecf79","Ethereum / EVM","secp256k1 / ECDSA","NO","0","","","","","2569","2026-04-28T15:07:23.969Z"
"0x36d3fd3a0ff1f3f87d06ff3d30bc911b74329c4c","Ethereum / EVM","secp256k1 / ECDSA","NO","0","","","","","207","2026-04-28T15:07:29.132Z"
"0x36ed12011a56beac822a20fb8655540cb1dc894a","Ethereum / EVM","secp256k1 / ECDSA","NO","0","","","","","1613","2026-04-28T15:07:29.132Z"
"0x3bdb308a81e33343fff6bb11c478abfdd7b93fd1","Ethereum / EVM","secp256k1 / ECDSA","NO","0","","","","","696","2026-04-28T15:28:15.028Z"
"0x44ccac16089d74609b9dfa2d9fb9a707e28dd329","Ethereum / EVM","secp256k1 / ECDSA","NO","0","","","","","99997","2026-04-28T16:11:23.708Z"
"0x36f2cd4bdc98e794934eaea4d267f5890bbe3732","Ethereum / EVM","secp256k1 / ECDSA","NO","0","","","","","288","2026-04-28T15:07:29.132Z"
"0x36f6c0beb7fd9bb6de40f1123487e297d5461fa6","Ethereum / EVM","secp256k1 / ECDSA","NO","0","","","","","1419","2026-04-28T15:07:43.443Z"
"0x36fc2a9afc0667144e868afec17df6d292e70801","Ethereum / EVM","secp256k1 / ECDSA","NO","0","","","","","4735","2026-04-28T15:07:43.443Z"
"0x370172c7870898820ad067f472648c29436199b9","Ethereum / EVM","secp256k1 / ECDSA","NO","0","","","","","2263","2026-04-28T15:07:43.443Z"
"0x3711ac48ad9b5d091fba0cd7abed2a716531a630","Ethereum / EVM","secp256k1 / ECDSA","NO","0","","","","","1341","2026-04-28T15:08:10.726Z"
"0x372c105abb7f98d81b4b56a88de3a50b79b97044","Ethereum / EVM","secp256k1 / ECDSA","NO","0","","","","","592","2026-04-28T15:08:10.726Z"
"0x372f76b4649dc1535176d53908158ec0ac117ff5","Ethereum / EVM","secp256k1 / ECDSA","NO","0","","","","","17764","2026-04-28T15:08:10.726Z"
"0x37722085a8e470f01fdbcf92bf4ce8385b880a74","Ethereum / EVM","secp256k1 / ECDSA","NO","0","","","","","1831","2026-04-28T15:09:43.502Z"
"0x37752a60a937f3fe9ecbf01f8f09845ad4d8c70c","Ethereum / EVM","secp256k1 / ECDSA","NO","0","","","","","19446","2026-04-28T15:09:43.502Z"
"0x377b8ce04761754e8ac153b47805a9cf6b190873","Ethereum / EVM","secp256k1 / ECDSA","NO","0","","","","","67182","2026-04-28T15:09:43.502Z"
"0x378700de4552400effbdad73827379aa205b33b3","Ethereum / EVM","secp256k1 / ECDSA","NO","0","","","","","3669","2026-04-28T15:09:55.742Z"
"0x378cb6133c4d2ed34ec1aa8d0565d9444f571da2","Ethereum / EVM","secp256k1 / ECDSA","NO","0","","","","","732","2026-04-28T15:09:55.742Z"
"0x37a645648df29205c6261289983fb04ecd70b4b3","Ethereum / EVM","secp256k1 / ECDSA","NO","0","","","","","313","2026-04-28T15:09:55.742Z"
"0x37b490a0bf645d8fe4f2398babc04bc916de092c","Ethereum / EVM","secp256k1 / ECDSA","NO","0","","","","","910","2026-04-28T15:10:38.691Z"
"0x37b5f7e191fe080865ff45a68708031ec45ad893","Ethereum / EVM","secp256k1 / ECDSA","NO","0","","","","","302","2026-04-28T15:10:38.691Z"
"0x37c3c6f5738a96041fc79772607c7916e355da2a","Ethereum / EVM","secp256k1 / ECDSA","NO","0","","","","","22515","2026-04-28T15:10:38.691Z"
"0x37ca0511b870357f2bda1a1f804e066de4cf5b38","Ethereum / EVM","secp256k1 / ECDSA","NO","0","","","","","707","2026-04-28T15:10:45.434Z"
"0x37d556bad11ff73229e7724b57ff0510ab811202","Ethereum / EVM","secp256k1 / ECDSA","NO","0","","","","","289","2026-04-28T15:10:45.434Z"
"0x37dabad8ac496148596196fe9adeb54ee3111c78","Ethereum / EVM","secp256k1 / ECDSA","NO","0","","","","","483","2026-04-28T15:10:45.434Z"
"0x37e27175c1759b004e274e4d1eb1beddc7303cc9","Ethereum / EVM","secp256k1 / ECDSA","NO","0","","","","","675","2026-04-28T15:10:54.157Z"
"0x37ea33fc829d90bce2b636bd86f5f4fd7b18606b","Ethereum / EVM","secp256k1 / ECDSA","NO","0","","","","","1209","2026-04-28T15:10:54.157Z"
"0x37eb8097d545e1d2779ea17fe02a2b129899e695","Ethereum / EVM","secp256k1 / ECDSA","NO","0","","","","","317","2026-04-28T15:10:54.157Z"
"0x37f7d71541f20d47d38891023b615f7e1ad57fc0","Ethereum / EVM","secp256k1 / ECDSA","NO","0","","","","","1009","2026-04-28T15:11:04.250Z"
"0x37fd38ee5a1d808a2609c6443f880acb2be7b8b5","Ethereum / EVM","secp256k1 / ECDSA","NO","0","","","","","1941","2026-04-28T15:11:04.250Z"
"0x3801d93df304c058de3b107362e2d3e1addf0060","Ethereum / EVM","secp256k1 / ECDSA","NO","0","","","","","1343","2026-04-28T15:11:04.250Z"
"0x38046716e4494b26b5c18c6760f09862dcf2308b","Ethereum / EVM","secp256k1 / ECDSA","NO","0","","","","","106868","2026-04-28T15:12:57.578Z"
"0x382a9371ce3bb4206eda1cb956d48e3cab504b1f","Ethereum / EVM","secp256k1 / ECDSA","NO","0","","","","","1769","2026-04-28T15:12:57.578Z"
"0x384142ceb6e83e12dcea8399dba6d5996b0d434e","Ethereum / EVM","secp256k1 / ECDSA","NO","0","","","","","953","2026-04-28T15:12:57.578Z"
"0x3845badade8e6dff049820680d1f14bd3903a5d0","Ethereum / EVM","secp256k1 / ECDSA","NO","0","","","","","269","2026-04-28T15:13:01.942Z"
"0x38699d04656ff537ef8671b6b595402ebdbdf6f4","Ethereum / EVM","secp256k1 / ECDSA","NO","0","","","","","411","2026-04-28T15:13:01.942Z"
"0x38752a492f19fb469e1c05f8cc6de9b1f27913f4","Ethereum / EVM","secp256k1 / ECDSA","NO","0","","","","","1303","2026-04-28T15:13:01.942Z"
"0x3878c3f77f967c729c80b7eafc5643c0f49d6406","Ethereum / EVM","secp256k1 / ECDSA","NO","0","","","","","784","2026-04-28T15:13:09.341Z"
"0x388890164213378daae16e963381769a33945db8","Ethereum / EVM","secp256k1 / ECDSA","NO","0","","","","","150","2026-04-28T15:13:09.341Z"
"0x388c818ca8b9251b393131c08a736a67ccb19297","Ethereum / EVM","secp256k1 / ECDSA","NO","0","","","","","445","2026-04-28T15:13:09.341Z"
"0x388f93940b2464b3683e698de27c1e8d4b0a83aa","Ethereum / EVM","secp256k1 / ECDSA","NO","0","","","","","1067","2026-04-28T15:14:45.934Z"
"0x389044f3ac7472060a0618116e3624a5f0f20f28","Ethereum / EVM","secp256k1 / ECDSA","NO","0","","","","","87645","2026-04-28T15:14:45.934Z"
"0x38a9941535364ce4f7f6495f485a5a0dbc8a77d3","Ethereum / EVM","secp256k1 / ECDSA","NO","0","","","","","1236","2026-04-28T15:14:45.934Z"
"0x38cc56879d25ce33b0498c05fa199efe37f56a64","Ethereum / EVM","secp256k1 / ECDSA","NO","0","","","","","369","2026-04-28T15:15:40.332Z"
"0x38ccc68de35eb29f09ef832d45fbf6ed563b6a64","Ethereum / EVM","secp256k1 / ECDSA","NO","0","","","","","39236","2026-04-28T15:15:40.332Z"
"0x38d6bdce2c397d9f519d76d26a70774347852899","Ethereum / EVM","secp256k1 / ECDSA","NO","0","","","","","8754","2026-04-28T15:15:40.332Z"
"0x38f6d5fb32f970fe60924b282704899411126336","Ethereum / EVM","secp256k1 / ECDSA","NO","0","","","","","109294","2026-04-28T15:17:39.806Z"
"0x390e7230804e7559ee04b29386113f2aec697f9c","Ethereum / EVM","secp256k1 / ECDSA","NO","0","","","","","817","2026-04-28T15:17:39.806Z"
"0x3915f86819fcf7f04c6684993696d999b8ad0739","Ethereum / EVM","secp256k1 / ECDSA","NO","0","","","","","1702","2026-04-28T15:17:39.806Z"
"0x391a0e6e36dcffe3b48e504555449674ec888acd","Ethereum / EVM","secp256k1 / ECDSA","NO","0","","","","","1028","2026-04-28T15:17:50.634Z"
"0x3931dab967c3e2dbb492fe12460a66d0fe4cc857","Ethereum / EVM","secp256k1 / ECDSA","NO","0","","","","","426","2026-04-28T15:17:50.634Z"
"0x3934bf6355c41042e17830f656e51240f0642b27","Ethereum / EVM","secp256k1 / ECDSA","NO","0","","","","","1207","2026-04-28T15:17:50.634Z"
"0x395d97850e82ad9850f5b61a8c86599a06b624a7","Ethereum / EVM","secp256k1 / ECDSA","NO","0","","","","","1068","2026-04-28T15:17:58.054Z"
"0x3967313cd732cccec4510045887267819e9f9012","Ethereum / EVM","secp256k1 / ECDSA","NO","0","","","","","731","2026-04-28T15:17:58.054Z"
"0x3980c9ed79d2c191a89e02fa3529c60ed6e9c04b","Ethereum / EVM","secp256k1 / ECDSA","NO","0","","","","","283","2026-04-28T15:17:58.054Z"
"0x398d4a86c647760fa92b3332aa3277001bcab9be","Ethereum / EVM","secp256k1 / ECDSA","NO","0","","","","","764","2026-04-28T15:18:08.003Z"
"0x39a0005415256b9863afe2d55edcf75ecc3a4d7e","Ethereum / EVM","secp256k1 / ECDSA","NO","0","","","","","377","2026-04-28T15:18:13.713Z"
"0x39a1d0f9dbe787a07054b24dd6454c542d5cfd84","Ethereum / EVM","secp256k1 / ECDSA","NO","0","","","","","205","2026-04-28T15:18:13.713Z"
"0x39baa55960f919b68a19a4a935164ae007317899","Ethereum / EVM","secp256k1 / ECDSA","NO","0","","","","","1158","2026-04-28T15:18:13.713Z"
"0x39d5f37a9a210ced378e1b17c1816ad0371932b8","Ethereum / EVM","secp256k1 / ECDSA","NO","0","","","","","1374","2026-04-28T15:18:22.336Z"
"0x39eab7a444993d69997658ee4078b755d3c576e1","Ethereum / EVM","secp256k1 / ECDSA","NO","0","","","","","609","2026-04-28T15:18:22.336Z"
"0x39ef5668eeec3207ae3c6ea7dfbaf329ef1dd74d","Ethereum / EVM","secp256k1 / ECDSA","NO","0","","","","","377","2026-04-28T15:18:22.336Z"
"0x39f6a6c85d39d5abad8a398310c52e7c374f2ba3","Ethereum / EVM","secp256k1 / ECDSA","NO","0","","","","","20002","2026-04-28T15:18:51.271Z"
"0x39fbf6b67ae73aaa37163d9bf246bf9367c81ce9","Ethereum / EVM","secp256k1 / ECDSA","NO","0","","","","","1264","2026-04-28T15:18:51.271Z"
"0x3a1e17215deadd1ee1e530632d4ea8c48ef0dd20","Ethereum / EVM","secp256k1 / ECDSA","NO","0","","","","","2029","2026-04-28T15:18:51.271Z"
"0x3a29fce458fb553a05daca3831b4febb09a17c28","Ethereum / EVM","secp256k1 / ECDSA","NO","0","","","","","946","2026-04-28T15:20:49.407Z"
"0x3a3c006053a9b40286b9951a11be4c5808c11dc8","Ethereum / EVM","secp256k1 / ECDSA","NO","0","","","","","114260","2026-04-28T15:20:49.407Z"
"0x3a43842d4fe35a10259527c18fa6d785bcd65bff","Ethereum / EVM","secp256k1 / ECDSA","NO","0","","","","","2206","2026-04-28T15:20:49.407Z"
"0x3a58a54c066fdc0f2d55fc9c89f0415c92ebf3c4","Ethereum / EVM","secp256k1 / ECDSA","NO","0","","","","","269","2026-04-28T15:21:07.112Z"
"0x3a5cc8689d1b0cef2c317bc5c0ad6ce88b27d597","Ethereum / EVM","secp256k1 / ECDSA","NO","0","","","","","289","2026-04-28T15:21:07.112Z"
"0x3a6a0d7cde96e23e015e521f2774af3ed72fc9bf","Ethereum / EVM","secp256k1 / ECDSA","NO","0","","","","","14561","2026-04-28T15:21:07.112Z"
"0x3ab281cfad326e4e93c16d99ea51cb9db27fb198","Ethereum / EVM","secp256k1 / ECDSA","NO","0","","","","","255","2026-04-28T15:21:08.688Z"
"0x3aca1b103fe6dc6d11eda343b3ff25a6450eebeb","Ethereum / EVM","secp256k1 / ECDSA","NO","0","","","","","304","2026-04-28T15:21:08.688Z"
"0x3aca281b3dd10551d4588f39f982ee9b8dcaebeb","Ethereum / EVM","secp256k1 / ECDSA","NO","0","","","","","147","2026-04-28T15:21:08.688Z"
"0x3b10d974439b7124c1bf124e1764bb3cc59cf04f","Ethereum / EVM","secp256k1 / ECDSA","NO","0","","","","","258","2026-04-28T15:21:18.443Z"
"0x3b170f1be9ff3104ff33dded4ee6fa901b90f71d","Ethereum / EVM","secp256k1 / ECDSA","NO","0","","","","","1033","2026-04-28T15:21:26.120Z"
"0x3b212357baa91bf324e7ce3fb7a9c337ee9f9574","Ethereum / EVM","secp256k1 / ECDSA","NO","0","","","","","948","2026-04-28T15:21:26.120Z"
"0x3b23195a4b38a59c0b02baddfececa127aae3759","Ethereum / EVM","secp256k1 / ECDSA","NO","0","","","","","157","2026-04-28T15:21:26.120Z"
"0x3b3667cfd7df6d100152a2870351790da7f44b51","Ethereum / EVM","secp256k1 / ECDSA","NO","0","","","","","1749","2026-04-28T15:21:34.729Z"
"0x3b3778d2a61da12c568f6d45cb7682151e5871a3","Ethereum / EVM","secp256k1 / ECDSA","NO","0","","","","","682","2026-04-28T15:21:34.729Z"
"0x3b4d794a66304f130a4db8f2551b0070dfcf5ca7","Ethereum / EVM","secp256k1 / ECDSA","NO","0","","","","","316","2026-04-28T15:21:34.729Z"
"0x3b533d8dcd6e64909a4537052d27fb486c7444fa","Ethereum / EVM","secp256k1 / ECDSA","NO","0","","","","","1204","2026-04-28T15:23:50.620Z"
"0x3b580879bb4ee64a3d8e3585a04af2de50d9a20a","Ethereum / EVM","secp256k1 / ECDSA","NO","0","","","","","4734","2026-04-28T15:23:50.620Z"
"0x3b60e3a06af5aa4da178aade658211a0d3f51222","Ethereum / EVM","secp256k1 / ECDSA","NO","0","","","","","124680","2026-04-28T15:23:50.620Z"
"0x3b6aef6cbb657f2edfc314355bcfad89b72a8642","Ethereum / EVM","secp256k1 / ECDSA","NO","0","","","","","3726","2026-04-28T15:25:46.575Z"
"0x3b6dcfde35e53fb7dca8571f23286631b5123c5b","Ethereum / EVM","secp256k1 / ECDSA","NO","0","","","","","106518","2026-04-28T15:25:46.575Z"
"0x3b88be3625e280e560923e0e49d5de6bd939e278","Ethereum / EVM","secp256k1 / ECDSA","NO","0","","","","","325","2026-04-28T15:25:46.575Z"
"0x3b8db18e69d6686ad9371a423afe3dd1065c94f1","Ethereum / EVM","secp256k1 / ECDSA","NO","0","","","","","542","2026-04-28T15:26:04.505Z"
"0x3b8db24171e3b2e233bef31fa2d0c2908b993213","Ethereum / EVM","secp256k1 / ECDSA","NO","0","","","","","307","2026-04-28T15:26:04.505Z"
"0x3ba1be1619e9c93c861a6eb252974274f75b72aa","Ethereum / EVM","secp256k1 / ECDSA","NO","0","","","","","15662","2026-04-28T15:26:04.505Z"
"0x3ba73df7fc68ebb082802eb0b231a5688feeafc5","Ethereum / EVM","secp256k1 / ECDSA","NO","0","","","","","1062","2026-04-28T15:26:14.385Z"
"0x3bcc5675595591da674cb7e7353cb85d6a8b6641","Ethereum / EVM","secp256k1 / ECDSA","NO","0","","","","","521","2026-04-28T15:26:14.385Z"
"0x3bd4c0bba76a0e91a552c921f24340f0422e8278","Ethereum / EVM","secp256k1 / ECDSA","NO","0","","","","","809","2026-04-28T15:26:14.385Z"
"0x3bd534c35857617f2b81178891063c96f31f3fd1","Ethereum / EVM","secp256k1 / ECDSA","NO","0","","","","","734","2026-04-28T15:26:22.240Z"
"0x3bd7c74732a28da561aafb96e0444496b6883fd1","Ethereum / EVM","secp256k1 / ECDSA","NO","0","","","","","631","2026-04-28T15:26:22.240Z"
"0x3bd80ffbb2cb92ae4c4fa93ed6e265c771e43fd1","Ethereum / EVM","secp256k1 / ECDSA","NO","0","","","","","882","2026-04-28T15:26:22.240Z"
"0x3bdb03ad7363152dfbc185ee23ebc93f0cf93fd1","Ethereum / EVM","secp256k1 / ECDSA","NO","0","","","","","106163","2026-04-28T15:28:15.028Z"
"0x3bdb41a7a10757dd0fdf19ca489c7d25db323fd1","Ethereum / EVM","secp256k1 / ECDSA","NO","0","","","","","155","2026-04-28T15:28:15.028Z"
"0x3bdb45eaaca1ae85febdd79c25c4309e70a43fd1","Ethereum / EVM","secp256k1 / ECDSA","NO","0","","","","","347","2026-04-28T15:28:20.754Z"
"0x3bdb4c1385b815a036ff0307b370337caa9c3fd1","Ethereum / EVM","secp256k1 / ECDSA","NO","0","","","","","264","2026-04-28T15:28:20.754Z"
"0x3bdb522cc4ac59e0327444bb8284e1a804723fd1","Ethereum / EVM","secp256k1 / ECDSA","NO","0","","","","","147","2026-04-28T15:28:20.754Z"
"0x3bdb5f995e68bf8dc9538e5b61edd989eecd3fd1","Ethereum / EVM","secp256k1 / ECDSA","NO","0","","","","","784","2026-04-28T15:28:29.917Z"
"0x3bdb61d5c7546c7655accbcbdac69cf9aafe3fd1","Ethereum / EVM","secp256k1 / ECDSA","NO","0","","","","","982","2026-04-28T15:28:29.917Z"
"0x3bdb80d56c080a9cb12d5ae24a0cd8f310353fd1","Ethereum / EVM","secp256k1 / ECDSA","NO","0","","","","","155","2026-04-28T15:28:29.917Z"
"0x3bdb927aacf4bdc97b4cc0e45fedaf66e5fa3fd1","Ethereum / EVM","secp256k1 / ECDSA","NO","0","","","","","182","2026-04-28T15:28:37.931Z"
"0x3bdbc594500ac092b499fbda3f5f2cff35bb3fd1","Ethereum / EVM","secp256k1 / ECDSA","NO","0","","","","","222","2026-04-28T15:28:37.931Z"
"0x3bdbf21cf0f18d94da16bb828b51dce31ec63fd1","Ethereum / EVM","secp256k1 / ECDSA","NO","0","","","","","1530","2026-04-28T15:28:37.931Z"
"0x3bdbf93ddd4430cb3e155290ed54c68cb6c83fd1","Ethereum / EVM","secp256k1 / ECDSA","NO","0","","","","","192","2026-04-28T15:28:54.182Z"
"0x3bdea94c934ec3cf7c31dab183953d5114789eda","Ethereum / EVM","secp256k1 / ECDSA","NO","0","","","","","9241","2026-04-28T15:28:54.182Z"
"0x3be6c1cafae1b0015b5cd2c9a4f744812a04a4b6","Ethereum / EVM","secp256k1 / ECDSA","NO","0","","","","","750","2026-04-28T15:28:54.182Z"
"0x3bee5122e2a2fbe11287aafb0cb918e22abb5436","Ethereum / EVM","secp256k1 / ECDSA","NO","0","","","","","101665","2026-04-28T15:30:42.601Z"
"0x3bf1b837ccc1f62114a3e74ced4fcfb121d7e52a","Ethereum / EVM","secp256k1 / ECDSA","NO","0","","","","","284","2026-04-28T15:30:42.601Z"
"0x3c020c2d44ff40a830b2bb3845b5404e48c92192","Ethereum / EVM","secp256k1 / ECDSA","NO","0","","","","","637","2026-04-28T15:30:42.601Z"
"0x3c0584ca6e8951150d19f599c9b1e20613e7344b","Ethereum / EVM","secp256k1 / ECDSA","NO","0","","","","","1096","2026-04-28T15:31:04.275Z"
"0x3c21b125d0c8da3b6905ff0cd0b3e0b894fd7bd2","Ethereum / EVM","secp256k1 / ECDSA","NO","0","","","","","18251","2026-04-28T15:31:04.275Z"
"0x3c30701fc86b95e46d5d331c7209eae36363636a","Ethereum / EVM","secp256k1 / ECDSA","NO","0","","","","","925","2026-04-28T15:31:04.275Z"
"0x3c3fb3c24c9fd6003e19a384457b1e2a5fef9c4d","Ethereum / EVM","secp256k1 / ECDSA","NO","0","","","","","4178","2026-04-28T15:31:13.139Z"
"0x3cd957ce72f366a3df26c46e4e245778e108e06a","Ethereum / EVM","secp256k1 / ECDSA","NO","0","","","","","6382","2026-04-28T15:36:02.474Z"
"0x3cef98bb43d732e2f285ee605a8158cde967d219","Ethereum / EVM","secp256k1 / ECDSA","NO","0","","","","","289","2026-04-28T15:36:02.474Z"
"0x3d1d247f0b977aa35a59b2e06e9f0daa461a9ce9","Ethereum / EVM","secp256k1 / ECDSA","NO","0","","","","","766","2026-04-28T15:36:24.528Z"
"0x3c4966f2e7fb5a730d39933a874afe870c5430a5","Ethereum / EVM","secp256k1 / ECDSA","NO","0","","","","","516","2026-04-28T15:31:13.139Z"
"0x3c499c542cef5e3811e1192ce70d8cc03d5c3359","Ethereum / EVM","secp256k1 / ECDSA","NO","0","","","","","446","2026-04-28T15:31:13.139Z"
"0x3c4b01bef5b324f42bdd09c385e3312e634430a5","Ethereum / EVM","secp256k1 / ECDSA","NO","0","","","","","373","2026-04-28T15:31:18.134Z"
"0x3c4b8abfeaafddd6c01ac632c756297e533430a5","Ethereum / EVM","secp256k1 / ECDSA","NO","0","","","","","801","2026-04-28T15:31:18.134Z"
"0x3c4bffb8a3ba05341cbc81a4a1b0fcae634430a5","Ethereum / EVM","secp256k1 / ECDSA","NO","0","","","","","960","2026-04-28T15:31:18.134Z"
"0x3c4d4280a8486e01b6933ebcae7a29616ed430a5","Ethereum / EVM","secp256k1 / ECDSA","NO","0","","","","","619","2026-04-28T15:31:40.438Z"
"0x3c52d15ac541d7d1fb119853689af30059929950","Ethereum / EVM","secp256k1 / ECDSA","NO","0","","","","","566","2026-04-28T15:31:40.438Z"
"0x3c5d22fa3d916f8414141f4a277f59159091f366","Ethereum / EVM","secp256k1 / ECDSA","NO","0","","","","","15242","2026-04-28T15:31:40.438Z"
"0x3c6ac723e0891ef874f5868d1c36cca63419300a","Ethereum / EVM","secp256k1 / ECDSA","NO","0","","","","","1176","2026-04-28T15:31:51.204Z"
"0x3c6ad13d6692c6ac194e6d52b49b836fc6161142","Ethereum / EVM","secp256k1 / ECDSA","NO","0","","","","","852","2026-04-28T15:31:51.204Z"
"0x3c74f6c9e9030dda8ec1fd62f9055d7b553e03a0","Ethereum / EVM","secp256k1 / ECDSA","NO","0","","","","","1176","2026-04-28T15:31:51.204Z"
"0x3c78abd45ada7ddf598c471ee779723461db1257","Ethereum / EVM","secp256k1 / ECDSA","NO","0","","","","","932","2026-04-28T15:31:58.705Z"
"0x3c89cc846c4f0739ea699377ad0a094ea604546c","Ethereum / EVM","secp256k1 / ECDSA","NO","0","","","","","970","2026-04-28T15:31:58.705Z"
"0x3c8c41ace8b34cb8ef20ad9fd46f98b14e1ab8a9","Ethereum / EVM","secp256k1 / ECDSA","NO","0","","","","","803","2026-04-28T15:31:58.705Z"
"0x3c8e3bce6df252cd1dd16668e65bb796eee7d557","Ethereum / EVM","secp256k1 / ECDSA","NO","0","","","","","346","2026-04-28T15:32:06.320Z"
"0x3cc5de22f92e9b75f585214d3fad124c7300faf9","Ethereum / EVM","secp256k1 / ECDSA","NO","0","","","","","832","2026-04-28T15:32:06.320Z"
"0x3cc63c90a16b68f5a6d21094062791e915b9c1bd","Ethereum / EVM","secp256k1 / ECDSA","NO","0","","","","","1141","2026-04-28T15:32:06.320Z"
"0x3cc71199d5174e90e1b6a78e75e417f8d1b3cdac","Ethereum / EVM","secp256k1 / ECDSA","NO","0","","","","","1835","2026-04-28T15:34:16.762Z"
"0x3cc936b795a188f0e246cbb2d74c5bd190aecf18","Ethereum / EVM","secp256k1 / ECDSA","NO","0","","","","","122181","2026-04-28T15:34:16.762Z"
"0x3cd1e3d0fa686631110ae321d0ccdc5bcf02e414","Ethereum / EVM","secp256k1 / ECDSA","NO","0","","","","","727","2026-04-28T15:34:16.762Z"
"0x3cd751e6b0078be393132286c442345e5dc49699","Ethereum / EVM","secp256k1 / ECDSA","NO","0","","","","","95759","2026-04-28T15:36:02.474Z"
"0x3d1fb1bc77d1b049e403affebb954160d1d946e2","Ethereum / EVM","secp256k1 / ECDSA","NO","0","","","","","664","2026-04-28T15:36:24.528Z"
"0x3d2d8a53d87b8f9fcb757203734e4b0cdc26049e","Ethereum / EVM","secp256k1 / ECDSA","NO","0","","","","","998","2026-04-28T15:36:33.416Z"
"0x3d2e6053aea41b57edd8cfe65f678b16149d7e6e","Ethereum / EVM","secp256k1 / ECDSA","NO","0","","","","","582","2026-04-28T15:36:33.416Z"
"0x3d34556aa808e411abc60de540bd5cba5335b4fb","Ethereum / EVM","secp256k1 / ECDSA","NO","0","","","","","3825","2026-04-28T15:36:33.416Z"
"0x3d3ed6a00eb11cbd8000ae9455652743c726ba2f","Ethereum / EVM","secp256k1 / ECDSA","NO","0","","","","","1373","2026-04-28T15:36:56.256Z"
"0x3d3f20583c80582b5db10724b8513e7fbc28b718","Ethereum / EVM","secp256k1 / ECDSA","NO","0","","","","","17781","2026-04-28T15:36:56.256Z"
"0x3d3f57e38e2e0a070652de4ca7bb03fef4bbad0a","Ethereum / EVM","secp256k1 / ECDSA","NO","0","","","","","1079","2026-04-28T15:36:56.256Z"
"0x3d4d09ecb224dfdb65ae2cd9b2a7d809f0b4c0ac","Ethereum / EVM","secp256k1 / ECDSA","NO","0","","","","","1236","2026-04-28T15:37:02.559Z"
"0x3d50945ad861e8b5e79fb6992f7c206aa4a1b207","Ethereum / EVM","secp256k1 / ECDSA","NO","0","","","","","789","2026-04-28T15:37:02.559Z"
"0x3d51001bc89e7a226743b28660af340f43722c3d","Ethereum / EVM","secp256k1 / ECDSA","NO","0","","","","","521","2026-04-28T15:37:02.559Z"
"0x3d5426a3fd2df2ba11267788e9ff691e3f351da5","Ethereum / EVM","secp256k1 / ECDSA","NO","0","","","","","1942","2026-04-28T15:37:18.830Z"
"0x3d5ebeb4909dd943cb040508900ff75bc71aad63","Ethereum / EVM","secp256k1 / ECDSA","NO","0","","","","","6574","2026-04-28T15:37:18.830Z"
"0x3d6c8f54f9af4d39296d4737386a5bfbf1ca6bc6","Ethereum / EVM","secp256k1 / ECDSA","NO","0","","","","","2299","2026-04-28T15:37:18.830Z"
"0x3d73355812d98521750268463c56edbe7243b8f3","Ethereum / EVM","secp256k1 / ECDSA","NO","0","","","","","2660","2026-04-28T15:37:31.862Z"
"0x3d89ab09b52e0ca352ce02d768b35be91a9f7e99","Ethereum / EVM","secp256k1 / ECDSA","NO","0","","","","","953","2026-04-28T15:37:31.862Z"
"0x3db1f11dc91c977cdb1b85addd6c37fdff30693b","Ethereum / EVM","secp256k1 / ECDSA","NO","0","","","","","4235","2026-04-28T15:37:31.862Z"
"0x3db76cc3673fef9b454562df53188ac3147826f8","Ethereum / EVM","secp256k1 / ECDSA","NO","0","","","","","335","2026-04-28T15:37:38.001Z"
"0x3dc43830dd9a28ea226777634e103c24ceac872f","Ethereum / EVM","secp256k1 / ECDSA","NO","0","","","","","5330","2026-04-28T15:37:38.001Z"
"0x3dd1d15b3c78d6acfd75a254e857cbe5b9ff0af2","Ethereum / EVM","secp256k1 / ECDSA","NO","0","","","","","322","2026-04-28T15:37:38.001Z"
"0x3ddfa8ec3052539b6c9549f12cea2c295cff5296","Ethereum / EVM","secp256k1 / ECDSA","NO","0","","","","","51983","2026-04-28T15:39:56.799Z"
"0x3e06ffd3f3933e4c0dbae61bd0446016fbae5150","Ethereum / EVM","secp256k1 / ECDSA","NO","0","","","","","954","2026-04-28T15:39:56.799Z"
"0x3e0a91dc5848e17765e3167249a2cb018cbb60ee","Ethereum / EVM","secp256k1 / ECDSA","NO","0","","","","","83826","2026-04-28T15:39:56.799Z"
"0x3e1b98ed2adc3ef94447f479b54ca24777c6cf88","Ethereum / EVM","secp256k1 / ECDSA","NO","0","","","","","805","2026-04-28T15:40:06.043Z"
"0x3e1c4894bf9094383922e389c62d15d19fbaf1fe","Ethereum / EVM","secp256k1 / ECDSA","NO","0","","","","","952","2026-04-28T15:40:06.043Z"
"0x3e277e06d976bd8adf882438785e20cc670ac581","Ethereum / EVM","secp256k1 / ECDSA","NO","0","","","","","271","2026-04-28T15:40:06.043Z"
"0x423d2b61952d56358db8b313ec7404a9582d4865","Ethereum / EVM","secp256k1 / ECDSA","NO","0","","","","","5398","2026-04-28T15:58:52.788Z"
"0x3e391e5cb8ea766c93134faf486e6393158032c2","Ethereum / EVM","secp256k1 / ECDSA","NO","0","","","","","323","2026-04-28T15:41:47.805Z"
"0x3e477dc71b58aac6c428094128e13226fb488c0c","Ethereum / EVM","secp256k1 / ECDSA","NO","0","","","","","172","2026-04-28T15:41:47.805Z"
"0x3e4f108fb7cd6fc267ce71f8a1812ef6feef0b9d","Ethereum / EVM","secp256k1 / ECDSA","NO","0","","","","","95277","2026-04-28T15:41:47.805Z"
"0x3e66b66fd1d0b02fda6c811da9e0547970db2f21","Ethereum / EVM","secp256k1 / ECDSA","NO","0","","","","","319","2026-04-28T15:41:57.665Z"
"0x3e73e9ba3d7f834d11945b35fb79e378d239a254","Ethereum / EVM","secp256k1 / ECDSA","NO","0","","","","","292","2026-04-28T15:41:57.665Z"
"0x3e7cda2235f6a77d4738b3031fc93a6c64ed06fc","Ethereum / EVM","secp256k1 / ECDSA","NO","0","","","","","1034","2026-04-28T15:41:57.665Z"
"0x3e7ce1428ccee32582b2fe0eda65013c64ed06fc","Ethereum / EVM","secp256k1 / ECDSA","NO","0","","","","","700","2026-04-28T15:42:05.737Z"
"0x3e803007f778f079012206ee4c50f199746700dc","Ethereum / EVM","secp256k1 / ECDSA","NO","0","","","","","173","2026-04-28T15:42:05.737Z"
"0x3eb74542da74b9c1c4ce483c29ea139cdc446b4d","Ethereum / EVM","secp256k1 / ECDSA","NO","0","","","","","841","2026-04-28T15:42:05.737Z"
"0x3eba306b6fc21d8d0fb1442c8d5fd08af051bf23","Ethereum / EVM","secp256k1 / ECDSA","NO","0","","","","","107732","2026-04-28T15:44:01.586Z"
"0x3ebe09710bd8f3dcf1ef777d9ec9bd9cf927781e","Ethereum / EVM","secp256k1 / ECDSA","NO","0","","","","","1177","2026-04-28T15:44:01.586Z"
"0x3ec0dd4881ac1ed551520eb4a687b4a8a55c3fd1","Ethereum / EVM","secp256k1 / ECDSA","NO","0","","","","","640","2026-04-28T15:44:01.586Z"
"0x3ed70d6f8d23d38dc592f2bbbcba470df852d300","Ethereum / EVM","secp256k1 / ECDSA","NO","0","","","","","629","2026-04-28T15:44:05.468Z"
"0x3ee18b2214aff97000d974cf647e7c347e8fa585","Ethereum / EVM","secp256k1 / ECDSA","NO","0","","","","","274","2026-04-28T15:44:05.468Z"
"0x3ee5aa31eb1b9eabbd21fbeccadce74d839e413a","Ethereum / EVM","secp256k1 / ECDSA","NO","0","","","","","539","2026-04-28T15:44:05.468Z"
"0x3f0b86ffca24d869773447ba2f6f1c83ee372b5d","Ethereum / EVM","secp256k1 / ECDSA","NO","0","","","","","1849","2026-04-28T15:44:14.513Z"
"0x3f0cc41de057458591e1c753f5bc162c982cbd00","Ethereum / EVM","secp256k1 / ECDSA","NO","0","","","","","371","2026-04-28T15:44:14.513Z"
"0x3f1094fb7073b10d8ed22bf58234d9842d5cfd84","Ethereum / EVM","secp256k1 / ECDSA","NO","0","","","","","267","2026-04-28T15:44:14.513Z"
"0x3f182a2531ab2be325e3106e3e4ed73c66abe342","Ethereum / EVM","secp256k1 / ECDSA","NO","0","","","","","6135","2026-04-28T15:44:34.886Z"
"0x3f24db43ba94b7569b355f82e1b7a700b8dc2493","Ethereum / EVM","secp256k1 / ECDSA","NO","0","","","","","1095","2026-04-28T15:44:34.886Z"
"0x3f4abb63d3f0c16956d7d0d3c29ad6d4c283b5c9","Ethereum / EVM","secp256k1 / ECDSA","NO","0","","","","","7616","2026-04-28T15:44:34.886Z"
"0x3f5401a9d0dd2390d1a8c7060672d4b704df6372","Ethereum / EVM","secp256k1 / ECDSA","NO","0","","","","","87390","2026-04-28T15:47:51.783Z"
"0x3f5ce5fbfe3e9af3971dd833d26ba9b5c936f0be","Ethereum / EVM","secp256k1 / ECDSA","NO","0","","","","","108022","2026-04-28T15:47:51.783Z"
"0x3f758ebdfa53fe66952d72b2d6fff9bfc2e36d85","Ethereum / EVM","secp256k1 / ECDSA","NO","0","","","","","315","2026-04-28T15:47:51.783Z"
"0x3f77c520bb9cd9689fce14f1e63da27ce5fdcb4a","Ethereum / EVM","secp256k1 / ECDSA","NO","0","","","","","1190","2026-04-28T15:47:58.683Z"
"0x3f790276b388d1b4c3920889d03e48ac31fd9d3e","Ethereum / EVM","secp256k1 / ECDSA","NO","0","","","","","866","2026-04-28T15:47:58.683Z"
"0x3f7df62dd7f457d141a14cbcf21aea7b5b93cd85","Ethereum / EVM","secp256k1 / ECDSA","NO","0","","","","","595","2026-04-28T15:47:58.683Z"
"0x3f8af927a42da9aa1a8d71dc918aa7bbdd09c6bb","Ethereum / EVM","secp256k1 / ECDSA","NO","0","","","","","2075","2026-04-28T15:48:07.661Z"
"0x3fc3954076df5a848fe1bb61cfd03a8f27fdf4fd","Ethereum / EVM","secp256k1 / ECDSA","NO","0","","","","","750","2026-04-28T15:48:07.661Z"
"0x3ffa98cddfbc5d08c1128c213a72b9188f8cfadd","Ethereum / EVM","secp256k1 / ECDSA","NO","0","","","","","803","2026-04-28T15:48:07.661Z"
"0x40141b332763ddf834e7b2b8cfee7096721d5d59","Ethereum / EVM","secp256k1 / ECDSA","NO","0","","","","","1381","2026-04-28T15:48:25.186Z"
"0x402178771778bdf2e316f1fd57d7b7f24e3f5530","Ethereum / EVM","secp256k1 / ECDSA","NO","0","","","","","1650","2026-04-28T15:48:25.186Z"
"0x40317612c6c5b2e5b97ee4a4668ebc336e64492a","Ethereum / EVM","secp256k1 / ECDSA","NO","0","","","","","10120","2026-04-28T15:48:25.186Z"
"0x403466a60252e6339572757645426c62894b8bb6","Ethereum / EVM","secp256k1 / ECDSA","NO","0","","","","","103715","2026-04-28T15:52:22.889Z"
"0x404460039499c774c48248552f802ce5dd482e32","Ethereum / EVM","secp256k1 / ECDSA","NO","0","","","","","106317","2026-04-28T15:52:22.889Z"
"0x40638e9fe6005d9c1f8b7a7b4dec086707fdc84d","Ethereum / EVM","secp256k1 / ECDSA","NO","0","","","","","24777","2026-04-28T15:52:22.889Z"
"0x40754fed97db3f33e94703ab26e237e36a1840ec","Ethereum / EVM","secp256k1 / ECDSA","NO","0","","","","","2264","2026-04-28T15:52:46.389Z"
"0x4080b7ac75be3e961d661f424e4444024707867c","Ethereum / EVM","secp256k1 / ECDSA","NO","0","","","","","1235","2026-04-28T15:52:46.389Z"
"0x4081ab2c1089c17b570e1abbb0ada64a5e17867c","Ethereum / EVM","secp256k1 / ECDSA","NO","0","","","","","14835","2026-04-28T15:52:46.389Z"
"0x40845f17e38c98dc16fcd5a69aedad704661a607","Ethereum / EVM","secp256k1 / ECDSA","NO","0","","","","","478","2026-04-28T15:52:53.125Z"
"0x4085cafb2c519e6bf69ad410d91dbb6139948366","Ethereum / EVM","secp256k1 / ECDSA","NO","0","","","","","297","2026-04-28T15:52:53.125Z"
"0x4090cc513221c8c17f0016020e58fd122b4a5e84","Ethereum / EVM","secp256k1 / ECDSA","NO","0","","","","","297","2026-04-28T15:52:53.125Z"
"0x409879cfc4858b7b7df5d03b89306ef572825e84","Ethereum / EVM","secp256k1 / ECDSA","NO","0","","","","","2199","2026-04-28T15:54:46.058Z"
"0x409cfdeb84263a0dd9c8472447dc8c0b55f33e6e","Ethereum / EVM","secp256k1 / ECDSA","NO","0","","","","","103397","2026-04-28T15:54:46.058Z"
"0x40a50cf069e992aa4536211b23f286ef88752187","Ethereum / EVM","secp256k1 / ECDSA","NO","0","","","","","393","2026-04-28T15:54:46.058Z"
"0x40a59a37756831154c0c3b31fa25636968d3a29a","Ethereum / EVM","secp256k1 / ECDSA","NO","0","","","","","744","2026-04-28T15:54:55.298Z"
"0x423f8211085db9b3c8f4fda3569af3f52bee93bf","Ethereum / EVM","secp256k1 / ECDSA","NO","0","","","","","711","2026-04-28T15:58:52.788Z"
"0x40b78a90879ae62fa1e280da3c13c0de78a9faa9","Ethereum / EVM","secp256k1 / ECDSA","NO","0","","","","","733","2026-04-28T15:54:55.298Z"
"0x40dbf3974f34ca27d05f8e2b7bc0e7acaaf9d9eb","Ethereum / EVM","secp256k1 / ECDSA","NO","0","","","","","1763","2026-04-28T15:54:55.298Z"
"0x40ebc1ac8d4fedd2e144b75fe9c0420be82750c6","Ethereum / EVM","secp256k1 / ECDSA","NO","0","","","","","391","2026-04-28T15:55:06.356Z"
"0x40f3707721deea98a0c022f3055b87eae0b67bb8","Ethereum / EVM","secp256k1 / ECDSA","NO","0","","","","","849","2026-04-28T15:55:06.356Z"
"0x411c02983e75ba87f2d71fdda884d6a97d6f4290","Ethereum / EVM","secp256k1 / ECDSA","NO","0","","","","","5058","2026-04-28T15:55:06.356Z"
"0x411c9732190e6fa03e98e6df697ee8f8c932b4a9","Ethereum / EVM","secp256k1 / ECDSA","NO","0","","","","","1511","2026-04-28T15:55:15.964Z"
"0x4133e38db63bc4ee9737473eb971950643cd3cb0","Ethereum / EVM","secp256k1 / ECDSA","NO","0","","","","","280","2026-04-28T15:55:15.964Z"
"0x4139b457f43c6a521602ab32f0f5aff3ee5e22d1","Ethereum / EVM","secp256k1 / ECDSA","NO","0","","","","","1150","2026-04-28T15:55:15.964Z"
"0x41408c6fe9085f942e890233eed83753d9750046","Ethereum / EVM","secp256k1 / ECDSA","NO","0","","","","","1109","2026-04-28T15:57:22.685Z"
"0x416299aade6443e6f6e8ab67126e65a7f606eef5","Ethereum / EVM","secp256k1 / ECDSA","NO","0","","","","","84308","2026-04-28T15:57:22.685Z"
"0x41636ddf4abb1aa78863101626acdc861d4e8a0b","Ethereum / EVM","secp256k1 / ECDSA","NO","0","","","","","39218","2026-04-28T15:57:22.685Z"
"0x41686e48d9af11bad823ac8e46e95feaa6b7c404","Ethereum / EVM","secp256k1 / ECDSA","NO","0","","","","","330","2026-04-28T15:57:47.355Z"
"0x4176ffb28140dcbc2d0a54f7932aa0dc94139d79","Ethereum / EVM","secp256k1 / ECDSA","NO","0","","","","","20708","2026-04-28T15:57:47.355Z"
"0x4186bfc76e2e237523cbc30fd220fe055156b41f","Ethereum / EVM","secp256k1 / ECDSA","NO","0","","","","","288","2026-04-28T15:57:47.355Z"
"0x41a6ca2d679822870145741d968cfb5974013ea5","Ethereum / EVM","secp256k1 / ECDSA","NO","0","","","","","699","2026-04-28T15:57:52.049Z"
"0x41a7f4af5e8fb32fc0b14deab4c2cdcbd30f5788","Ethereum / EVM","secp256k1 / ECDSA","NO","0","","","","","821","2026-04-28T15:57:52.049Z"
"0x41ae20bcdfe29f06065981e58af10ec529f1ac77","Ethereum / EVM","secp256k1 / ECDSA","NO","0","","","","","500","2026-04-28T15:57:52.049Z"
"0x41b23307cd90cfc3a5e86564b286072d271fca29","Ethereum / EVM","secp256k1 / ECDSA","NO","0","","","","","1636","2026-04-28T15:58:00.739Z"
"0x41ba1a46fa8c346652f3f0e216c96efda1d88c8a","Ethereum / EVM","secp256k1 / ECDSA","NO","0","","","","","762","2026-04-28T15:58:00.739Z"
"0x41ba9cbaf062cd93152ece6a93198fdda1d88c8a","Ethereum / EVM","secp256k1 / ECDSA","NO","0","","","","","313","2026-04-28T15:58:00.739Z"
"0x41e29c02713929f800419abe5770faa8a5b4dadc","Ethereum / EVM","secp256k1 / ECDSA","NO","0","","","","","26229","2026-04-28T15:58:35.057Z"
"0x41e932d55fe50c0b59a226e3a95e4d0ba0d72fce","Ethereum / EVM","secp256k1 / ECDSA","NO","0","","","","","773","2026-04-28T15:58:35.057Z"
"0x41ea7e9113bc00d3f7ce54130eb2f6d152bf91fd","Ethereum / EVM","secp256k1 / ECDSA","NO","0","","","","","2021","2026-04-28T15:58:35.057Z"
"0x41eacacb43732cca5de17f6b64b13a2ae16ed33b","Ethereum / EVM","secp256k1 / ECDSA","NO","0","","","","","800","2026-04-28T15:58:40.091Z"
"0x4227084b955b65ab9ac2f15b3b12f8af36c17c16","Ethereum / EVM","secp256k1 / ECDSA","NO","0","","","","","307","2026-04-28T15:58:40.091Z"
"0x422a7cda8d24692ed90de9b87fc8df1667b05c58","Ethereum / EVM","secp256k1 / ECDSA","NO","0","","","","","953","2026-04-28T15:58:40.091Z"
"0x4250219e7a8a1c15534da6d313e7616d270d1e25","Ethereum / EVM","secp256k1 / ECDSA","NO","0","","","","","648","2026-04-28T15:58:52.788Z"
"0x4259589361c72a9dbeed585eb4bc0a9400ab1617","Ethereum / EVM","secp256k1 / ECDSA","NO","0","","","","","61929","2026-04-28T15:59:58.197Z"
"0x42669bd04e9aaad32a8429e9db2f6dd377b0a90c","Ethereum / EVM","secp256k1 / ECDSA","NO","0","","","","","1484","2026-04-28T15:59:58.197Z"
"0x4282c4d9db34bfc0ea4efd72863ae0c41858d188","Ethereum / EVM","secp256k1 / ECDSA","NO","0","","","","","743","2026-04-28T15:59:58.197Z"
"0x429d28fb73735b1bf65e7ad44e1eeb26727bd180","Ethereum / EVM","secp256k1 / ECDSA","NO","0","","","","","1465","2026-04-28T16:00:08.890Z"
"0x42a539197915ba753518ba4a43db8839b9690784","Ethereum / EVM","secp256k1 / ECDSA","NO","0","","","","","714","2026-04-28T16:00:08.890Z"
"0x42a93a9f5cfda54716c414b6eaf07cf512f46ead","Ethereum / EVM","secp256k1 / ECDSA","NO","0","","","","","678","2026-04-28T16:00:08.890Z"
"0x42ca48593e2bedb531860334d87829fec21da396","Ethereum / EVM","secp256k1 / ECDSA","NO","0","","","","","13557","2026-04-28T16:02:09.807Z"
"0x42cb165ef1c84eb5a11d8f65b0661dc7742ce869","Ethereum / EVM","secp256k1 / ECDSA","NO","0","","","","","946","2026-04-28T16:02:09.807Z"
"0x42d17b7f3532ec2f7c4e4e5e239baa476846e2cd","Ethereum / EVM","secp256k1 / ECDSA","NO","0","","","","","101251","2026-04-28T16:02:09.807Z"
"0x42e148b79e32b8d870c05d13ec2c99442f144eb9","Ethereum / EVM","secp256k1 / ECDSA","NO","0","","","","","396","2026-04-28T16:02:16.468Z"
"0x42e86ce87db502614fcdde65aa8022accaff2199","Ethereum / EVM","secp256k1 / ECDSA","NO","0","","","","","401","2026-04-28T16:02:16.468Z"
"0x42f7c51be14cac4c7fe70dcbef7ceff62e130137","Ethereum / EVM","secp256k1 / ECDSA","NO","0","","","","","1633","2026-04-28T16:02:16.468Z"
"0x43017fdee8a139d59737001b1e9e6d1a5b463827","Ethereum / EVM","secp256k1 / ECDSA","NO","0","","","","","13684","2026-04-28T16:02:53.760Z"
"0x430372d60120b41dd7b266b62f9bb2541c0a3008","Ethereum / EVM","secp256k1 / ECDSA","NO","0","","","","","17235","2026-04-28T16:02:53.760Z"
"0x43057d23e80858db0d1dd181970782a4278a44cd","Ethereum / EVM","secp256k1 / ECDSA","NO","0","","","","","790","2026-04-28T16:02:53.760Z"
"0x43212005a9ed2dab40b7901662965fb282664091","Ethereum / EVM","secp256k1 / ECDSA","NO","0","","","","","397","2026-04-28T16:04:49.362Z"
"0x43305382781d9ad351923b8748da7037a160f677","Ethereum / EVM","secp256k1 / ECDSA","NO","0","","","","","106539","2026-04-28T16:04:49.362Z"
"0x433da6d107e942ec4eab1e86b16427b6071f6491","Ethereum / EVM","secp256k1 / ECDSA","NO","0","","","","","367","2026-04-28T16:04:49.362Z"
"0x44cc493fdb8e3fc4eb90a6a4e82dec72e33dd329","Ethereum / EVM","secp256k1 / ECDSA","NO","0","","","","","166","2026-04-28T16:09:34.446Z"
"0x450ee432ece588e4a1e1633466e978b87b0b7410","Ethereum / EVM","secp256k1 / ECDSA","NO","0","","","","","569","2026-04-28T16:11:23.708Z"
"0x434dc7170f084659115db5d559d04cd8f4f5ddc9","Ethereum / EVM","secp256k1 / ECDSA","NO","0","","","","","751","2026-04-28T16:05:28.321Z"
"0x434ed27c72ab338f7760fd69700f6534739725fa","Ethereum / EVM","secp256k1 / ECDSA","NO","0","","","","","1292","2026-04-28T16:05:28.321Z"
"0x4352cc849b33a936ad93bb109afdec1c89653b4f","Ethereum / EVM","secp256k1 / ECDSA","NO","0","","","","","32225","2026-04-28T16:05:28.321Z"
"0x437c7c0460e8b795c67872e8d0fb441ef6cc1e68","Ethereum / EVM","secp256k1 / ECDSA","NO","0","","","","","224","2026-04-28T16:05:35.244Z"
"0x4384d7db6ef351a4ceca3858c987b44ee7a9f3c0","Ethereum / EVM","secp256k1 / ECDSA","NO","0","","","","","637","2026-04-28T16:05:35.244Z"
"0x4399f61795d3e50096e236a6d31ab24470c99fd5","Ethereum / EVM","secp256k1 / ECDSA","NO","0","","","","","335","2026-04-28T16:05:35.244Z"
"0x43b719b9c6cf849dca549765ba1af00f3dfc4ac1","Ethereum / EVM","secp256k1 / ECDSA","NO","0","","","","","101563","2026-04-28T16:07:24.253Z"
"0x43baa676ab627b4e9e10928f58531e8096391695","Ethereum / EVM","secp256k1 / ECDSA","NO","0","","","","","323","2026-04-28T16:07:24.253Z"
"0x43d037a562099a4c2c95b1e2120cc43054450629","Ethereum / EVM","secp256k1 / ECDSA","NO","0","","","","","301","2026-04-28T16:07:24.253Z"
"0x43e1ccfe765f6c2a09bbe63d456bcb1e85835fe5","Ethereum / EVM","secp256k1 / ECDSA","NO","0","","","","","41268","2026-04-28T16:08:38.616Z"
"0x43e21e2282f86b0480a075d04baaf31416c4d485","Ethereum / EVM","secp256k1 / ECDSA","NO","0","","","","","19464","2026-04-28T16:08:38.616Z"
"0x43ee6f9ff6349d341d066ed67bf03932e83defbb","Ethereum / EVM","secp256k1 / ECDSA","NO","0","","","","","11821","2026-04-28T16:08:38.616Z"
"0x44120008a400873b034844770cf32802c6eeb570","Ethereum / EVM","secp256k1 / ECDSA","NO","0","","","","","1083","2026-04-28T16:08:56.192Z"
"0x4421572b9e2dd0e20dfd01ec2175fd9504a7a444","Ethereum / EVM","secp256k1 / ECDSA","NO","0","","","","","2383","2026-04-28T16:08:56.192Z"
"0x4427069eb98959c50498a702aba7f4f24b4f0a22","Ethereum / EVM","secp256k1 / ECDSA","NO","0","","","","","6668","2026-04-28T16:08:56.192Z"
"0x44283416554f5bee14922bb09843af5511a75fff","Ethereum / EVM","secp256k1 / ECDSA","NO","0","","","","","7117","2026-04-28T16:09:10.034Z"
"0x4440618bdc7ba7064ea738b4e0924de1574b5420","Ethereum / EVM","secp256k1 / ECDSA","NO","0","","","","","370","2026-04-28T16:09:10.034Z"
"0x445098d74b6eb4f3bcf20865989b777ee405a48c","Ethereum / EVM","secp256k1 / ECDSA","NO","0","","","","","488","2026-04-28T16:09:10.034Z"
"0x445f16314284b43dfa1fd3cd77b9dea4a1bebd97","Ethereum / EVM","secp256k1 / ECDSA","NO","0","","","","","297","2026-04-28T16:09:14.321Z"
"0x4464ec910b93e9e3ea506127a0c8ef6701019dc5","Ethereum / EVM","secp256k1 / ECDSA","NO","0","","","","","3008","2026-04-28T16:09:14.321Z"
"0x4481a7fdf1453fd764fa1646abcd7cdfd2613ee8","Ethereum / EVM","secp256k1 / ECDSA","NO","0","","","","","958","2026-04-28T16:09:14.321Z"
"0x44bdbb524f7d69e566b9b388a631e2929245ada3","Ethereum / EVM","secp256k1 / ECDSA","NO","0","","","","","5693","2026-04-28T16:09:34.446Z"
"0x44befffd15302ccb983b6b32ea63f63971ef4a50","Ethereum / EVM","secp256k1 / ECDSA","NO","0","","","","","10526","2026-04-28T16:09:34.446Z"
"0x44cca9c4b55d1540bc2585f4595744dadb07d329","Ethereum / EVM","secp256k1 / ECDSA","NO","0","","","","","1055","2026-04-28T16:11:23.708Z"
"0x451be4f9df3775ec2d2c8d631e00aa923840e8f4","Ethereum / EVM","secp256k1 / ECDSA","NO","0","","","","","1877","2026-04-28T16:11:51.786Z"
"0x45200c2408146d4cb50934f2a185b7c7c157e39d","Ethereum / EVM","secp256k1 / ECDSA","NO","0","","","","","902","2026-04-28T16:11:51.786Z"
"0x4520e110edb509ddde59ab695de3a6b2c9f1e180","Ethereum / EVM","secp256k1 / ECDSA","NO","0","","","","","22932","2026-04-28T16:11:51.786Z"
"0x452f8f3e6b2db5190be50377b7de494382321dcd","Ethereum / EVM","secp256k1 / ECDSA","NO","0","","","","","802","2026-04-28T16:13:29.695Z"
"0x45300136662dd4e58fc0df61e6290dffd992b785","Ethereum / EVM","secp256k1 / ECDSA","NO","0","","","","","90268","2026-04-28T16:13:29.695Z"
"0x4539d5dd2b2d21bd3720740441a0d380f4d54db9","Ethereum / EVM","secp256k1 / ECDSA","NO","0","","","","","530","2026-04-28T16:13:29.695Z"
"0x4542fcc464638eeb2031490be4dc038d23ac4db5","Ethereum / EVM","secp256k1 / ECDSA","NO","0","","","","","3057","2026-04-28T16:13:37.799Z"
"0x455bf23ea7575a537b6374953fa71b5f3653272c","Ethereum / EVM","secp256k1 / ECDSA","NO","0","","","","","323","2026-04-28T16:13:37.799Z"
"0x456f7af0edeeaed8443efc3da181ab9072edd1ff","Ethereum / EVM","secp256k1 / ECDSA","NO","0","","","","","357","2026-04-28T16:13:37.799Z"
"0x45829114d5544df01e549a6cf827d67cde571b05","Ethereum / EVM","secp256k1 / ECDSA","NO","0","","","","","976","2026-04-28T16:13:44.447Z"
"0x4582f6e5165564e452db15fc8980d8b5842de314","Ethereum / EVM","secp256k1 / ECDSA","NO","0","","","","","1067","2026-04-28T16:13:44.447Z"
"0x458c20e60746d2347ac1ea7225ce9f631e371b05","Ethereum / EVM","secp256k1 / ECDSA","NO","0","","","","","342","2026-04-28T16:13:44.447Z"
"0x458e433ae998f687d5ec323077521fc2721c5e20","Ethereum / EVM","secp256k1 / ECDSA","NO","0","","","","","9869","2026-04-28T16:14:05.279Z"
"0x45995e58d6b6848545bef07d256ab6428588f0f9","Ethereum / EVM","secp256k1 / ECDSA","NO","0","","","","","4829","2026-04-28T16:14:05.279Z"
"0x45a50a2fc82f5fa8bd62fb6429c403463ffd6f48","Ethereum / EVM","secp256k1 / ECDSA","NO","0","","","","","516","2026-04-28T16:14:05.279Z"
"0x45c26883aea5dbc5aa82d0772381bc9b82ec40a7","Ethereum / EVM","secp256k1 / ECDSA","NO","0","","","","","1038","2026-04-28T16:14:08.086Z"
"0x45c32fa6df82ead1e2ef74d17b76547eddfaff89","Ethereum / EVM","secp256k1 / ECDSA","NO","0","","","","","344","2026-04-28T16:14:08.086Z"
"0x45e73a41bb010ed726cb0f4e60a82877d7a47839","Ethereum / EVM","secp256k1 / ECDSA","NO","0","","","","","641","2026-04-28T16:14:08.086Z"
"0x4618003d8c083638d8bce089dcebb3982b4ffb3a","Ethereum / EVM","secp256k1 / ECDSA","NO","0","","","","","766","2026-04-28T16:14:16.710Z"
"0x4618ce5a291641dc303438db3e7854154cdaebed","Ethereum / EVM","secp256k1 / ECDSA","NO","0","","","","","566","2026-04-28T16:14:16.710Z"
"0x463185126359737ee24f2e0db94805e5132e6ca6","Ethereum / EVM","secp256k1 / ECDSA","NO","0","","","","","1316","2026-04-28T16:14:16.710Z"
"0x46340b20830761efd32832a74d7169b29feb9758","Ethereum / EVM","secp256k1 / ECDSA","NO","0","","","","","90539","2026-04-28T16:15:54.953Z"
"0x4634d519394cb62fc5c598df82be751a7b79bbfc","Ethereum / EVM","secp256k1 / ECDSA","NO","0","","","","","2041","2026-04-28T16:15:54.953Z"
"0x463f5d63e5a5edb8615b0e485a090a18aba08578","Ethereum / EVM","secp256k1 / ECDSA","NO","0","","","","","295","2026-04-28T16:15:54.953Z"
"0x46633b491c0dd7b245f47da22855f33fa20a4e06","Ethereum / EVM","secp256k1 / ECDSA","NO","0","","","","","52425","2026-04-28T16:18:33.988Z"
"0x46644a93fa52a0c7a189d15697de306183bdc584","Ethereum / EVM","secp256k1 / ECDSA","NO","0","","","","","1806","2026-04-28T16:18:33.988Z"
"0x46705dfff24256421a05d056c29e81bdc09723b8","Ethereum / EVM","secp256k1 / ECDSA","NO","0","","","","","101663","2026-04-28T16:18:33.988Z"
"0x4670769bed024feea30b5587fd7d3e303014eef9","Ethereum / EVM","secp256k1 / ECDSA","NO","0","","","","","361","2026-04-28T16:18:39.508Z"
"0x4670a7f32d21931fe0be8d75e9cee1cbeb2118cc","Ethereum / EVM","secp256k1 / ECDSA","NO","0","","","","","182","2026-04-28T16:18:39.508Z"
"0x4678b3a2297480a1555464e9df8e2d3896e65cb8","Ethereum / EVM","secp256k1 / ECDSA","NO","0","","","","","896","2026-04-28T16:18:39.508Z"
"0x4690edc801cdc4d96db1d5cb1abac8796f689cbe","Ethereum / EVM","secp256k1 / ECDSA","NO","0","","","","","177","2026-04-28T16:18:47.631Z"
"0x46a245dab9711bedcf2f665292876dd921200e6b","Ethereum / EVM","secp256k1 / ECDSA","NO","0","","","","","606","2026-04-28T16:18:47.631Z"
"0x46a2c86c91f63c4a313b10a9120c90fbf89f0e6b","Ethereum / EVM","secp256k1 / ECDSA","NO","0","","","","","776","2026-04-28T16:18:47.631Z"
"0x46a7c191880bab84bacab1692b67745641510e6b","Ethereum / EVM","secp256k1 / ECDSA","NO","0","","","","","745","2026-04-28T16:18:56.712Z"
"0x46a8b75cbdc6bd4626efe79f5f0439c1ea410e6b","Ethereum / EVM","secp256k1 / ECDSA","NO","0","","","","","788","2026-04-28T16:18:56.712Z"
"0x46a8f20e7b4934bf7c57ccc729a22ea751010e6b","Ethereum / EVM","secp256k1 / ECDSA","NO","0","","","","","1107","2026-04-28T16:18:56.712Z"
"0x46aa110c3f0013b881e2e3350ee20881567c0e6b","Ethereum / EVM","secp256k1 / ECDSA","NO","0","","","","","842","2026-04-28T16:19:06.482Z"
"0x46ab788c4e5ceefffa3c644b0331c51ca5db0e6b","Ethereum / EVM","secp256k1 / ECDSA","NO","0","","","","","2999","2026-04-28T16:19:06.482Z"
"0x46ad42c3ab99e25ce9e80939b96398852dbe0e6b","Ethereum / EVM","secp256k1 / ECDSA","NO","0","","","","","569","2026-04-28T16:19:06.482Z"
"0x46af01088ecdd577348d04f85680fb755faa0e6b","Ethereum / EVM","secp256k1 / ECDSA","NO","0","","","","","1103","2026-04-28T16:19:12.837Z"
"0x46af06b703b712d1dd00c469d2c751edbd410e6b","Ethereum / EVM","secp256k1 / ECDSA","NO","0","","","","","594","2026-04-28T16:19:12.837Z"
"0x46af133e1e870fea33b18188712ac6bdbd410e6b","Ethereum / EVM","secp256k1 / ECDSA","NO","0","","","","","1068","2026-04-28T16:19:12.837Z"
"0x46af17b545483586459cc16231a9ddeabdc80e6b","Ethereum / EVM","secp256k1 / ECDSA","NO","0","","","","","297","2026-04-28T16:19:19.973Z"
"0x46af3f6754f554776f91b99f461f81d552240e6b","Ethereum / EVM","secp256k1 / ECDSA","NO","0","","","","","1054","2026-04-28T16:19:19.973Z"
"0x46af48fe5222ae898b94d657ea2140ef0c640e6b","Ethereum / EVM","secp256k1 / ECDSA","NO","0","","","","","548","2026-04-28T16:19:19.973Z"
"0x46af4b811aeab71887687259ba930b6f0c640e6b","Ethereum / EVM","secp256k1 / ECDSA","NO","0","","","","","674","2026-04-28T16:19:37.078Z"
"0x46afa24a34d7cd4f7e91980cf9eb60b3c17c0e6b","Ethereum / EVM","secp256k1 / ECDSA","NO","0","","","","","1166","2026-04-28T16:21:30.160Z"
"0x46afad5d6a02e6e5f8789789814085cdbd410e6b","Ethereum / EVM","secp256k1 / ECDSA","NO","0","","","","","853","2026-04-28T16:21:36.539Z"
"0x46afb479158ee2e03e3e27cdd1b2ddbd6f410e6b","Ethereum / EVM","secp256k1 / ECDSA","NO","0","","","","","566","2026-04-28T16:21:36.539Z"
"0x46afb7fda29895fdd9a353548373e3ba48160e6b","Ethereum / EVM","secp256k1 / ECDSA","NO","0","","","","","1044","2026-04-28T16:21:36.539Z"
"0x46af4ce86999377cd1408ffbab74eac80d540e6b","Ethereum / EVM","secp256k1 / ECDSA","NO","0","","","","","614","2026-04-28T16:19:37.078Z"
"0x46af531a7774a91b4fb64b458f6447563eb70e6b","Ethereum / EVM","secp256k1 / ECDSA","NO","0","","","","","9713","2026-04-28T16:19:37.078Z"
"0x46af69adab8e190ce548986509ff7a8dbd410e6b","Ethereum / EVM","secp256k1 / ECDSA","NO","0","","","","","775","2026-04-28T16:19:45.163Z"
"0x46af6ffb5dbf5eb128911403b07f7c8fc7e10e6b","Ethereum / EVM","secp256k1 / ECDSA","NO","0","","","","","507","2026-04-28T16:19:45.163Z"
"0x46af70494d2016e3be2d4d9b025727e176210e6b","Ethereum / EVM","secp256k1 / ECDSA","NO","0","","","","","1800","2026-04-28T16:19:45.163Z"
"0x46af7c1050f433abe4501d3cd86b9aadbd410e6b","Ethereum / EVM","secp256k1 / ECDSA","NO","0","","","","","644","2026-04-28T16:19:52.062Z"
"0x46af83b6bee9bcfd4d31eed47a8c32adbd410e6b","Ethereum / EVM","secp256k1 / ECDSA","NO","0","","","","","331","2026-04-28T16:19:52.062Z"
"0x46af87f5540305023b5eb2b3161630a1936b0e6b","Ethereum / EVM","secp256k1 / ECDSA","NO","0","","","","","1012","2026-04-28T16:19:52.062Z"
"0x46af8e7a2ee01134d1757bc19607781dbd410e6b","Ethereum / EVM","secp256k1 / ECDSA","NO","0","","","","","90203","2026-04-28T16:21:30.160Z"
"0x46af917577ff99af04877ea283675486abe30e6b","Ethereum / EVM","secp256k1 / ECDSA","NO","0","","","","","688","2026-04-28T16:21:30.160Z"
"0x46afce0bf9fac42a71e9fb726814909c97200e6b","Ethereum / EVM","secp256k1 / ECDSA","NO","0","","","","","845","2026-04-28T16:21:47.566Z"
"0x46afd98036f9234f87f6e8c2d69076d549360e6b","Ethereum / EVM","secp256k1 / ECDSA","NO","0","","","","","576","2026-04-28T16:21:47.566Z"
"0x46afe371c61b30dbfdec51d319d7826d04300e6b","Ethereum / EVM","secp256k1 / ECDSA","NO","0","","","","","4070","2026-04-28T16:21:47.566Z"
"0x46afe3c77a58629d453a87bc22b06cc27ff40e6b","Ethereum / EVM","secp256k1 / ECDSA","NO","0","","","","","1143","2026-04-28T16:21:53.153Z"
"0x46aff453446d12c9f04055922b94d4ab27970e6b","Ethereum / EVM","secp256k1 / ECDSA","NO","0","","","","","835","2026-04-28T16:21:53.153Z"
"0x46aff9754687e521aff01e85f2e46edd6f410e6b","Ethereum / EVM","secp256k1 / ECDSA","NO","0","","","","","1097","2026-04-28T16:21:53.153Z"
"0x46b223060a1b5a3f4b97f88030d43432b89317b8","Ethereum / EVM","secp256k1 / ECDSA","NO","0","","","","","192","2026-04-28T16:23:09.216Z"
"0x46cba1e9b1e5db32da28428f2fb85587bcb785e7","Ethereum / EVM","secp256k1 / ECDSA","NO","0","","","","","69787","2026-04-28T16:23:09.216Z"
"0x46cd8667575baef2fc852887ada92734dbf82266","Ethereum / EVM","secp256k1 / ECDSA","NO","0","","","","","1143","2026-04-28T16:23:09.216Z"
"0x46d2d80318c93fee42f148d87e2c556e1b678016","Ethereum / EVM","secp256k1 / ECDSA","NO","0","","","","","346","2026-04-28T16:23:13.776Z"
"0x4701e1177828684265bf63bf6af56065a13970ff","Ethereum / EVM","secp256k1 / ECDSA","NO","0","","","","","2588","2026-04-28T16:23:13.776Z"
"0x4714300f2f953cc2b0684c750258de7294053425","Ethereum / EVM","secp256k1 / ECDSA","NO","0","","","","","762","2026-04-28T16:23:13.776Z"
"0x4722534365b3f6990dd56ee670c7b5e84e9436e2","Ethereum / EVM","secp256k1 / ECDSA","NO","0","","","","","1424","2026-04-28T16:25:11.348Z"
"0x472e80e55826f4908b7cbc2790730050ab32f7ec","Ethereum / EVM","secp256k1 / ECDSA","NO","0","","","","","740","2026-04-28T16:25:11.348Z"
"0x473d3a2005499301dc353afa9d0c9c5980b5188c","Ethereum / EVM","secp256k1 / ECDSA","NO","0","","","","","111090","2026-04-28T16:25:11.348Z"
"0x473ede1d40f2aea1f3e57a0352df9972afce6c38","Ethereum / EVM","secp256k1 / ECDSA","NO","0","","","","","6187","2026-04-28T16:25:44.112Z"
"0x4745cd44fef98ac9166fb14d94b4bc53e7d75419","Ethereum / EVM","secp256k1 / ECDSA","NO","0","","","","","18888","2026-04-28T16:25:44.112Z"
"0x47682ee71168a90b250a77c8fb9a7dcaaede82dc","Ethereum / EVM","secp256k1 / ECDSA","NO","0","","","","","947","2026-04-28T16:25:44.112Z"
"0x476c5e26a75bd202a9683ffd34359c0cc15be0ff","Ethereum / EVM","secp256k1 / ECDSA","NO","0","","","","","357","2026-04-28T16:27:30.538Z"
"0x47777ae8f5d1c827d86f9cab452c8ea9156c9cdd","Ethereum / EVM","secp256k1 / ECDSA","NO","0","","","","","302","2026-04-28T16:27:30.538Z"
"0x477b8d5ef7c2c42db84deb555419cd817c336b6f","Ethereum / EVM","secp256k1 / ECDSA","NO","0","","","","","99775","2026-04-28T16:27:30.538Z"
"0x479a72c90bcfc285beabd71d0b9552c7c538896f","Ethereum / EVM","secp256k1 / ECDSA","NO","0","","","","","2412","2026-04-28T16:27:37.852Z"
"0x47b857cc91ae947ddd01b1ec3aa46ec3047a0de8","Ethereum / EVM","secp256k1 / ECDSA","NO","0","","","","","660","2026-04-28T16:27:37.852Z"
"0x47d23312f871d9581a639bae73ad2d5aadd6aa43","Ethereum / EVM","secp256k1 / ECDSA","NO","0","","","","","689","2026-04-28T16:27:37.852Z"
"0x47d544473819299b2b7f579b27e10220268ead1d","Ethereum / EVM","secp256k1 / ECDSA","NO","0","","","","","25449","2026-04-28T17:47:05.574Z"
"0x4b328db2b5b5525b716460f225ee1d3215a3950f","Ethereum / EVM","secp256k1 / ECDSA","NO","0","","","","","127758","2026-05-01T16:18:43.181Z"
"0x47d8700c4cd0a813532915be78ee083a8ce77f3d","Ethereum / EVM","secp256k1 / ECDSA","NO","0","","","","","447717","2026-04-28T17:47:05.574Z"
"0x47da741e9fada9aff75c0f2df69e9cd2b216b225","Ethereum / EVM","secp256k1 / ECDSA","NO","0","","","","","94266","2026-04-28T17:47:05.574Z"
"0x47da85970c1b6c18c3d0dcf9f94ed1f55a571caa","Ethereum / EVM","secp256k1 / ECDSA","NO","0","","","","","4953","2026-04-28T18:25:44.631Z"
"0x47ddd3aeac003658379bd0d6aac1e05820c7225f","Ethereum / EVM","secp256k1 / ECDSA","NO","0","","","","","180174","2026-04-28T18:25:44.631Z"
"0x47e40b588e49ae7883dcae8ebe1417400384c89e","Ethereum / EVM","secp256k1 / ECDSA","NO","0","","","","","1172","2026-04-28T18:25:44.631Z"
"0x47ffeabe8b659551509743aa5cf2cf3ebf8451ec","Ethereum / EVM","secp256k1 / ECDSA","NO","0","","","","","1333","2026-04-28T18:30:13.738Z"
"0x4805112636bbddfbb7007b7b9b393767e98be41c","Ethereum / EVM","secp256k1 / ECDSA","NO","0","","","","","121027","2026-04-28T18:30:13.738Z"
"0x48052f177160cdc9e09d56e8e0b462d4dd7ce41c","Ethereum / EVM","secp256k1 / ECDSA","NO","0","","","","","368","2026-04-28T18:30:13.738Z"
"0x48058189724995b25aa1470452d78c372f8be41c","Ethereum / EVM","secp256k1 / ECDSA","NO","0","","","","","832","2026-04-28T18:32:24.843Z"
"0x4805c14ccaa8e56ecb12a07829ca7d31262be41c","Ethereum / EVM","secp256k1 / ECDSA","NO","0","","","","","122310","2026-04-28T18:32:24.843Z"
"0x4805f8a43b595560adefa7cf21296cfe447ee41c","Ethereum / EVM","secp256k1 / ECDSA","NO","0","","","","","331","2026-04-28T18:32:24.843Z"
"0x48190bc09eb1d99a6e1dd99e29b2df94caffd33a","Ethereum / EVM","secp256k1 / ECDSA","NO","0","","","","","219","2026-04-28T18:35:06.499Z"
"0x482a60cb9b5868756cff583ee2a3c88970053e13","Ethereum / EVM","secp256k1 / ECDSA","NO","0","","","","","1843","2026-04-28T18:35:06.499Z"
"0x485da3eec22737272e9b81af92f1185199081f6f","Ethereum / EVM","secp256k1 / ECDSA","NO","0","","","","","137853","2026-04-28T18:35:06.499Z"
"0x4865a74be888606b12d16ec9dfc478f65f501b91","Ethereum / EVM","secp256k1 / ECDSA","NO","0","","","","","1478","2026-04-28T18:37:28.168Z"
"0x4867f28b430f477daa9552f9897353641253f1e0","Ethereum / EVM","secp256k1 / ECDSA","NO","0","","","","","125337","2026-04-28T18:37:28.168Z"
"0x486beecb66dbfa8748d1d9b2308663870ce21743","Ethereum / EVM","secp256k1 / ECDSA","NO","0","","","","","6973","2026-04-28T18:37:28.168Z"
"0x487663784c77ba56e32d9fe60485d93c4c319385","Ethereum / EVM","secp256k1 / ECDSA","NO","0","","","","","1168","2026-04-28T19:48:52.343Z"
"0x48989e6eb9e46945b5d5e6e7f41f924cbde471fa","Ethereum / EVM","secp256k1 / ECDSA","NO","0","","","","","113633","2026-04-28T19:48:52.343Z"
"0x48a43c5334c6c547ff53265ce245bf93779c2602","Ethereum / EVM","secp256k1 / ECDSA","NO","0","","","","","17463","2026-04-28T19:48:52.343Z"
"0x48a608495093d2284fbc841a2fb1d42af7e5dcb0","Ethereum / EVM","secp256k1 / ECDSA","NO","0","","","","","168857","2026-04-28T19:54:26.639Z"
"0x48b6ab38807c43977081369ff0a903110433920f","Ethereum / EVM","secp256k1 / ECDSA","NO","0","","","","","191","2026-04-28T19:54:26.639Z"
"0x48b7f338c45d56fbb0110889f14d272a27e9f464","Ethereum / EVM","secp256k1 / ECDSA","NO","0","","","","","147470","2026-04-28T19:54:26.639Z"
"0x48d15c2663243e9cc0ea6ba41a26ca572f97942c","Ethereum / EVM","secp256k1 / ECDSA","NO","0","","","","","144104","2026-04-28T20:01:52.900Z"
"0x48e6728e83438d29237e38d4884d2a2ceb0f2f67","Ethereum / EVM","secp256k1 / ECDSA","NO","0","","","","","166998","2026-04-28T20:01:52.900Z"
"0x48e759d5b7510407bac150e6213587690d8d38e9","Ethereum / EVM","secp256k1 / ECDSA","NO","0","","","","","127947","2026-04-28T20:01:52.900Z"
"0x4901af4e2c9c3619566eeb8051e00b5410608c00","Ethereum / EVM","secp256k1 / ECDSA","NO","0","","","","","125384","2026-04-28T20:06:20.452Z"
"0x49025251bfdd6a2f6123fe48c4fc0120ef5325f8","Ethereum / EVM","secp256k1 / ECDSA","NO","0","","","","","134510","2026-04-28T20:06:20.452Z"
"0x49048044d57e1c92a77f79988d21fa8faf74e97e","Ethereum / EVM","secp256k1 / ECDSA","NO","0","","","","","356","2026-04-28T20:06:20.452Z"
"0x491b5885aa0f46738e3da6ee3c4bab2ad0ac6880","Ethereum / EVM","secp256k1 / ECDSA","NO","0","","","","Error: Scan timeout after 300s","416473","2026-04-28T20:15:18.525Z"
"0x4921bb864de2e557939b074be20ff4b98723b86b","Ethereum / EVM","secp256k1 / ECDSA","NO","0","","","","","398","2026-04-28T20:15:18.525Z"
"0x4950acf3a99b4a0a237edc9932687119f3281b5a","Ethereum / EVM","secp256k1 / ECDSA","NO","0","","","","","114158","2026-04-28T20:15:18.525Z"
"0x4959f7de606960c6adcbf9b838326ea533ef5618","Ethereum / EVM","secp256k1 / ECDSA","NO","0","","","","","144310","2026-04-28T20:20:35.114Z"
"0x495f1862c4fb6dbbbda39d88c568bf5f8f2809a0","Ethereum / EVM","secp256k1 / ECDSA","NO","0","","","","","163979","2026-04-28T20:20:35.114Z"
"0x496a35a65c00b4aed125d19df3871e6b4cb05188","Ethereum / EVM","secp256k1 / ECDSA","NO","0","","","","","830","2026-04-28T20:20:35.114Z"
"0x4976a4a02f38326660d17bf34b431dc6e2eb2327","Ethereum / EVM","secp256k1 / ECDSA","NO","0","","","","Error: Scan timeout after 300s","2305378","2026-04-29T05:40:50.215Z"
"0x49868cd3fbdf52f67210d5bdc9a74d640e6cbbd4","Ethereum / EVM","secp256k1 / ECDSA","NO","0","","","","","228","2026-04-29T05:40:50.215Z"
"0x49898146935edbf274a21ed89fcc3e4e448a0fb3","Ethereum / EVM","secp256k1 / ECDSA","NO","0","","","","","172244","2026-04-29T05:40:50.215Z"
"0x498b6224b333de81f43f85365c2e0432caffa79a","Ethereum / EVM","secp256k1 / ECDSA","NO","0","","","","","331","2026-04-29T05:59:59.007Z"
"0x498c5431eb517101582988fbb36431ddaac8f4b1","Ethereum / EVM","secp256k1 / ECDSA","NO","0","","","","","290","2026-04-29T05:59:59.007Z"
"0x499d1a1b949e17cf083bab61733bf65231d37219","Ethereum / EVM","secp256k1 / ECDSA","NO","0","","","","","125467","2026-04-29T05:59:59.007Z"
"0x49ab7827b9e88b3dc40a73c49e3559b510d39799","Ethereum / EVM","secp256k1 / ECDSA","NO","0","","","","","103690","2026-04-29T06:35:13.283Z"
"0x49b070d8274453a50cb0813271ec5e5e4db09845","Ethereum / EVM","secp256k1 / ECDSA","NO","0","","","","","132272","2026-04-29T06:35:13.283Z"
"0x49b352ffc9a138c5dd4ab86ecc48849b51818caf","Ethereum / EVM","secp256k1 / ECDSA","NO","0","","","","","129139","2026-04-29T06:35:13.283Z"
"0x49b79521827e9319fbb9f3bf75a25fd234f10b4a","Ethereum / EVM","secp256k1 / ECDSA","NO","0","","","","","220","2026-04-29T07:08:49.282Z"
"0x49ca01a86bac382c86ce2d393ee555582a49e26b","Ethereum / EVM","secp256k1 / ECDSA","NO","0","","","","","146551","2026-04-29T07:08:49.282Z"
"0x49df5c7d1f5e5d97697fa91356468e8476822137","Ethereum / EVM","secp256k1 / ECDSA","NO","0","","","","","186465","2026-04-29T07:08:49.282Z"
"0x4a013dc5799959540b407e1e5d59f29548f77cb8","Ethereum / EVM","secp256k1 / ECDSA","NO","0","","","","","121425","2026-04-29T08:05:28.167Z"
"0x4a0183abc9ff8b8bff800de96a4a54c9630114a2","Ethereum / EVM","secp256k1 / ECDSA","NO","0","","","","","225801","2026-04-29T08:05:28.167Z"
"0x4a1f69cf14ca74bab1e55a9c238cadd835f70f3d","Ethereum / EVM","secp256k1 / ECDSA","NO","0","","","","","5311","2026-04-29T08:05:28.167Z"
"0x4a220e6096b25eadb88358cb44068a3248254675","Ethereum / EVM","secp256k1 / ECDSA","NO","0","","","","","366","2026-04-29T08:33:55.146Z"
"0x4a2c0926f21723c56f6899dedbbb3dae83a4c5df","Ethereum / EVM","secp256k1 / ECDSA","NO","0","","","","","186","2026-04-29T08:33:55.146Z"
"0x4a3826bd2e8a31956ad0397a49efde5e0d825238","Ethereum / EVM","secp256k1 / ECDSA","NO","0","","","","","391","2026-04-29T08:33:55.146Z"
"0x4a462ce2b03e5a96733c37f3a798adc2b09ae6d1","Ethereum / EVM","secp256k1 / ECDSA","NO","0","","","","","114076","2026-05-01T08:25:32.734Z"
"0x4a482d4a3e09fd05ddbc08dcd7b60f46583d2a77","Ethereum / EVM","secp256k1 / ECDSA","NO","0","","","","","121060","2026-05-01T08:25:32.734Z"
"0x4a4aaa0155237881fbd5c34bfae16e985a7b068d","Ethereum / EVM","secp256k1 / ECDSA","NO","0","","","","Error: Scan timeout after 300s","5356703","2026-05-01T08:25:32.734Z"
"0x4a4d8fc486deb2fe0a3062a526d6131d45d5b095","Ethereum / EVM","secp256k1 / ECDSA","NO","0","","","","","133246","2026-05-01T08:35:32.245Z"
"0x4a6cbcd1f22ba451dfedaa2c6d1a1e02b3e7b789","Ethereum / EVM","secp256k1 / ECDSA","NO","0","","","","","316","2026-05-01T08:35:32.245Z"
"0x4a7311e085d85819900b70cda3e81892018144e9","Ethereum / EVM","secp256k1 / ECDSA","NO","0","","","","","140594","2026-05-01T08:35:32.245Z"
"0x4a77b4cb42170c1ea7d7753f432caafa02e13913","Ethereum / EVM","secp256k1 / ECDSA","NO","0","","","","","130999","2026-05-01T13:26:09.896Z"
"0x4b3c81af204db81141b96dfc91e8c9ee6499b025","Ethereum / EVM","secp256k1 / ECDSA","NO","0","","","","","127493","2026-05-01T16:18:43.181Z"
"0x4b40323a1f640a5a5f5ad886b5987a91cacc4a4d","Ethereum / EVM","secp256k1 / ECDSA","NO","0","","","","","121668","2026-05-01T16:18:43.181Z"
"0x4a7902131354896cf59de85ed6ae127e793acf0f","Ethereum / EVM","secp256k1 / ECDSA","NO","0","","","","","115321","2026-05-01T13:26:09.896Z"
"0x4a8805532a22b9574cf05949b598b03d1de84e11","Ethereum / EVM","secp256k1 / ECDSA","NO","0","","","","","148596","2026-05-01T13:26:09.896Z"
"0x4a8ab31aca29def0154bc4b7cf6788dab19b947d","Ethereum / EVM","secp256k1 / ECDSA","NO","0","","","","","192","2026-05-01T13:28:35.683Z"
"0x4a95149b05451de9341935b228f071319141b129","Ethereum / EVM","secp256k1 / ECDSA","NO","0","","","","","137864","2026-05-01T13:28:35.683Z"
"0x4aa9c2ce122f30d3f6ac50c01ae28e2387bc937c","Ethereum / EVM","secp256k1 / ECDSA","NO","0","","","","","613","2026-05-01T13:28:35.683Z"
"0x4ab6b0a40df2118230745c83bfd90a28534c8d8f","Ethereum / EVM","secp256k1 / ECDSA","NO","0","","","","","152786","2026-05-01T13:38:24.499Z"
"0x4ad393206569465ffa4f3e0fc34aa181887a5d3e","Ethereum / EVM","secp256k1 / ECDSA","NO","0","","","","","186854","2026-05-01T13:38:24.499Z"
"0x4adf389bd40860fed392f4e6988daf46607cb43e","Ethereum / EVM","secp256k1 / ECDSA","NO","0","","","","","121762","2026-05-01T13:38:24.499Z"
"0x4ae0330d68d5a1b6e8c011353cdbae669bd61bdf","Ethereum / EVM","secp256k1 / ECDSA","NO","0","","","","","122808","2026-05-01T15:10:00.597Z"
"0x4ae20f760bbc45fe26fd5f4a7d594b825f6bf5e6","Ethereum / EVM","secp256k1 / ECDSA","NO","0","","","","","127020","2026-05-01T15:10:00.597Z"
"0x4afc4dab2f50ec61b4ea55ebb0fc5ccb11ce4d29","Ethereum / EVM","secp256k1 / ECDSA","NO","0","","","","","189","2026-05-01T15:10:00.597Z"
"0x4afc8e063edad9016d149110d4b1597b11ce4d29","Ethereum / EVM","secp256k1 / ECDSA","NO","0","","","","","188","2026-05-01T15:10:08.458Z"
"0x4afccf0746566c5c181f5627a058d98b11ce4d29","Ethereum / EVM","secp256k1 / ECDSA","NO","0","","","","","215","2026-05-01T15:10:08.458Z"
"0x4afcf36129f03c984b31251840e8f2ab11ce4d29","Ethereum / EVM","secp256k1 / ECDSA","NO","0","","","","","251","2026-05-01T15:10:08.458Z"
"0x4b02d5e71bf4200794dde0ad4c95394c9a70ebbe","Ethereum / EVM","secp256k1 / ECDSA","NO","0","","","","","91229","2026-05-01T15:19:25.731Z"
"0x4b064894071972d44a5bcb9b3a3ac163b0490097","Ethereum / EVM","secp256k1 / ECDSA","NO","0","","","","","121501","2026-05-01T15:19:25.731Z"
"0x4b0ef4ba8da3eb86f82dd8cd2037e91572d42557","Ethereum / EVM","secp256k1 / ECDSA","NO","0","","","","","139713","2026-05-01T15:19:25.731Z"
"0x4b1006fee6527bf59f7c92115d850be9fa56f6f2","Ethereum / EVM","secp256k1 / ECDSA","NO","0","","","","","122818","2026-05-01T15:28:35.994Z"
"0x4b14a27ff0ad06364ac02d02970cd9d80cc1f8fb","Ethereum / EVM","secp256k1 / ECDSA","NO","0","","","","","120107","2026-05-01T15:28:35.994Z"
"0x4b1af0187305b6a4e4da172b16e3dd5266761d34","Ethereum / EVM","secp256k1 / ECDSA","NO","0","","","","","123189","2026-05-01T15:28:35.994Z"
"0x4b50e9cd587ba6461ea8b2fc5792f16682b81569","Ethereum / EVM","secp256k1 / ECDSA","NO","0","","","","","202546","2026-05-01T16:35:11.444Z"
"0x4b75058a4214a9ed60211eaa78769b6ba33ee8d2","Ethereum / EVM","secp256k1 / ECDSA","NO","0","","","","","122255","2026-05-01T16:35:11.444Z"
"0x4b7852f6eb0684e2cbb74983317a03491ef772e6","Ethereum / EVM","secp256k1 / ECDSA","NO","0","","","","","120881","2026-05-01T16:35:11.444Z"
"0x4b9077aa0c7c4156a21390a228bf195b8de5aa17","Ethereum / EVM","secp256k1 / ECDSA","NO","0","","","","","125847","2026-05-01T17:08:48.369Z"
"0x4bb92c313966c421b8aa488bfa485387da73792a","Ethereum / EVM","secp256k1 / ECDSA","NO","0","","","","","169119","2026-05-01T17:08:48.369Z"
"0x4bdb369d9e7d3ef0bf6d1f4398337f0ac1306b7d","Ethereum / EVM","secp256k1 / ECDSA","NO","0","","","","","131659","2026-05-01T17:08:48.369Z"
"0x4bf01bb35f18682b2a0d47d85f8b9f1e4da83eed","Ethereum / EVM","secp256k1 / ECDSA","NO","0","","","","","124903","2026-05-01T18:07:04.892Z"
"0x4bf9663370a10a8ddef5f68748700e1fbe3ee8c8","Ethereum / EVM","secp256k1 / ECDSA","NO","0","","","","Error: Scan timeout after 300s","974629","2026-05-01T18:07:04.892Z"
"0x4c02fcd8182b73beee1793b5904835d3d8e5f1d5","Ethereum / EVM","secp256k1 / ECDSA","NO","0","","","","","114673","2026-05-01T18:07:04.892Z"
"0x4c1454d083127257335da0990f71c56fa4a8f1d6","Ethereum / EVM","secp256k1 / ECDSA","NO","0","","","","","591","2026-05-01T19:28:19.598Z"
"0x4c1b139a663250cd24ec827cf9596c97129d5c36","Ethereum / EVM","secp256k1 / ECDSA","NO","0","","","","","5395","2026-05-01T19:28:19.598Z"
"0x4c302ce4bba478ea0c10c3f5b6815c0d69717065","Ethereum / EVM","secp256k1 / ECDSA","NO","0","","","","Error: Scan timeout after 300s","597020","2026-05-01T19:28:19.598Z"
"0x4c34d2fd20462a5bbef91e4a8fb56775c6a3a4fb","Ethereum / EVM","secp256k1 / ECDSA","NO","0","","","","","1782","2026-05-01T19:40:27.731Z"
"0x4c36ba29f20839e08c9878fcca7d281c7b38e9ff","Ethereum / EVM","secp256k1 / ECDSA","NO","0","","","","","2266","2026-05-01T19:40:27.731Z"
"0x4c41771e245b0a2a70cd3dd19aacaeb6045ff3d7","Ethereum / EVM","secp256k1 / ECDSA","NO","0","","","","","4111","2026-05-01T19:40:27.731Z"
"0x4c7c81567a10eafcd61b1968b82e786fc2bf82c2","Ethereum / EVM","secp256k1 / ECDSA","NO","0","","","","","162335","2026-05-01T19:43:21.765Z"
"0x4c7ce1f45633299c519640de8dbeccb53af282c2","Ethereum / EVM","secp256k1 / ECDSA","NO","0","","","","","2528","2026-05-01T19:43:21.765Z"
"0x4c7cf4c1ec6149992451d4387a52a70fc2bf82c2","Ethereum / EVM","secp256k1 / ECDSA","NO","0","","","","","823","2026-05-01T19:43:21.765Z"
"0x4c7d2060abba53770609ef4dca6a9d4dd7089299","Ethereum / EVM","secp256k1 / ECDSA","NO","0","","","","","2767","2026-05-01T19:43:38.597Z"
"0x4c7e9e43b7334e757ae066959a951ce619d8a08e","Ethereum / EVM","secp256k1 / ECDSA","NO","0","","","","","4212","2026-05-01T19:43:38.597Z"
"0x4c8177b0c54ccef34fb01c56d7ecf7de138a0e36","Ethereum / EVM","secp256k1 / ECDSA","NO","0","","","","","4848","2026-05-01T19:43:38.597Z"
"0x4c9aa27af87bd2fd7e30ab28430e58dd8dab3cec","Ethereum / EVM","secp256k1 / ECDSA","NO","0","","","","","22816","2026-05-01T20:11:26.587Z"
"0x4c9af439b1a6761b8e549d8d226a468a6b2803a8","Ethereum / EVM","secp256k1 / ECDSA","NO","0","","","","Error: Scan timeout after 300s","1145222","2026-05-01T20:11:26.587Z"
"0x4c9c9c493e79aa5e6854eeb8b7d0e5a65b50ba30","Ethereum / EVM","secp256k1 / ECDSA","NO","0","","","","Error: Scan timeout after 300s","494240","2026-05-01T20:11:26.587Z"
"0x4ca5fa1b1ffb72380a8517d8f1f9b633e58fc929","Ethereum / EVM","secp256k1 / ECDSA","NO","0","","","","","20433","2026-05-01T20:12:39.624Z"
"0x4ca74e2ed39894bd9ca6ee144e687743c7d1c46b","Ethereum / EVM","secp256k1 / ECDSA","NO","0","","","","","3817","2026-05-01T20:12:39.624Z"
"0x4cab8f9e4323d1017b6fe9f292d8cec472d368d6","Ethereum / EVM","secp256k1 / ECDSA","NO","0","","","","","41290","2026-05-01T20:12:39.624Z"
"0x4cb58124ca1a9e6ed42056abab212789e8f1fb91","Ethereum / EVM","secp256k1 / ECDSA","NO","0","","","","","4695","2026-05-01T20:14:00.764Z"
"0x4cb780fd3286f2d10199b61423d1c804bd2a5d2b","Ethereum / EVM","secp256k1 / ECDSA","NO","0","","","","","20060","2026-05-01T20:14:00.764Z"
"0x4cf7de0f1e6d3c1fc790b6f2b6fdcfd92adc9241","Ethereum / EVM","secp256k1 / ECDSA","NO","0","","","","","50149","2026-05-01T20:14:00.764Z"
"0x4cfec2bba973a7e33ae9088e9d0882d4ba6b89bb","Ethereum / EVM","secp256k1 / ECDSA","NO","0","","","","","5040","2026-05-01T20:14:15.711Z"
"0x4d032d7508bb78fef0d239dad27cb347226f66c9","Ethereum / EVM","secp256k1 / ECDSA","NO","0","","","","","744","2026-05-01T20:14:15.711Z"
"0x4d0f03b83650b33138764aaaf3da76861576ff98","Ethereum / EVM","secp256k1 / ECDSA","NO","0","","","","","6153","2026-05-01T20:14:15.711Z"
"0x4d0ffe81540f0755d70ede0d7430ae861576ff98","Ethereum / EVM","secp256k1 / ECDSA","NO","0","","","","","1030","2026-05-01T20:14:27.940Z"
"0x4d197afa82d3e6df2219fdfd1eecde5e3e3e9f04","Ethereum / EVM","secp256k1 / ECDSA","NO","0","","","","","6183","2026-05-01T20:14:27.940Z"
"0x4d224452801aced8b2f0aebe155379bb5d594381","Ethereum / EVM","secp256k1 / ECDSA","NO","0","","","","","1639","2026-05-01T20:14:27.940Z"
"0x4d28801043fd3b629a55c048e3faf534d569d2e9","Ethereum / EVM","secp256k1 / ECDSA","NO","0","","","","","151520","2026-05-01T20:17:38.423Z"
"0x4d29cbe8304f9368cdb7894be4303ec028c050e0","Ethereum / EVM","secp256k1 / ECDSA","NO","0","","","","","19149","2026-05-01T20:17:38.423Z"
"0x4d37682867754d5909c70a64b9bb76bf9b5d2492","Ethereum / EVM","secp256k1 / ECDSA","NO","0","","","","","12495","2026-05-01T20:17:38.423Z"
"0x4d3a5d504612deb84360f96b8af24c5543115ffc","Ethereum / EVM","secp256k1 / ECDSA","NO","0","","","","","12414","2026-05-01T20:18:12.905Z"
"0x4d4451fcaab82cf05ea1b0d530edbde1c61b8302","Ethereum / EVM","secp256k1 / ECDSA","NO","0","","","","","9231","2026-05-01T20:18:12.905Z"
"0x4d474ce8b881b5b7902d2f18fae602b0267c0d54","Ethereum / EVM","secp256k1 / ECDSA","NO","0","","","","","10735","2026-05-01T20:18:12.905Z"
"0x4d5214d1a5d455f58a2229bf01e222e0c75a6960","Ethereum / EVM","secp256k1 / ECDSA","NO","0","","","","","33197","2026-05-01T20:24:27.978Z"
"0x4d5fa1839aed8dce51c5fe3bc23f4fc08e02702e","Ethereum / EVM","secp256k1 / ECDSA","NO","0","","","","Error: Scan timeout after 300s","300001","2026-05-01T20:24:27.978Z"
"0x4d77a1144dc74f26838b69391a6d3b1e403d0990","Ethereum / EVM","secp256k1 / ECDSA","NO","0","","","","","33049","2026-05-01T20:24:27.978Z"
"0x4d8a5979125f29a27d0db55df754a9bcb5ac5cb7","Ethereum / EVM","secp256k1 / ECDSA","NO","0","","","","","36974","2026-05-01T20:26:27.793Z"
"0x4d9885422892ad4a2869211434e16e22967328cd","Ethereum / EVM","secp256k1 / ECDSA","NO","0","","","","","73015","2026-05-01T20:26:27.793Z"
"0x556c8b1c32744692ae52ab2856fdcd8d54acc6c8","Ethereum / EVM","secp256k1 / ECDSA","NO","0","","","","","26919","2026-05-02T03:59:58.020Z"
"0x556e536a06f1613f97bf38a01b351fddd586a8ed","Ethereum / EVM","secp256k1 / ECDSA","NO","0","","","","","4753","2026-05-02T03:59:58.020Z"
"0x4d98e4a95157decf824580bdea30324ab27249b2","Ethereum / EVM","secp256k1 / ECDSA","NO","0","","","","","2666","2026-05-01T20:26:27.793Z"
"0x4da27a545c0c5b758a6ba100e3a049001de870f5","Ethereum / EVM","secp256k1 / ECDSA","NO","0","","","","","774","2026-05-01T20:26:43.942Z"
"0x4db0a33001eff0b1a551fb7209dcced3145eebec","Ethereum / EVM","secp256k1 / ECDSA","NO","0","","","","","175","2026-05-01T20:26:43.942Z"
"0x4dbd4fc535ac27206064b68ffcf827b0a60bab3f","Ethereum / EVM","secp256k1 / ECDSA","NO","0","","","","","406","2026-05-01T20:26:43.942Z"
"0x4dc84a628a5d41104d99da5f503959293a5d29b1","Ethereum / EVM","secp256k1 / ECDSA","NO","0","","","","","19257","2026-05-01T20:27:10.276Z"
"0x4dce51d9b7103aa0a15d4716e1a54b9446e3e13a","Ethereum / EVM","secp256k1 / ECDSA","NO","0","","","","","2682","2026-05-01T20:27:10.276Z"
"0x4ddc2d193948926d02f9b1fe9e1daa0718270ed5","Ethereum / EVM","secp256k1 / ECDSA","NO","0","","","","","756","2026-05-01T20:27:10.276Z"
"0x4defb3cb6830a7ea4bf5c2ab57f21775e222033e","Ethereum / EVM","secp256k1 / ECDSA","NO","0","","","","Error: Scan timeout after 300s","608109","2026-05-01T20:37:34.656Z"
"0x4dfc60c2bd9a2cba7aa8de818c30db504e9b42ce","Ethereum / EVM","secp256k1 / ECDSA","NO","0","","","","","11371","2026-05-01T20:37:34.656Z"
"0x4e15361fd6b4bb609fa63c81a2be19d873717870","Ethereum / EVM","secp256k1 / ECDSA","NO","0","","","","","383","2026-05-01T20:37:34.656Z"
"0x4e1f2c80ab94238e3c0923e50dffaebdac654d39","Ethereum / EVM","secp256k1 / ECDSA","NO","0","","","","","456","2026-05-01T20:38:21.867Z"
"0x4e1f52bf18f43827817573b7b253be8dac654d39","Ethereum / EVM","secp256k1 / ECDSA","NO","0","","","","","37738","2026-05-01T20:38:21.867Z"
"0x4e1fe800fd62e50862adf14cbfba60e9ce384d39","Ethereum / EVM","secp256k1 / ECDSA","NO","0","","","","","3996","2026-05-01T20:38:21.867Z"
"0x4e1ffd738c16f12c957e97859257efa5cb634d39","Ethereum / EVM","secp256k1 / ECDSA","NO","0","","","","","6052","2026-05-01T20:38:55.933Z"
"0x4e327290d4cb90ceef79b9d459e239c6327d29e0","Ethereum / EVM","secp256k1 / ECDSA","NO","0","","","","","24073","2026-05-01T20:38:55.933Z"
"0x4e3288c9ca110bcc82bf38f09a7b425c095d92bf","Ethereum / EVM","secp256k1 / ECDSA","NO","0","","","","","1346","2026-05-01T20:38:55.933Z"
"0x57025ff2181a794cf6e8acf2de74059e9ce2b519","Ethereum / EVM","secp256k1 / ECDSA","NO","0","","","","","10727","2026-05-02T13:33:17.808Z"
"0x570aaa268d0b30c842c8a146287781839be31f61","Ethereum / EVM","secp256k1 / ECDSA","NO","0","","","","","10353","2026-05-02T13:33:17.808Z"
"0x4e3fbd56cd56c3e72c1403e103b45db9da5b9d2b","Ethereum / EVM","secp256k1 / ECDSA","NO","0","","","","","934","2026-05-01T20:40:05.826Z"
"0x4e586cd57ce75a73923d78aa12d2d1a91e912bd9","Ethereum / EVM","secp256k1 / ECDSA","NO","0","","","","","6155","2026-05-01T20:40:05.826Z"
"0x4e5a85785eb2dae7b36dd1cd6af1dbf97f46ecde","Ethereum / EVM","secp256k1 / ECDSA","NO","0","","","","","57257","2026-05-01T20:40:05.826Z"
"0x4e5b2e1dc63f6b91cb6cd759936495434c7e972f","Ethereum / EVM","secp256k1 / ECDSA","NO","0","","","","Error: Scan timeout after 300s","1138629","2026-05-01T20:59:16.889Z"
"0x4e5c732fbd8f6c3cd99585b12aa02f8eb421c23e","Ethereum / EVM","secp256k1 / ECDSA","NO","0","","","","","4600","2026-05-01T20:59:16.889Z"
"0x4e78c32953fc9e427403899d3194beb37bf080ff","Ethereum / EVM","secp256k1 / ECDSA","NO","0","","","","","760","2026-05-01T20:59:16.889Z"
"0x4e9d57f8c75e76f2ee42429af1aeb71bcb830e9a","Ethereum / EVM","secp256k1 / ECDSA","NO","0","","","","","2779","2026-05-01T20:59:23.168Z"
"0x4ebdf703948ddcea3b11f675b4d1fba9d2414a14","Ethereum / EVM","secp256k1 / ECDSA","NO","0","","","","","293","2026-05-01T20:59:23.168Z"
"0x4ecd6c4802c4fd2da0445ea3469735fbd1cc7677","Ethereum / EVM","secp256k1 / ECDSA","NO","0","","","","","506","2026-05-01T20:59:23.168Z"
"0x4ecf0aaed8bc4272fe40adefd24ef6ad3a86d3de","Ethereum / EVM","secp256k1 / ECDSA","NO","0","","","","","41508","2026-05-01T21:00:31.585Z"
"0x4ee5b8652bd8526f8cdef459b3723c5810914386","Ethereum / EVM","secp256k1 / ECDSA","NO","0","","","","","5314","2026-05-01T21:00:31.585Z"
"0x4eead15ad7230cb9c4b01f509facf61f5a9e3748","Ethereum / EVM","secp256k1 / ECDSA","NO","0","","","","","16132","2026-05-01T21:00:31.585Z"
"0x4ef0fa9c1f3e468e942f4ac48da9c5cd2f7be1fb","Ethereum / EVM","secp256k1 / ECDSA","NO","0","","","","Error: Scan timeout after 300s","1205882","2026-05-01T21:20:49.243Z"
"0x4f01a757f7bb099775ac6b628ff041b9c1dc6c94","Ethereum / EVM","secp256k1 / ECDSA","NO","0","","","","","221","2026-05-01T21:20:49.243Z"
"0x4f0a06267be89bb3a3005605d27561717f43ebc3","Ethereum / EVM","secp256k1 / ECDSA","NO","0","","","","","6094","2026-05-01T21:20:49.243Z"
"0x4f1400172690be90a8cd14a1b7846ca8c16a45e1","Ethereum / EVM","secp256k1 / ECDSA","NO","0","","","","","26932","2026-05-01T21:21:40.566Z"
"0x4f16c158f8a5694604f410e8131be8a5a3dd66e3","Ethereum / EVM","secp256k1 / ECDSA","NO","0","","","","","2846","2026-05-01T21:21:40.566Z"
"0x4f1cc20ba4d38c7b5c9dafab14a0256128b714a0","Ethereum / EVM","secp256k1 / ECDSA","NO","0","","","","","2641","2026-05-01T21:21:40.566Z"
"0x4f23e8b71b91242c1c4683dd843ed200de4c7d99","Ethereum / EVM","secp256k1 / ECDSA","NO","0","","","","","285","2026-05-01T21:21:43.241Z"
"0x4f2b33840227ddd0e28da8d4185d6fa07adfed87","Ethereum / EVM","secp256k1 / ECDSA","NO","0","","","","","830","2026-05-01T21:21:43.241Z"
"0x4f30a9d41b80ecc5b94306ab4364951ae3170210","Ethereum / EVM","secp256k1 / ECDSA","NO","0","","","","","413","2026-05-01T21:21:43.241Z"
"0x4f3aff3a747fcade12598081e80c6605a8be192f","Ethereum / EVM","secp256k1 / ECDSA","NO","0","","","","","740","2026-05-01T21:37:59.670Z"
"0x4f44e26b2e07d0e5cc801f69233c138125ff84a3","Ethereum / EVM","secp256k1 / ECDSA","NO","0","","","","","3127","2026-05-01T21:37:59.670Z"
"0x4f4e6cc779ab8715a732736dd1d49c7045074af4","Ethereum / EVM","secp256k1 / ECDSA","NO","0","","","","Error: Scan timeout after 300s","474550","2026-05-01T21:37:59.670Z"
"0x4f6742badb049791cd9a37ea913f2bac38d01279","Ethereum / EVM","secp256k1 / ECDSA","NO","0","","","","Error: Scan timeout after 300s","969992","2026-05-01T22:03:21.176Z"
"0x4f7559cdf8759b47e3f8d5b59485bd540d604b64","Ethereum / EVM","secp256k1 / ECDSA","NO","0","","","","","1484","2026-05-01T22:03:21.176Z"
"0x4f82d8d7284b059af17984802f4c5ade9b381ab3","Ethereum / EVM","secp256k1 / ECDSA","NO","0","","","","","2059","2026-05-01T22:03:21.176Z"
"0x4f8c1b0c7bbe3c1f2d77c4849d6f77513f61a654","Ethereum / EVM","secp256k1 / ECDSA","NO","0","","","","","5409","2026-05-01T22:04:37.891Z"
"0x4f9eb94fa444b66534577550a8eb7281b68d2423","Ethereum / EVM","secp256k1 / ECDSA","NO","0","","","","","64644","2026-05-01T22:04:37.891Z"
"0x4fabb145d64652a948d72533023f6e7a623c7c53","Ethereum / EVM","secp256k1 / ECDSA","NO","0","","","","","2138","2026-05-01T22:04:37.891Z"
"0x4fc75007f7a2a44d337c58eee8306143a78da85e","Ethereum / EVM","secp256k1 / ECDSA","NO","0","","","","","34376","2026-05-01T22:07:06.998Z"
"0x4fdc45144b415ae2b3ee65b8a99116185d0c0e6b","Ethereum / EVM","secp256k1 / ECDSA","NO","0","","","","","13895","2026-05-01T22:07:06.998Z"
"0x4fe38cab4049101b3bf0331f19f7b6f5fc8c466f","Ethereum / EVM","secp256k1 / ECDSA","NO","0","","","","","99327","2026-05-01T22:07:06.998Z"
"0x4fe7c1310fdcac6de0fc0b5e21585948de464771","Ethereum / EVM","secp256k1 / ECDSA","NO","0","","","","","23407","2026-05-01T22:08:05.932Z"
"0x4fef9d741011476750a243ac70b9789a63dd47df","Ethereum / EVM","secp256k1 / ECDSA","NO","0","","","","","2843","2026-05-01T22:08:05.932Z"
"0x5000ac45a5575c12f03694ab73b0a9619d8cd716","Ethereum / EVM","secp256k1 / ECDSA","NO","0","","","","","30596","2026-05-01T22:08:05.932Z"
"0x5007075dcf3c2dff088809313e2400cea477d67b","Ethereum / EVM","secp256k1 / ECDSA","NO","0","","","","","57907","2026-05-01T22:09:41.784Z"
"0x50152da5f72cbfc5ca02e7b74eae46230e8f5f0f","Ethereum / EVM","secp256k1 / ECDSA","NO","0","","","","","29487","2026-05-01T22:09:41.784Z"
"0x5032b0a3e030898a1808cf281a99beb4859088e0","Ethereum / EVM","secp256k1 / ECDSA","NO","0","","","","","2910","2026-05-01T22:09:41.784Z"
"0x50553500f157e5c3b0bf4ddfd64dd8229492883d","Ethereum / EVM","secp256k1 / ECDSA","NO","0","","","","Error: Scan timeout after 300s","983774","2026-05-01T22:26:14.048Z"
"0x505e71695e9bc45943c58adec1650577bca68fd9","Ethereum / EVM","secp256k1 / ECDSA","NO","0","","","","","750","2026-05-01T22:26:14.048Z"
"0x5065ec3931e506af690d672817cf0ec866c5fef8","Ethereum / EVM","secp256k1 / ECDSA","NO","0","","","","","1993","2026-05-01T22:26:14.048Z"
"0x571714ef046bd03ce7c0d541b42d3e2912ee8309","Ethereum / EVM","secp256k1 / ECDSA","NO","0","","","","","62469","2026-05-02T13:36:19.684Z"
"0x5089efef0f53895466680ef1470f5a2e58196687","Ethereum / EVM","secp256k1 / ECDSA","NO","0","","","","","2331","2026-05-01T22:26:30.300Z"
"0x508cc0504a98374983375ba26343021e778e8249","Ethereum / EVM","secp256k1 / ECDSA","NO","0","","","","","1914","2026-05-01T22:26:30.300Z"
"0x50b0680d6e0aeef902e3da2763e3da08cdc57c4a","Ethereum / EVM","secp256k1 / ECDSA","NO","0","","","","","5579","2026-05-01T22:26:30.300Z"
"0x50b0ff7643c878dd40fc6820fe81d5340362b271","Ethereum / EVM","secp256k1 / ECDSA","NO","0","","","","","4041","2026-05-01T22:48:30.763Z"
"0x50b728d8d964fd00c2d0aad81718b71311fef68a","Ethereum / EVM","secp256k1 / ECDSA","NO","0","","","","","275","2026-05-01T22:48:30.763Z"
"0x50cadc9cf05035c8d55a79b6326c712eb8e138d9","Ethereum / EVM","secp256k1 / ECDSA","NO","0","","","","Error: Scan timeout after 300s","952782","2026-05-01T22:48:30.763Z"
"0x50d44feefffb159d8033faca469c87869dfd7e81","Ethereum / EVM","secp256k1 / ECDSA","NO","0","","","","Error: Scan timeout after 300s","383970","2026-05-01T23:09:56.253Z"
"0x50d487abb9bcc8553630f58d1e32f8b0dafd7e81","Ethereum / EVM","secp256k1 / ECDSA","NO","0","","","","","1115","2026-05-01T23:09:56.253Z"
"0x50e325a95ea626d9c893718e8220298553025224","Ethereum / EVM","secp256k1 / ECDSA","NO","0","","","","Error: Scan timeout after 300s","357224","2026-05-01T23:09:56.253Z"
"0x50effa64898969299ef4d1911b1655ee6b4985be","Ethereum / EVM","secp256k1 / ECDSA","NO","0","","","","","3511","2026-05-01T23:10:11.700Z"
"0x50fb143a8cb7eb1b6845a26e52787d8969e544ef","Ethereum / EVM","secp256k1 / ECDSA","NO","0","","","","","182","2026-05-01T23:10:11.700Z"
"0x5108f6cdca488603d55d7d3f1cbd926c672a7423","Ethereum / EVM","secp256k1 / ECDSA","NO","0","","","","","3828","2026-05-01T23:10:11.700Z"
"0x512ca7dbb20177bbb9e6a2fc671de4e91baf0302","Ethereum / EVM","secp256k1 / ECDSA","NO","0","","","","Error: Scan timeout after 300s","308323","2026-05-01T23:20:20.176Z"
"0x5137265acfe8dab630428eda2ff12341762492af","Ethereum / EVM","secp256k1 / ECDSA","NO","0","","","","","12998","2026-05-01T23:20:20.176Z"
"0x513c7e3a9c69ca3e22550ef58ac1c0088e918fff","Ethereum / EVM","secp256k1 / ECDSA","NO","0","","","","","913","2026-05-01T23:20:20.176Z"
"0x5141a5c936bc48c0d91c0ff12c5e634f18a64936","Ethereum / EVM","secp256k1 / ECDSA","NO","0","","","","","443","2026-05-01T23:20:29.995Z"
"0x5145a1e0bba59c9819d519c17a53fdcf182aef7c","Ethereum / EVM","secp256k1 / ECDSA","NO","0","","","","","2681","2026-05-01T23:20:29.995Z"
"0x514910771af9ca656af840dff83e8264ecf986ca","Ethereum / EVM","secp256k1 / ECDSA","NO","0","","","","","340","2026-05-01T23:20:29.995Z"
"0x514a8eaae1b72d1b0ae3ce6dff3a963cf4586b0e","Ethereum / EVM","secp256k1 / ECDSA","NO","0","","","","","182240","2026-05-01T23:26:17.882Z"
"0x515e60e056d159b760b4771f9f96f7855f4e9f3c","Ethereum / EVM","secp256k1 / ECDSA","NO","0","","","","","35056","2026-05-01T23:26:17.882Z"
"0x518277c010da7f3badccb41d302e00fb1c3565ab","Ethereum / EVM","secp256k1 / ECDSA","NO","0","","","","","125849","2026-05-01T23:26:17.882Z"
"0x5186f29f8492ee4b49fbee62b6bc46913cb35562","Ethereum / EVM","secp256k1 / ECDSA","NO","0","","","","","3895","2026-05-02T00:35:29.210Z"
"0x51971c86b04516062c1e708cdc048cb04fbe959f","Ethereum / EVM","secp256k1 / ECDSA","NO","0","","","","Error: Scan timeout after 300s","933429","2026-05-02T00:35:29.210Z"
"0x51b14008f7b1ec9ffeb2e79defae6ec5e12bf0cd","Ethereum / EVM","secp256k1 / ECDSA","NO","0","","","","","1786","2026-05-02T00:35:29.210Z"
"0x51b4096d4bde1b883f6d6ca3b1b7eb54dc20b913","Ethereum / EVM","secp256k1 / ECDSA","NO","0","","","","","450","2026-05-02T00:35:38.717Z"
"0x51bd15ad182db6c922eefc2ef5170795f1245a8b","Ethereum / EVM","secp256k1 / ECDSA","NO","0","","","","","2581","2026-05-02T00:35:38.717Z"
"0x51bf08c4e95a283f56d0444cc1949138ec6dd3f5","Ethereum / EVM","secp256k1 / ECDSA","NO","0","","","","","181","2026-05-02T00:35:38.717Z"
"0x51bff08073acaa7ca3d54b630d7da5acec0c0aa7","Ethereum / EVM","secp256k1 / ECDSA","NO","0","","","","","4743","2026-05-02T00:35:57.005Z"
"0x51c72848c68a965f66fa7a88855f9f7784502a7f","Ethereum / EVM","secp256k1 / ECDSA","NO","0","","","","","404","2026-05-02T00:35:57.005Z"
"0x51d248d9f83f75db1b1aaa8787923c1ede03d26c","Ethereum / EVM","secp256k1 / ECDSA","NO","0","","","","","8063","2026-05-02T00:35:57.005Z"
"0x51dbb96f2df571e57305e907c7167f1e087efb5c","Ethereum / EVM","secp256k1 / ECDSA","NO","0","","","","","2002","2026-05-02T00:54:49.889Z"
"0x51dbd97fa14f4d78f8afc2e92a692a9e087efb5c","Ethereum / EVM","secp256k1 / ECDSA","NO","0","","","","Error: Scan timeout after 300s","300147","2026-05-02T00:54:49.889Z"
"0x51e36a60585d55cf07f524f9432735147c14ab93","Ethereum / EVM","secp256k1 / ECDSA","NO","0","","","","Error: Scan timeout after 300s","826905","2026-05-02T00:54:49.889Z"
"0x51ee746b4cf8f112e20db42a628f259c09be253f","Ethereum / EVM","secp256k1 / ECDSA","NO","0","","","","","13440","2026-05-02T00:55:39.359Z"
"0x5238b47a0acd39fb4049a48658e6fc32307492ed","Ethereum / EVM","secp256k1 / ECDSA","NO","0","","","","","1218","2026-05-02T00:55:39.359Z"
"0x523c07a198aeb4cdd097efa9ac2426cd23be80b2","Ethereum / EVM","secp256k1 / ECDSA","NO","0","","","","","18849","2026-05-02T00:55:39.359Z"
"0x52580850480a8303ecc2b722613b8c8236fbabb4","Ethereum / EVM","secp256k1 / ECDSA","NO","0","","","","","8289","2026-05-02T00:57:51.621Z"
"0x5258ef819ad67924d0c9ce1be8cd2ccfefd045fb","Ethereum / EVM","secp256k1 / ECDSA","NO","0","","","","","101984","2026-05-02T00:57:51.621Z"
"0x525a3627fe1e9d357a2969c687d7827e0f865a2d","Ethereum / EVM","secp256k1 / ECDSA","NO","0","","","","","13816","2026-05-02T00:57:51.621Z"
"0x5265c4bd98306f33fa2a09c94034137a7e433d25","Ethereum / EVM","secp256k1 / ECDSA","NO","0","","","","","50512","2026-05-02T01:01:12.746Z"
"0x5266aea59faf78025cb1149c7da0b8608dbd404b","Ethereum / EVM","secp256k1 / ECDSA","NO","0","","","","","128040","2026-05-02T01:01:12.746Z"
"0x526f128e5ae8f1699e19860946bc10e6cfc67e39","Ethereum / EVM","secp256k1 / ECDSA","NO","0","","","","","15192","2026-05-02T01:01:12.746Z"
"0x5283beced7adf6d003225c13896e536f2d4264ff","Ethereum / EVM","secp256k1 / ECDSA","NO","0","","","","","1226","2026-05-02T01:18:14.332Z"
"0x5295625ab16fe1a88416fd04d5e96aee94019525","Ethereum / EVM","secp256k1 / ECDSA","NO","0","","","","Error: Scan timeout after 300s","1014779","2026-05-02T01:18:14.332Z"
"0x52aa899454998be5b000ad077a46bbe360f4e497","Ethereum / EVM","secp256k1 / ECDSA","NO","0","","","","","354","2026-05-02T01:18:14.332Z"
"0x52b512b7d41080886084b184d8fa201af34aa8c3","Ethereum / EVM","secp256k1 / ECDSA","NO","0","","","","","1527","2026-05-02T01:18:26.900Z"
"0x52b7087655ffc5582e4a3eed8ccb252f073ca8c3","Ethereum / EVM","secp256k1 / ECDSA","NO","0","","","","","2887","2026-05-02T01:18:26.900Z"
"0x52b7ac10e1286451ac5a1d2bc1d107781a0aa8c3","Ethereum / EVM","secp256k1 / ECDSA","NO","0","","","","","632","2026-05-02T01:18:26.900Z"
"0x52b7fd472de230c961567816a61d07981a0aa8c3","Ethereum / EVM","secp256k1 / ECDSA","NO","0","","","","","10830","2026-05-02T01:18:52.388Z"
"0x52bdbcfdcc7942cab3711417ffefd2de36d55c9f","Ethereum / EVM","secp256k1 / ECDSA","NO","0","","","","","5287","2026-05-02T01:18:52.388Z"
"0x52bdeeb0b27e6996b302332e4cf05bc7ac706201","Ethereum / EVM","secp256k1 / ECDSA","NO","0","","","","","6062","2026-05-02T01:18:52.388Z"
"0x52ec2f3d7c5977a8e558c8d9c6000b615098e8fc","Ethereum / EVM","secp256k1 / ECDSA","NO","0","","","","","1197","2026-05-02T01:19:50.926Z"
"0x530487a4394e61db0715c4348f256cd02d7d77f5","Ethereum / EVM","secp256k1 / ECDSA","NO","0","","","","","38877","2026-05-02T01:19:50.926Z"
"0x5306b2cbe9abb9a72c8fb8a258feb941b5eade14","Ethereum / EVM","secp256k1 / ECDSA","NO","0","","","","","14414","2026-05-02T01:19:50.926Z"
"0x530e0a6993ea99ffc96615af43f327225a5fe536","Ethereum / EVM","secp256k1 / ECDSA","NO","0","","","","Error: Scan timeout after 300s","1077683","2026-05-02T01:38:07.675Z"
"0x532314369fb0b61a53d18759250dad210098dcd1","Ethereum / EVM","secp256k1 / ECDSA","NO","0","","","","","3573","2026-05-02T01:38:07.675Z"
"0x5323f881e194394efd19f7a1f833b6be275ca83b","Ethereum / EVM","secp256k1 / ECDSA","NO","0","","","","","8900","2026-05-02T01:38:07.675Z"
"0x532bffe639d4c4aae95e6522f066b2c2d66c59fd","Ethereum / EVM","secp256k1 / ECDSA","NO","0","","","","","181221","2026-05-02T01:41:18.100Z"
"0x5333eb1e32522f1893b7c9fea3c263807a02d561","Ethereum / EVM","secp256k1 / ECDSA","NO","0","","","","","170","2026-05-02T01:41:18.100Z"
"0x5359224077e5419a0d4e59696389232ac0eac703","Ethereum / EVM","secp256k1 / ECDSA","NO","0","","","","","1580","2026-05-02T01:41:18.100Z"
"0x53691596d1bce8cea565b84d4915e69e03d9c99d","Ethereum / EVM","secp256k1 / ECDSA","NO","0","","","","","318","2026-05-02T01:58:50.135Z"
"0x536c4921d1aafde6a5cda882fb5ca046f3601c65","Ethereum / EVM","secp256k1 / ECDSA","NO","0","","","","Error: Scan timeout after 300s","1010989","2026-05-02T01:58:50.135Z"
"0x536f4479e5c2a487c2e36dcb0c6b1018804decaf","Ethereum / EVM","secp256k1 / ECDSA","NO","0","","","","","35523","2026-05-02T01:58:50.135Z"
"0x53715e1e1d68e532fe2383c31e9a127f57ab89d6","Ethereum / EVM","secp256k1 / ECDSA","NO","0","","","","","2512","2026-05-02T02:04:24.929Z"
"0x572d8f7fbb8105f17d4514f3b787658bd6c96541","Ethereum / EVM","secp256k1 / ECDSA","NO","0","","","","","96348","2026-05-02T13:36:19.684Z"
"0x53716bada6268db018a665fefd3530730d0d6bd5","Ethereum / EVM","secp256k1 / ECDSA","NO","0","","","","","366","2026-05-02T02:04:24.929Z"
"0x537c351c374b013f4db9bbe2b078803ecffc6d54","Ethereum / EVM","secp256k1 / ECDSA","NO","0","","","","Error: Scan timeout after 300s","314058","2026-05-02T02:04:24.929Z"
"0x53891681bf6a80f6029f61914190cd8ed61155eb","Ethereum / EVM","secp256k1 / ECDSA","NO","0","","","","","4078","2026-05-02T02:04:40.261Z"
"0x5389c0467010e318b581990d4a8222979fc001d2","Ethereum / EVM","secp256k1 / ECDSA","NO","0","","","","","412","2026-05-02T02:04:40.261Z"
"0x538db501331a17621a5b486566de2ee0af908695","Ethereum / EVM","secp256k1 / ECDSA","NO","0","","","","","2976","2026-05-02T02:04:40.261Z"
"0x538db84aea1510dc90c4d229894dac9cf6973c76","Ethereum / EVM","secp256k1 / ECDSA","NO","0","","","","","5034","2026-05-02T02:04:47.833Z"
"0x5392bd00571157fa11103b0ee6d492c9563a6799","Ethereum / EVM","secp256k1 / ECDSA","NO","0","","","","","538","2026-05-02T02:04:47.833Z"
"0x539bde0d7dbd336b79148aa742883198bbf60342","Ethereum / EVM","secp256k1 / ECDSA","NO","0","","","","","1322","2026-05-02T02:04:47.833Z"
"0x53aabccae8c1713a6a150d9981d2ee867d0720e8","Ethereum / EVM","secp256k1 / ECDSA","NO","0","","","","","305","2026-05-02T02:04:54.284Z"
"0x53b45822091ea6c61de2184a60943f3c4cd44370","Ethereum / EVM","secp256k1 / ECDSA","NO","0","","","","","535","2026-05-02T02:04:54.284Z"
"0x53c1bc540dff8828675315037dfaf4d966620d8f","Ethereum / EVM","secp256k1 / ECDSA","NO","0","","","","","4364","2026-05-02T02:04:54.284Z"
"0x53c74ad77d256b6f56f0491f21e87688e3bc4d4f","Ethereum / EVM","secp256k1 / ECDSA","NO","0","","","","","11120","2026-05-02T02:10:20.452Z"
"0x53cac3f24bf4d2d338aae608d16da5b6980e6bee","Ethereum / EVM","secp256k1 / ECDSA","NO","0","","","","","11102","2026-05-02T02:10:20.452Z"
"0x53cc1b407b9cb27efec629b35dbda04d05b4fa27","Ethereum / EVM","secp256k1 / ECDSA","NO","0","","","","Error: Scan timeout after 300s","300168","2026-05-02T02:10:20.452Z"
"0x53d66c144d58b40a40c49eb14e147f10c8dc7b83","Ethereum / EVM","secp256k1 / ECDSA","NO","0","","","","","5724","2026-05-02T02:10:40.838Z"
"0x53d821750f6b2196c6a6ceecc3677e2d9bc93ec3","Ethereum / EVM","secp256k1 / ECDSA","NO","0","","","","","10897","2026-05-02T02:10:40.838Z"
"0x57425d8188df01a659d5a9a9b36aff7954c588ac","Ethereum / EVM","secp256k1 / ECDSA","NO","0","","","","","15072","2026-05-02T13:36:19.684Z"
"0x53e0bca35ec356bd5dddfebbd1fc0fd03fabad39","Ethereum / EVM","secp256k1 / ECDSA","NO","0","","","","","1957","2026-05-02T02:10:40.838Z"
"0x53eba8938e9ed158660ab7a7a2a4b244efc9640a","Ethereum / EVM","secp256k1 / ECDSA","NO","0","","","","Error: Scan timeout after 300s","735726","2026-05-02T02:40:07.896Z"
"0x53fb0162bc8d5eec2fb1532923c4f8997bace111","Ethereum / EVM","secp256k1 / ECDSA","NO","0","","","","Error: Scan timeout after 300s","823415","2026-05-02T02:40:07.896Z"
"0x542068c03f97f4217b1ad9ce83fdab72d93ed227","Ethereum / EVM","secp256k1 / ECDSA","NO","0","","","","","201920","2026-05-02T02:40:07.896Z"
"0x5428543bf14ef6640eec9923f84675570621d81e","Ethereum / EVM","secp256k1 / ECDSA","NO","0","","","","","90566","2026-05-02T02:42:11.535Z"
"0x544151f4d71190cf51e9b1c29e786bf3143b5a44","Ethereum / EVM","secp256k1 / ECDSA","NO","0","","","","","1786","2026-05-02T02:42:11.535Z"
"0x5463d8c87c17fbb89cf6a437d6116c68279dc8ae","Ethereum / EVM","secp256k1 / ECDSA","NO","0","","","","","2591","2026-05-02T02:42:11.535Z"
"0x5467e8015248845cd5ed4ab40a4eaa4154ab9d0e","Ethereum / EVM","secp256k1 / ECDSA","NO","0","","","","Error: Scan timeout after 300s","623530","2026-05-02T02:52:42.324Z"
"0x546cc4463b52c42f8ae8f35c725652881ba15742","Ethereum / EVM","secp256k1 / ECDSA","NO","0","","","","","2296","2026-05-02T02:52:42.324Z"
"0x5488d8f299ced5f0b1ecdf85f05f775c3fadcfca","Ethereum / EVM","secp256k1 / ECDSA","NO","0","","","","","1803","2026-05-02T02:52:42.324Z"
"0x5497b1ab5bb59b194e25764ea0b61871b122a43f","Ethereum / EVM","secp256k1 / ECDSA","NO","0","","","","","760","2026-05-02T03:54:46.834Z"
"0x549d835356d92983abb76e4cae639f7857963425","Ethereum / EVM","secp256k1 / ECDSA","NO","0","","","","Error: Scan timeout after 300s","937757","2026-05-02T03:54:46.834Z"
"0x54af80017b6c01ea08f133cd49368f1e1843f774","Ethereum / EVM","secp256k1 / ECDSA","NO","0","","","","","1952","2026-05-02T03:54:46.834Z"
"0x54cde5e9d64eb814ade9f3f05b24d0f2165c955d","Ethereum / EVM","secp256k1 / ECDSA","NO","0","","","","","3041","2026-05-02T03:57:14.591Z"
"0x54d02af9ac8605e22dec7729ee8925ef2599a18b","Ethereum / EVM","secp256k1 / ECDSA","NO","0","","","","","2224","2026-05-02T03:57:14.591Z"
"0x54d250405d22e858d125ce2c1affc7d73afe6029","Ethereum / EVM","secp256k1 / ECDSA","NO","0","","","","","136340","2026-05-02T03:57:14.591Z"
"0x54d6ed3fb6f251b434a6d585c08fa5f5ceadb4ac","Ethereum / EVM","secp256k1 / ECDSA","NO","0","","","","","4043","2026-05-02T03:58:50.666Z"
"0x553f67698cc4e5ac88d8dd20c3514dfde9217fca","Ethereum / EVM","secp256k1 / ECDSA","NO","0","","","","","2107","2026-05-02T03:58:50.666Z"
"0x5552f9fe8cb36eca58b6ec135bc40145d746b92e","Ethereum / EVM","secp256k1 / ECDSA","NO","0","","","","","82895","2026-05-02T03:58:50.666Z"
"0x55577b9ce1beae322c5381b84fce97c3a8a67ace","Ethereum / EVM","secp256k1 / ECDSA","NO","0","","","","","29620","2026-05-02T03:59:58.020Z"
"0x556e917f67ab636d7d64a2076f110e1d54480a41","Ethereum / EVM","secp256k1 / ECDSA","NO","0","","","","","1163","2026-05-02T04:05:02.973Z"
"0x559432e18b281731c054cd703d4b49872be4ed53","Ethereum / EVM","secp256k1 / ECDSA","NO","0","","","","Error: Scan timeout after 300s","300099","2026-05-02T04:05:02.973Z"
"0x55945c1c5c26cc4d87dc62b38ed0483bb50aed53","Ethereum / EVM","secp256k1 / ECDSA","NO","0","","","","","979","2026-05-02T04:05:02.973Z"
"0x55d5519e2ca1f5a32f4b14bd383148aa030672dd","Ethereum / EVM","secp256k1 / ECDSA","NO","0","","","","","24875","2026-05-02T04:20:28.395Z"
"0x55da5866cfd13366d51599f9628274800a8c1541","Ethereum / EVM","secp256k1 / ECDSA","NO","0","","","","Error: Scan timeout after 300s","892676","2026-05-02T04:20:28.395Z"
"0x55e104bb34c2f85fc22e17419c6952b442218111","Ethereum / EVM","secp256k1 / ECDSA","NO","0","","","","","2982","2026-05-02T04:20:28.395Z"
"0x55e79e8ce805f02ffaeec6e4b2908e42a8b6fc30","Ethereum / EVM","secp256k1 / ECDSA","NO","0","","","","","7772","2026-05-02T04:26:17.879Z"
"0x55eca20cc0bddd88503f5c2b0a0776999c40ccc5","Ethereum / EVM","secp256k1 / ECDSA","NO","0","","","","","2443","2026-05-02T04:26:17.879Z"
"0x55f3668e6038f668ef3434c763c4504ffcebd378","Ethereum / EVM","secp256k1 / ECDSA","NO","0","","","","","282","2026-05-02T04:26:17.879Z"
"0x55fe002aeff02f77364de339a1292923a15844b8","Ethereum / EVM","secp256k1 / ECDSA","NO","0","","","","Error: Scan timeout after 300s","1043586","2026-05-02T04:44:43.172Z"
"0x5615b9aec369c8d38bbd6b19ba8f5694fcb572e3","Ethereum / EVM","secp256k1 / ECDSA","NO","0","","","","","55593","2026-05-02T04:44:43.172Z"
"0x562868f7a30629a89b518428449811c18dea5c06","Ethereum / EVM","secp256k1 / ECDSA","NO","0","","","","","356","2026-05-02T04:44:43.172Z"
"0x5628acf8ea5aece0aa2e50e8f75a1f05d5b19bfe","Ethereum / EVM","secp256k1 / ECDSA","NO","0","","","","","40234","2026-05-02T04:46:02.002Z"
"0x562f3d0f4279702e1b0e956ccc87b013398ec38a","Ethereum / EVM","secp256k1 / ECDSA","NO","0","","","","","3997","2026-05-02T04:46:02.002Z"
"0x5634879f7e0e9d00a221af61cfd8293e0a29010b","Ethereum / EVM","secp256k1 / ECDSA","NO","0","","","","","27164","2026-05-02T04:46:02.002Z"
"0x563c3fcb750ddf281a6996381b5370737ef69ac6","Ethereum / EVM","secp256k1 / ECDSA","NO","0","","","","","664","2026-05-02T05:03:44.226Z"
"0x563ce915fd487e755c65b866ad0fe4bf133b2a02","Ethereum / EVM","secp256k1 / ECDSA","NO","0","","","","","660","2026-05-02T05:03:44.226Z"
"0x566b30470d7ad97419a48900dc869bd7148736b8","Ethereum / EVM","secp256k1 / ECDSA","NO","0","","","","Error: Scan timeout after 300s","1056924","2026-05-02T05:03:44.226Z"
"0x56747588156dbf9b5a284c381a1c4067f74f12eb","Ethereum / EVM","secp256k1 / ECDSA","NO","0","","","","","1594","2026-05-02T05:03:59.742Z"
"0x569c23ccaf4e13712a39fac55f083269f900c4e5","Ethereum / EVM","secp256k1 / ECDSA","NO","0","","","","","2708","2026-05-02T05:03:59.742Z"
"0x56aaf415a3141ac550693550b8b8337dbd4b2751","Ethereum / EVM","secp256k1 / ECDSA","NO","0","","","","","3235","2026-05-02T05:03:59.742Z"
"0x56b54f7bbf2a79ebbaf23579577be94b22243540","Ethereum / EVM","secp256k1 / ECDSA","NO","0","","","","","118505","2026-05-02T05:06:58.888Z"
"0x56ba7d56a39f95218e13e2447deeffd4fd57f95a","Ethereum / EVM","secp256k1 / ECDSA","NO","0","","","","","18575","2026-05-02T05:06:58.888Z"
"0x56cb779817a66ca974f351d9566507501d8033bf","Ethereum / EVM","secp256k1 / ECDSA","NO","0","","","","","41281","2026-05-02T05:06:58.888Z"
"0x56eba3a8952a2ee3f8a191f4d9b154e7dd886bcf","Ethereum / EVM","secp256k1 / ECDSA","NO","0","","","","","10157","2026-05-02T13:32:16.202Z"
"0x56eddb7aa87536c09ccc2793473599fd21a8b17f","Ethereum / EVM","secp256k1 / ECDSA","NO","0","","","","Error: Scan timeout after 300s","1024297","2026-05-02T13:32:16.202Z"
"0x56f152a248f61794c8be4314e98e6ed8e54dcce9","Ethereum / EVM","secp256k1 / ECDSA","NO","0","","","","","134614","2026-05-02T13:32:16.202Z"
"0x56fb984de2c8c95aa5f69fa8037cdc93fa8f8db2","Ethereum / EVM","secp256k1 / ECDSA","NO","0","","","","","31578","2026-05-02T13:33:17.808Z"
"0x577e823d4a333ccd5cbe53bfe54eee15efed4957","Ethereum / EVM","secp256k1 / ECDSA","NO","0","","","","","2231","2026-05-02T13:37:02.580Z"
"0x578905862794bb70ba4ce0efb08ee8fd670cb3df","Ethereum / EVM","secp256k1 / ECDSA","NO","0","","","","","16283","2026-05-02T13:37:02.580Z"
"0x578d0c48874d71594c9d9c9420325c0f6f9813de","Ethereum / EVM","secp256k1 / ECDSA","NO","0","","","","","20696","2026-05-02T13:37:02.580Z"
"0x57a41acf802d3f8cf90836a3cb5ff0186b98febe","Ethereum / EVM","secp256k1 / ECDSA","NO","0","","","","Error: Scan timeout after 300s","376082","2026-05-02T13:48:32.241Z"
"0x57c6fe65dfa8307334c3beacd4b2dc5a57a8db7b","Ethereum / EVM","secp256k1 / ECDSA","NO","0","","","","","1715","2026-05-02T13:48:32.241Z"
"0x57c848d0fac5b874f3eb0595bdce64df66de7c8d","Ethereum / EVM","secp256k1 / ECDSA","NO","0","","","","Error: Scan timeout after 300s","309773","2026-05-02T13:48:32.241Z"
"0x57e114b691db790c35207b2e685d4a43181e6061","Ethereum / EVM","secp256k1 / ECDSA","NO","0","","","","","319","2026-05-02T13:50:09.401Z"
"0x57e25ac39f049280c527e241a82db3fb6b6d2100","Ethereum / EVM","secp256k1 / ECDSA","NO","0","","","","","11707","2026-05-02T13:50:09.401Z"
"0x57e84978770a6513451246490b33dff40d851e1a","Ethereum / EVM","secp256k1 / ECDSA","NO","0","","","","","77154","2026-05-02T13:50:09.401Z"
"0x5806af51b4f32c71e3f83d45e250fdf0c5bf2e42","Ethereum / EVM","secp256k1 / ECDSA","NO","0","","","","","1872","2026-05-02T13:52:58.453Z"
"0x581f44a906b7d5f7789b3682c3487f5932318d70","Ethereum / EVM","secp256k1 / ECDSA","NO","0","","","","","122062","2026-05-02T13:52:58.453Z"
"0x582be1de33c433a7c8b648c916ddc04249f5d3c7","Ethereum / EVM","secp256k1 / ECDSA","NO","0","","","","","39563","2026-05-02T13:52:58.453Z"
"0x583873a67cefdd5ca927d601d0fb2c4b0a94118d","Ethereum / EVM","secp256k1 / ECDSA","NO","0","","","","","9715","2026-05-02T13:53:19.976Z"
"0x58572472213fef2b9c0030f13b913902fecfc8e2","Ethereum / EVM","secp256k1 / ECDSA","NO","0","","","","","4797","2026-05-02T13:53:19.976Z"
"0x58983645e4022b0758ef1ad182cdfc58793b46ab","Ethereum / EVM","secp256k1 / ECDSA","NO","0","","","","","181","2026-05-02T13:53:19.976Z"
"0x58b80bf7f595c35e8bfdb6232976b4c036bd3cce","Ethereum / EVM","secp256k1 / ECDSA","NO","0","","","","","20245","2026-05-02T14:11:21.913Z"
"0x58c0377163bdeee5d3f5516fbe11c46dc89d63ba","Ethereum / EVM","secp256k1 / ECDSA","NO","0","","","","","5213","2026-05-02T14:11:21.913Z"
"0x58c9b7178d0d69ed9d9f162571dbeebdb8e38e53","Ethereum / EVM","secp256k1 / ECDSA","NO","0","","","","Error: Scan timeout after 300s","1054241","2026-05-02T14:11:21.913Z"
"0x58d14c5783885bbd16ed6941587d0b297f6ca2f7","Ethereum / EVM","secp256k1 / ECDSA","NO","0","","","","","1103","2026-05-02T14:30:34.719Z"
"0x58d5d3725ba78fdbb7b71c841a2383eac846e38b","Ethereum / EVM","secp256k1 / ECDSA","NO","0","","","","","1226","2026-05-02T14:30:34.719Z"
"0x58d5e206df7a8d9da9da3ba0f59cdfa6b12fe38b","Ethereum / EVM","secp256k1 / ECDSA","NO","0","","","","Error: Scan timeout after 300s","1142805","2026-05-02T14:30:34.719Z"
"0x5c209285334d82f9f58e8f3b3ef5048b8eef7f12","Ethereum / EVM","secp256k1 / ECDSA","NO","0","","","","","3149","2026-05-03T05:10:10.865Z"
"0x5ed5690c07cc0ee1f8b6692c2c227983bc71ba9c","Ethereum / EVM","secp256k1 / ECDSA","NO","0","","","","","9323","2026-05-03T05:42:15.605Z"
"0x58d5f3f6180719353e57f9a6b946b6729c25e38b","Ethereum / EVM","secp256k1 / ECDSA","NO","0","","","","","1564","2026-05-02T14:39:13.570Z"
"0x58d9263777ed0198bc44bb8a4b84dcec272a557b","Ethereum / EVM","secp256k1 / ECDSA","NO","0","","","","Error: Scan timeout after 300s","508518","2026-05-02T14:39:13.570Z"
"0x58d97b57bb95320f9a05dc918aef65434969c2b2","Ethereum / EVM","secp256k1 / ECDSA","NO","0","","","","","764","2026-05-02T14:39:13.570Z"
"0x58dd2e69f504e6d0eadf1c2a88700685babefc7a","Ethereum / EVM","secp256k1 / ECDSA","NO","0","","","","","1218","2026-05-02T14:39:27.811Z"
"0x58df72eec56ea664314c90da2c445276217c81fa","Ethereum / EVM","secp256k1 / ECDSA","NO","0","","","","","3240","2026-05-02T14:39:27.811Z"
"0x58e3c6f3265d3c48219e3050ac0b52e9315822a4","Ethereum / EVM","secp256k1 / ECDSA","NO","0","","","","","2549","2026-05-02T14:39:27.811Z"
"0x5900e8f66801585419b7c966541a6da699cc0d96","Ethereum / EVM","secp256k1 / ECDSA","NO","0","","","","","2641","2026-05-02T14:42:05.258Z"
"0x590460dde326e6db938f73289c275c8c0e8a5ce1","Ethereum / EVM","secp256k1 / ECDSA","NO","0","","","","","138946","2026-05-02T14:42:05.258Z"
"0x590812c8882ce644a9bebbdfddd914e89cbc3f57","Ethereum / EVM","secp256k1 / ECDSA","NO","0","","","","","14676","2026-05-02T14:42:05.258Z"
"0x5909842f61c263fa80b1d02f3c8ea80b2e1c4623","Ethereum / EVM","secp256k1 / ECDSA","NO","0","","","","Error: Scan timeout after 300s","1041155","2026-05-03T01:03:41.698Z"
"0x59153f27eefe07e5ece4f9304ebba1da6f53ca88","Ethereum / EVM","secp256k1 / ECDSA","NO","0","","","","","987","2026-05-03T01:03:41.698Z"
"0x5916562fd16bd4297daedc04adc2955f0e9d47de","Ethereum / EVM","secp256k1 / ECDSA","NO","0","","","","","87175","2026-05-03T01:03:41.698Z"
"0x5937562623db74e37ebc378506b6af1397498d68","Ethereum / EVM","secp256k1 / ECDSA","NO","0","","","","Error: Scan timeout after 300s","664854","2026-05-03T02:02:47.780Z"
"0x5943076dd35b40055e3f120757ca95287743d564","Ethereum / EVM","secp256k1 / ECDSA","NO","0","","","","","1831","2026-05-03T02:02:47.780Z"
"0x594fe06fed0ff866dadf0703e23c77d875e037ba","Ethereum / EVM","secp256k1 / ECDSA","NO","0","","","","","709","2026-05-03T02:02:47.780Z"
"0x59618bec926c529a6ff2b99a6ad922f5c1613761","Ethereum / EVM","secp256k1 / ECDSA","NO","0","","","","","877","2026-05-03T02:03:22.077Z"
"0x596666b8bab2335f545a924c56c828b6f3a994c4","Ethereum / EVM","secp256k1 / ECDSA","NO","0","","","","","27313","2026-05-03T02:03:22.077Z"
"0x5979d7b546e38e414f7e9822514be443a4800529","Ethereum / EVM","secp256k1 / ECDSA","NO","0","","","","","585","2026-05-03T02:03:22.077Z"
"0x597a5f21a4e2d7fe2ca34a65a63b759028728142","Ethereum / EVM","secp256k1 / ECDSA","NO","0","","","","","2629","2026-05-03T02:03:42.457Z"
"0x59810310fb49a5c0a4bbbb65e40e7db9dccd81dd","Ethereum / EVM","secp256k1 / ECDSA","NO","0","","","","","3899","2026-05-03T02:03:42.457Z"
"0x599b4ba37bb0f3bfd96ce6f9a09fdd61d06ad462","Ethereum / EVM","secp256k1 / ECDSA","NO","0","","","","","6484","2026-05-03T02:03:42.457Z"
"0x59a4995132767b56994b37177f747304ae772df1","Ethereum / EVM","secp256k1 / ECDSA","NO","0","","","","","6694","2026-05-03T02:13:18.285Z"
"0x59a50b589f0c7d7088b13665c7d2b20738b6fc8a","Ethereum / EVM","secp256k1 / ECDSA","NO","0","","","","Error: Scan timeout after 300s","475895","2026-05-03T02:13:18.285Z"
"0x59a783b45835e0a3eb182ef44071c84fecf3bd80","Ethereum / EVM","secp256k1 / ECDSA","NO","0","","","","","89846","2026-05-03T02:13:18.285Z"
"0x59abc0e437971d585c2bc4d69dc8b31f2f23e855","Ethereum / EVM","secp256k1 / ECDSA","NO","0","","","","","126391","2026-05-03T02:16:12.229Z"
"0x59abf3837fa962d6853b4cc0a19513aa031fd32b","Ethereum / EVM","secp256k1 / ECDSA","NO","0","","","","","37406","2026-05-03T02:16:12.229Z"
"0x59bf03561b9443142baee3edd51206e8a3f59c11","Ethereum / EVM","secp256k1 / ECDSA","NO","0","","","","","3806","2026-05-03T02:16:12.229Z"
"0x59c60e92005256db32c65689d460fb73d0c91d77","Ethereum / EVM","secp256k1 / ECDSA","NO","0","","","","","770","2026-05-03T02:16:34.341Z"
"0x59cf371565339aa1f785f6185fc849f14b03bfef","Ethereum / EVM","secp256k1 / ECDSA","NO","0","","","","","8713","2026-05-03T02:16:34.341Z"
"0x59d515303b4ac10b60df435845e368d103b2d585","Ethereum / EVM","secp256k1 / ECDSA","NO","0","","","","","11041","2026-05-03T02:16:34.341Z"
"0x59f332a8347f87d533e9616bc092d49e749cf273","Ethereum / EVM","secp256k1 / ECDSA","NO","0","","","","","11892","2026-05-03T02:17:27.445Z"
"0x5a0199b1ad631b4abc7f320c87c95378be7d21d9","Ethereum / EVM","secp256k1 / ECDSA","NO","0","","","","","20166","2026-05-03T02:17:27.445Z"
"0x5a034e1d7cf1c3fb1477e1249979e813174b7da1","Ethereum / EVM","secp256k1 / ECDSA","NO","0","","","","","15430","2026-05-03T02:17:27.445Z"
"0x5a03fd46fec738e2f4689f96af33ffce1c00db5e","Ethereum / EVM","secp256k1 / ECDSA","NO","0","","","","","12275","2026-05-03T02:18:12.782Z"
"0x5a14439cea20f7c952978bcd19f573c4823f3dec","Ethereum / EVM","secp256k1 / ECDSA","NO","0","","","","","12506","2026-05-03T02:18:12.782Z"
"0x5a17ae205c7654234a6b248c9681e8ce2207af48","Ethereum / EVM","secp256k1 / ECDSA","NO","0","","","","","11775","2026-05-03T02:18:12.782Z"
"0x5a1a563d50afccba58256a5e8c0c9329adcc8755","Ethereum / EVM","secp256k1 / ECDSA","NO","0","","","","","20432","2026-05-03T02:20:49.930Z"
"0x5a1c518a1f514df2387f1d4df3ec15cbb928a810","Ethereum / EVM","secp256k1 / ECDSA","NO","0","","","","","100848","2026-05-03T02:20:49.930Z"
"0x5a2e519ad027f1bf4e99b455da687466d295d6af","Ethereum / EVM","secp256k1 / ECDSA","NO","0","","","","","30703","2026-05-03T02:20:49.930Z"
"0x5a382ae680c42d8b7d9434673db4e8e94257f118","Ethereum / EVM","secp256k1 / ECDSA","NO","0","","","","","3042","2026-05-03T02:21:16.993Z"
"0x5a3d647906a89b9428e07eea77ee988754a7f118","Ethereum / EVM","secp256k1 / ECDSA","NO","0","","","","","3016","2026-05-03T02:21:16.993Z"
"0x5a3d87ef18905bf5b0de56592d0523a754a7f118","Ethereum / EVM","secp256k1 / ECDSA","NO","0","","","","","15987","2026-05-03T02:21:16.993Z"
"0x5a3d8c04f8b9485c489a851461f174d754a7f118","Ethereum / EVM","secp256k1 / ECDSA","NO","0","","","","","16452","2026-05-03T02:28:38.881Z"
"0x5a3db19f588a1f7b85a84d4630ff248754a7f118","Ethereum / EVM","secp256k1 / ECDSA","NO","0","","","","","16738","2026-05-03T02:28:38.881Z"
"0x5a3dbccff46ea4c197be8094243ec38754a7f118","Ethereum / EVM","secp256k1 / ECDSA","NO","0","","","","Error: Scan timeout after 300s","399047","2026-05-03T02:28:38.881Z"
"0x5a3dbe202846ef36b2e0fd407ed61f0754a7f118","Ethereum / EVM","secp256k1 / ECDSA","NO","0","","","","","952","2026-05-03T02:29:31.540Z"
"0x5eabd1c5512e67e051993101b52162fb1d469c62","Ethereum / EVM","secp256k1 / ECDSA","NO","0","","","","","21884","2026-05-03T05:41:25.455Z"
"0x5ee2ad5bca3183002ed53884b5444cbf05d5728e","Ethereum / EVM","secp256k1 / ECDSA","NO","0","","","","","22574","2026-05-03T05:42:15.605Z"
"0x5a3dc19d3e6ab0215efeff5ce4553eb754a7f118","Ethereum / EVM","secp256k1 / ECDSA","NO","0","","","","","749","2026-05-03T02:29:31.540Z"
"0x5a3dc9b8c724275e5ff650af54f0eef31842f118","Ethereum / EVM","secp256k1 / ECDSA","NO","0","","","","","43393","2026-05-03T02:29:31.540Z"
"0x5a3dfb4fb7617eba8826d4b43659cfb754a7f118","Ethereum / EVM","secp256k1 / ECDSA","NO","0","","","","","7756","2026-05-03T02:29:52.130Z"
"0x5a439e9a5ab57620a9cc5cd3476a0f3fc632aa14","Ethereum / EVM","secp256k1 / ECDSA","NO","0","","","","","4358","2026-05-03T02:29:52.130Z"
"0x5a54167f5f4318e2c8e4d2b94012a6027dff22d9","Ethereum / EVM","secp256k1 / ECDSA","NO","0","","","","","406","2026-05-03T02:29:52.130Z"
"0x5a54277099bc163b5a4a1187a683be65f23f22d9","Ethereum / EVM","secp256k1 / ECDSA","NO","0","","","","","8654","2026-05-03T02:30:24.976Z"
"0x5a545bcb3b50485dca08542638406a4027c222d9","Ethereum / EVM","secp256k1 / ECDSA","NO","0","","","","","16734","2026-05-03T02:30:24.976Z"
"0x5a574539aed9634b601f8939115e5dfc6bef22d9","Ethereum / EVM","secp256k1 / ECDSA","NO","0","","","","","2220","2026-05-03T02:30:24.976Z"
"0x5a5d353b6b5c384b4294ed3f5105e69dfb6742d9","Ethereum / EVM","secp256k1 / ECDSA","NO","0","","","","","10525","2026-05-03T02:32:06.798Z"
"0x5a5d432d75d016a86f2688c9da2cf36d19dc22d9","Ethereum / EVM","secp256k1 / ECDSA","NO","0","","","","","10070","2026-05-03T02:32:06.798Z"
"0x5a659e45b9606b6f7e3967e27eaa2e62fa3e153e","Ethereum / EVM","secp256k1 / ECDSA","NO","0","","","","","76723","2026-05-03T02:32:06.798Z"
"0x5a88dda91d48fd02a891bf2dfe75ef0ce6843f01","Ethereum / EVM","secp256k1 / ECDSA","NO","0","","","","","17117","2026-05-03T02:32:37.384Z"
"0x5a98fcbea516cf06857215779fd812ca3bef1b32","Ethereum / EVM","secp256k1 / ECDSA","NO","0","","","","","2078","2026-05-03T02:32:37.384Z"
"0x5a9bef8cea603aac78a523fb245c1a9264d50706","Ethereum / EVM","secp256k1 / ECDSA","NO","0","","","","","2125","2026-05-03T02:32:37.384Z"
"0x5aaba4b7bc33a9b865430f19e84d7c083f60e652","Ethereum / EVM","secp256k1 / ECDSA","NO","0","","","","","1407","2026-05-03T02:32:58.961Z"
"0x5ab4431b88728fc8c9fa84a1617c41adf945244c","Ethereum / EVM","secp256k1 / ECDSA","NO","0","","","","","8338","2026-05-03T02:32:58.961Z"
"0x5ab6eaad9d1118a8ed853ee6d541358040ee675f","Ethereum / EVM","secp256k1 / ECDSA","NO","0","","","","","8908","2026-05-03T02:32:58.961Z"
"0x5eaf0d4a94042bc58e389003d271b945f4d22665","Ethereum / EVM","secp256k1 / ECDSA","NO","0","","","","","12413","2026-05-03T05:42:15.605Z"
"0x5aea34e675bb72b7b9e53c6b8aef9c88dc8b451d","Ethereum / EVM","secp256k1 / ECDSA","NO","0","","","","","6749","2026-05-03T02:34:48.047Z"
"0x5af0f7d5d5dc1b25aa8ebb93b112847587534d10","Ethereum / EVM","secp256k1 / ECDSA","NO","0","","","","","85360","2026-05-03T02:34:48.047Z"
"0x5af37d57fbf576d87d97a684464f48abb49e7dce","Ethereum / EVM","secp256k1 / ECDSA","NO","0","","","","","11268","2026-05-03T02:34:48.047Z"
"0x5afe0000727040681d781fb23e8c82b468076042","Ethereum / EVM","secp256k1 / ECDSA","NO","0","","","","","17458","2026-05-03T02:35:14.911Z"
"0x5b01e9a441238164c6d5cec95e632bdf11aa5e1f","Ethereum / EVM","secp256k1 / ECDSA","NO","0","","","","","7267","2026-05-03T02:35:14.911Z"
"0x5b0c4af80c57f85a8d0bbed7f0c848cfb0393f32","Ethereum / EVM","secp256k1 / ECDSA","NO","0","","","","","1218","2026-05-03T02:35:14.911Z"
"0x5b16a17dd641849f802d24a3f8b139f3d6016b1e","Ethereum / EVM","secp256k1 / ECDSA","NO","0","","","","","2515","2026-05-03T02:35:52.412Z"
"0x5b16fda29c71de07d5e0610c112e16a64baaffb0","Ethereum / EVM","secp256k1 / ECDSA","NO","0","","","","","12120","2026-05-03T02:35:52.412Z"
"0x5b1c332b309cd753a8b7db0e3e79d52eaf34028a","Ethereum / EVM","secp256k1 / ECDSA","NO","0","","","","","12807","2026-05-03T02:35:52.412Z"
"0x5b2e0f61950bf5676e48e14355c9099e72e2a321","Ethereum / EVM","secp256k1 / ECDSA","NO","0","","","","","14100","2026-05-03T02:45:17.833Z"
"0x5b32eadb60da75e5e568b7dfcddb99b5c1931817","Ethereum / EVM","secp256k1 / ECDSA","NO","0","","","","","249291","2026-05-03T02:45:17.833Z"
"0x5b43453fce04b92e190f391a83136bfbecedefd1","Ethereum / EVM","secp256k1 / ECDSA","NO","0","","","","Error: Scan timeout after 300s","300109","2026-05-03T02:45:17.833Z"
"0x5b61d59501ab18fbe49b6ce3534fe017d4848594","Ethereum / EVM","secp256k1 / ECDSA","NO","0","","","","","78598","2026-05-03T03:01:37.726Z"
"0x5b6f4be0e7144aec84f96bda977cd91f03f5e157","Ethereum / EVM","secp256k1 / ECDSA","NO","0","","","","","10312","2026-05-03T03:01:37.726Z"
"0x5b71d5fd6bb118665582dd87922bf3b9de6c75f9","Ethereum / EVM","secp256k1 / ECDSA","NO","0","","","","Error: Scan timeout after 300s","882517","2026-05-03T03:01:37.726Z"
"0x5b7533812759b45c2b44c19e320ba2cd2681b542","Ethereum / EVM","secp256k1 / ECDSA","NO","0","","","","","1263","2026-05-03T03:01:55.628Z"
"0x5bbe5d7e3da8af80468087ab664e96e80b6c8877","Ethereum / EVM","secp256k1 / ECDSA","NO","0","","","","","3854","2026-05-03T03:01:55.628Z"
"0x5bbea8a4b36d1c897ac89726594ea1ce04608877","Ethereum / EVM","secp256k1 / ECDSA","NO","0","","","","","557","2026-05-03T03:01:55.628Z"
"0x5bc86b91137ba478f159aafadc394180304cdbb9","Ethereum / EVM","secp256k1 / ECDSA","NO","0","","","","","72019","2026-05-03T04:34:24.702Z"
"0x5bcae13855c783184e62cfe9eda9940a6839d9e0","Ethereum / EVM","secp256k1 / ECDSA","NO","0","","","","","3455","2026-05-03T04:34:24.702Z"
"0x5bcbdfb6cc624b959c39a2d16110d1f2d9204f72","Ethereum / EVM","secp256k1 / ECDSA","NO","0","","","","Error: Scan timeout after 300s","1168011","2026-05-03T04:34:24.702Z"
"0x5bcc44d6962ad2e35b54a8d0614f6307768d8eb1","Ethereum / EVM","secp256k1 / ECDSA","NO","0","","","","Error: Scan timeout after 300s","528736","2026-05-03T05:07:25.511Z"
"0x5bdf85216ec1e38d6458c870992a69e38e03f7ef","Ethereum / EVM","secp256k1 / ECDSA","NO","0","","","","Error: Scan timeout after 300s","1135588","2026-05-03T05:07:25.511Z"
"0x5bf09b5b36b8844d0a357e9dd4bb008aad3be460","Ethereum / EVM","secp256k1 / ECDSA","NO","0","","","","","73304","2026-05-03T05:07:25.511Z"
"0x5c03259e9c28e59e6866432412509acf1204de71","Ethereum / EVM","secp256k1 / ECDSA","NO","0","","","","","2860","2026-05-03T05:10:10.865Z"
"0x5c0d498113147aba75a38abe0e56ea35618fd24a","Ethereum / EVM","secp256k1 / ECDSA","NO","0","","","","","152509","2026-05-03T05:10:10.865Z"
"0x5c28d13f5fc8c678e6d59d5dcc8f4b4694d635e2","Ethereum / EVM","secp256k1 / ECDSA","NO","0","","","","","570","2026-05-03T05:10:25.215Z"
"0x5c2995a7f8fd6dd09bc3aca0e5c3b69339caa1d1","Ethereum / EVM","secp256k1 / ECDSA","NO","0","","","","","9925","2026-05-03T05:10:25.215Z"
"0x5c2ed810328349100a66b82b78a1791b101c9d61","Ethereum / EVM","secp256k1 / ECDSA","NO","0","","","","","676","2026-05-03T05:10:25.215Z"
"0x5c2f1ec7328549d9f1f2f73ce4b2272b98f4bc3e","Ethereum / EVM","secp256k1 / ECDSA","NO","0","","","","","488","2026-05-03T05:10:40.268Z"
"0x5c32743811525e5b42c1e961bea1989011b2a317","Ethereum / EVM","secp256k1 / ECDSA","NO","0","","","","","4068","2026-05-03T05:10:40.268Z"
"0x5c3b8d1078641dbba84b45aff33f6624ab25a317","Ethereum / EVM","secp256k1 / ECDSA","NO","0","","","","","3905","2026-05-03T05:10:40.268Z"
"0x5c3e1d95d0c438c0287f69f1e807112fdaf8c8ec","Ethereum / EVM","secp256k1 / ECDSA","NO","0","","","","","4977","2026-05-03T05:10:59.285Z"
"0x5c3fa1f5dddc102b7f734a92bd5a7c6665bd7279","Ethereum / EVM","secp256k1 / ECDSA","NO","0","","","","","368","2026-05-03T05:10:59.285Z"
"0x5c3fd4d8324798aceebd273c458d18fc2c85a480","Ethereum / EVM","secp256k1 / ECDSA","NO","0","","","","","6295","2026-05-03T05:10:59.285Z"
"0x5c42eef4b37c112a5a6169ce97ce348a3079bfee","Ethereum / EVM","secp256k1 / ECDSA","NO","0","","","","","1170","2026-05-03T05:12:26.578Z"
"0x5c47952bc0e6b41688635449a30317c7e885d4f1","Ethereum / EVM","secp256k1 / ECDSA","NO","0","","","","","60826","2026-05-03T05:12:26.578Z"
"0x5c5479f90027784c692114e9c16a5ec1effe5cb8","Ethereum / EVM","secp256k1 / ECDSA","NO","0","","","","","20732","2026-05-03T05:12:26.578Z"
"0x5c70a149a50ea9b596c925e16c788a9c93ed2d4a","Ethereum / EVM","secp256k1 / ECDSA","NO","0","","","","Error: Scan timeout after 300s","541234","2026-05-03T05:21:34.363Z"
"0x5c7b4083b070475a32bf7b0693918867e3e968b6","Ethereum / EVM","secp256k1 / ECDSA","NO","0","","","","","698","2026-05-03T05:21:34.363Z"
"0x5c7e31155adbcf8052dd5d16d6e6046be41633cb","Ethereum / EVM","secp256k1 / ECDSA","NO","0","","","","","4885","2026-05-03T05:21:34.363Z"
"0x5c83da2f348044abbcbf7cf02518901345a71e30","Ethereum / EVM","secp256k1 / ECDSA","NO","0","","","","","6109","2026-05-03T05:21:55.619Z"
"0x5c8a4c352762434bc6b1a7dd6a1da58f4defa849","Ethereum / EVM","secp256k1 / ECDSA","NO","0","","","","","9900","2026-05-03T05:21:55.619Z"
"0x5ca30e8c52b7acf3389e5738deae18a3c41f5d0f","Ethereum / EVM","secp256k1 / ECDSA","NO","0","","","","","2604","2026-05-03T05:21:55.619Z"
"0x5ca3139684ecd851dd9f7e58abb228fdc0605d0f","Ethereum / EVM","secp256k1 / ECDSA","NO","0","","","","","2238","2026-05-03T05:23:33.916Z"
"0x5ca387e28b2e4ee4de438adf0ce876c3c41f5d0f","Ethereum / EVM","secp256k1 / ECDSA","NO","0","","","","","2119","2026-05-03T05:23:33.916Z"
"0x5ca38fb7cf2b587026a1650f0d2b0a13c41f5d0f","Ethereum / EVM","secp256k1 / ECDSA","NO","0","","","","","86575","2026-05-03T05:23:33.916Z"
"0x5ca3d39c4053bc6afc45e71708d96e44e71f5d0f","Ethereum / EVM","secp256k1 / ECDSA","NO","0","","","","","2725","2026-05-03T05:24:30.067Z"
"0x5cad74d50488e8f569ac7509c9010d2c7df5a5bd","Ethereum / EVM","secp256k1 / ECDSA","NO","0","","","","","45705","2026-05-03T05:24:30.067Z"
"0x5ce9b49b7a1be9f2c3dc2b2a5bacea56fa21fbee","Ethereum / EVM","secp256k1 / ECDSA","NO","0","","","","","2568","2026-05-03T05:24:30.067Z"
"0x5d014c2fe0d2f2806444b430284a96189a1115e1","Ethereum / EVM","secp256k1 / ECDSA","NO","0","","","","","16099","2026-05-03T05:28:10.066Z"
"0x5d0b11eb4845c18d7e242ce282197f7004add7b7","Ethereum / EVM","secp256k1 / ECDSA","NO","0","","","","","43128","2026-05-03T05:28:10.066Z"
"0x5d0f66c4e406a8e6f00ba6d0e3f5c95292cf812f","Ethereum / EVM","secp256k1 / ECDSA","NO","0","","","","","150754","2026-05-03T05:28:10.066Z"
"0x5d133a3740d9bc1564a435782c9d868b22fb746d","Ethereum / EVM","secp256k1 / ECDSA","NO","0","","","","","216186","2026-05-03T05:33:17.800Z"
"0x5d3a185f84e41ee7a5e17e0013a493796b34a47e","Ethereum / EVM","secp256k1 / ECDSA","NO","0","","","","","47144","2026-05-03T05:33:17.800Z"
"0x5d3a9a89d965fb2b8e649b8df41c0d9e99b87d72","Ethereum / EVM","secp256k1 / ECDSA","NO","0","","","","","43354","2026-05-03T05:33:17.800Z"
"0x5d3dead07e07aac16fabef919da2bfb3f427bd17","Ethereum / EVM","secp256k1 / ECDSA","NO","0","","","","","25158","2026-05-03T05:33:53.297Z"
"0x5d78090bc1a6fec082ac5da174e6fdeb01667e66","Ethereum / EVM","secp256k1 / ECDSA","NO","0","","","","","4947","2026-05-03T05:33:53.297Z"
"0x5d87ec1d7588a4f0968528bea9888eae104b7f1f","Ethereum / EVM","secp256k1 / ECDSA","NO","0","","","","","192","2026-05-03T05:33:53.297Z"
"0x5d99d8695de0d7bff53a0cd8921c1227703b4746","Ethereum / EVM","secp256k1 / ECDSA","NO","0","","","","","9213","2026-05-03T05:34:20.849Z"
"0x5da89151c62d614d259ff608f0236f352be1a919","Ethereum / EVM","secp256k1 / ECDSA","NO","0","","","","","7943","2026-05-03T05:34:20.849Z"
"0x5e1f62dac767b0491e3ce72469c217365d5b48cc","Ethereum / EVM","secp256k1 / ECDSA","NO","0","","","","","1887","2026-05-03T05:34:20.849Z"
"0x5e58e0ced3a272caeb8ba00f4a4c2805df6be495","Ethereum / EVM","secp256k1 / ECDSA","NO","0","","","","","1504","2026-05-03T05:34:41.063Z"
"0x5e87298e81d91eb38cdcf363251233c978dedf26","Ethereum / EVM","secp256k1 / ECDSA","NO","0","","","","","10497","2026-05-03T05:34:41.063Z"
"0x5e878ee23954266770dc8c9f97360458185b4a93","Ethereum / EVM","secp256k1 / ECDSA","NO","0","","","","","2339","2026-05-03T05:34:41.063Z"
"0x5e890243020d1498f078bdf774005efbe062ff26","Ethereum / EVM","secp256k1 / ECDSA","NO","0","","","","","1146","2026-05-03T05:40:23.935Z"
"0x5e9168e1b8d9db6c4eddedc555d8a80408bb4aff","Ethereum / EVM","secp256k1 / ECDSA","NO","0","","","","","97550","2026-05-03T05:40:23.935Z"
"0x5e9d76416f9702c1b4716c82a8ace1a464bdf626","Ethereum / EVM","secp256k1 / ECDSA","NO","0","","","","","241109","2026-05-03T05:40:23.935Z"
"0x5ea60925c6c2dd0a270a2e7053a0316750025204","Ethereum / EVM","secp256k1 / ECDSA","NO","0","","","","","32424","2026-05-03T05:41:25.455Z"
"0x5eaa10f99e7e6d177ef9f74e519e319aa49f191e","Ethereum / EVM","secp256k1 / ECDSA","NO","0","","","","","1146","2026-05-03T05:41:25.455Z"
"0x5ee84d30c7ee57f63f71c92247ff31f95e26916b","Ethereum / EVM","secp256k1 / ECDSA","NO","0","","","","Error: Scan timeout after 300s","300017","2026-05-03T05:47:44.243Z"
"0x5ee8b1d7d16b7d095ca8413a9278420ba15fa168","Ethereum / EVM","secp256k1 / ECDSA","NO","0","","","","","6733","2026-05-03T05:47:44.243Z"
"0x5ef3bc9d652007034d0268b57766ba7b07369ad0","Ethereum / EVM","secp256k1 / ECDSA","NO","0","","","","","18075","2026-05-03T05:47:44.243Z"
"0x5ef9cb383732ee194a2669b77670d9dc5fd0f018","Ethereum / EVM","secp256k1 / ECDSA","NO","0","","","","","43971","2026-05-03T06:06:18.596Z"
"0x5f0ea2b991f90fa56e8dfe2029abc4e5646c451a","Ethereum / EVM","secp256k1 / ECDSA","NO","0","","","","Error: Scan timeout after 300s","1066279","2026-05-03T06:06:18.596Z"
"0x5f18c75abdae578b483e5f43f12a39cf75b973a9","Ethereum / EVM","secp256k1 / ECDSA","NO","0","","","","","1081","2026-05-03T06:06:18.596Z"
"0x5f2304efb5c65467817388661533a396a44ce316","Ethereum / EVM","secp256k1 / ECDSA","NO","0","","","","","5701","2026-05-03T06:10:47.964Z"
"0x5f23d209cc93b8c09d94805e298a26ba224fadad","Ethereum / EVM","secp256k1 / ECDSA","NO","0","","","","","235942","2026-05-03T06:10:47.964Z"
"0x5f24cd6572a70526c05d2847885757c7512da17a","Ethereum / EVM","secp256k1 / ECDSA","NO","0","","","","","20583","2026-05-03T06:10:47.964Z"
"0x5f31a6fd5834d60c9065920db60207cd4cf774ed","Ethereum / EVM","secp256k1 / ECDSA","NO","0","","","","","9802","2026-05-03T06:11:45.463Z"
"0x5f36d9e04f2cca7089ad7822ecad267103c9bd81","Ethereum / EVM","secp256k1 / ECDSA","NO","0","","","","","27532","2026-05-03T06:11:45.463Z"
"0x5f5e4a854d461715a3f24544e96897620a3ce978","Ethereum / EVM","secp256k1 / ECDSA","NO","0","","","","","14912","2026-05-03T06:11:45.463Z"
"0x5f6016c4c8b3a22b488a599dc69425b3d90b7d8b","Ethereum / EVM","secp256k1 / ECDSA","NO","0","","","","","4012","2026-05-03T06:19:04.804Z"
"0x5f60862fd9da4c8c405d9e4d79b8fd6f09a97d8b","Ethereum / EVM","secp256k1 / ECDSA","NO","0","","","","Error: Scan timeout after 300s","405649","2026-05-03T06:19:04.804Z"
"0x5f6386497d001a2438d601957eaa27227007728a","Ethereum / EVM","secp256k1 / ECDSA","NO","0","","","","","23297","2026-05-03T06:19:04.804Z"
"0x5f68dd9cd4e9c52471e402702ef8118be2897b13","Ethereum / EVM","secp256k1 / ECDSA","NO","0","","","","","18286","2026-05-03T06:38:25.909Z"
"0x5f6b5735bb2580a1c497d5a73ed2c4e1f24bafa3","Ethereum / EVM","secp256k1 / ECDSA","NO","0","","","","","5416","2026-05-03T06:38:25.909Z"
"0x5f78fbab81f9892bbe379d88c8a224774411b0a9","Ethereum / EVM","secp256k1 / ECDSA","NO","0","","","","Error: Scan timeout after 300s","1129504","2026-05-03T06:38:25.909Z"
"0x5f8078c06d955f0d1498dd941c30c1c267d2c6b7","Ethereum / EVM","secp256k1 / ECDSA","NO","0","","","","","1871","2026-05-03T06:38:40.374Z"
"0x5f867ddeb0703e9fabc6de84c5b317aa90ed69f0","Ethereum / EVM","secp256k1 / ECDSA","NO","0","","","","","4330","2026-05-03T06:38:40.374Z"
"0x5f8b6d4adc3c2176bc178443b3dad46591cd23c6","Ethereum / EVM","secp256k1 / ECDSA","NO","0","","","","","589","2026-05-03T06:38:40.374Z"
"0x5fa1bf768813ed6b2e2fa42c4619d70d9d6bce08","Ethereum / EVM","secp256k1 / ECDSA","NO","0","","","","","6120","2026-05-03T14:12:28.919Z"
"0x5fb3fb2b3065f348e3a70862694af389c4393676","Ethereum / EVM","secp256k1 / ECDSA","NO","0","","","","","3025","2026-05-03T14:12:28.919Z"
"0x5fb998b8024e38867558fd5e2b87b6d13da730f8","Ethereum / EVM","secp256k1 / ECDSA","NO","0","","","","Error: Scan timeout after 300s","882075","2026-05-03T14:12:28.919Z"
"0x5fbf2cda9f507f787efc11e8e84f4c1f5430935a","Ethereum / EVM","secp256k1 / ECDSA","NO","0","","","","","18981","2026-05-03T14:13:07.035Z"
"0x5fcd1ea4674d050a807a769847d1bce72d9e8b8b","Ethereum / EVM","secp256k1 / ECDSA","NO","0","","","","","4259","2026-05-03T14:13:07.035Z"
"0x5fd61deeed36a48618d62a43e3b0aa6685790f55","Ethereum / EVM","secp256k1 / ECDSA","NO","0","","","","","6918","2026-05-03T14:13:07.035Z"
"0x5fd6761b63c2fd1c9ab6c7eafddf0be792c8cc54","Ethereum / EVM","secp256k1 / ECDSA","NO","0","","","","","222699","2026-05-03T14:16:55.569Z"
"0x5fdcca53617f4d2b9134b29090c87d01058e27e9","Ethereum / EVM","secp256k1 / ECDSA","NO","0","","","","","359","2026-05-03T14:16:55.569Z"
"0x5fdfb9916ce1f35a6fd4d38fd9103124e3e9bd61","Ethereum / EVM","secp256k1 / ECDSA","NO","0","","","","","1124","2026-05-03T14:16:55.569Z"
"0x5fe550de7028f5abbe2b77911aaa6b2e3f79ee90","Ethereum / EVM","secp256k1 / ECDSA","NO","0","","","","","19331","2026-05-03T14:17:28.331Z"
"0x5fe9d8beab2172195cc4034e81f7d4b0050ffc02","Ethereum / EVM","secp256k1 / ECDSA","NO","0","","","","","4778","2026-05-03T14:17:28.331Z"
"0x601c26b9b77405a285018b0d1add81b148498ef0","Ethereum / EVM","secp256k1 / ECDSA","NO","0","","","","","2565","2026-05-03T14:17:28.331Z"
"0x603d73ae9577b02ecb5a0be5c7309add4fa2b282","Ethereum / EVM","secp256k1 / ECDSA","NO","0","","","","","31566","2026-05-03T14:18:15.124Z"
"0x6048f43f6e169f77259f799f989544905f61a965","Ethereum / EVM","secp256k1 / ECDSA","NO","0","","","","","5906","2026-05-03T14:18:15.124Z"
"0x604dd02d620633ae427888d41bfd15e38483736e","Ethereum / EVM","secp256k1 / ECDSA","NO","0","","","","","1087","2026-05-03T14:18:15.124Z"
"0x604e5039258dc0135b890103d1c35b6302669823","Ethereum / EVM","secp256k1 / ECDSA","NO","0","","","","","7395","2026-05-03T14:19:06.029Z"
"0x60570cd09f6cdf76605721234546910e77663142","Ethereum / EVM","secp256k1 / ECDSA","NO","0","","","","","34028","2026-05-03T14:19:06.029Z"
"0x60597bff98bfb335f57d08bd2d23f96ee0015bdc","Ethereum / EVM","secp256k1 / ECDSA","NO","0","","","","","896","2026-05-03T14:19:06.029Z"
"0x6067445862f966ce04762b5350894ce4ca4010de","Ethereum / EVM","secp256k1 / ECDSA","NO","0","","","","","8098","2026-05-03T14:19:24.251Z"
"0x607b77a01cf25bc382fce5afadc496514259c803","Ethereum / EVM","secp256k1 / ECDSA","NO","0","","","","","1098","2026-05-03T14:19:24.251Z"
"0x607b8f380a729c0772afb67e74519211c8a20803","Ethereum / EVM","secp256k1 / ECDSA","NO","0","","","","","5994","2026-05-03T14:19:24.251Z"
"0x607bf08a0da9e6616c0e1f36131b0ce14259c803","Ethereum / EVM","secp256k1 / ECDSA","NO","0","","","","","8265","2026-05-03T14:19:46.327Z"
"0x607df5d606ff7e0548dd259706346a5b030885ed","Ethereum / EVM","secp256k1 / ECDSA","NO","0","","","","","8158","2026-05-03T14:19:46.327Z"
"0x607f31a520d62227ad7ecdca111f785c16791c30","Ethereum / EVM","secp256k1 / ECDSA","NO","0","","","","","2934","2026-05-03T14:19:46.327Z"
"0x607fcfed4a529f8e7abd7da44efed1490d641c30","Ethereum / EVM","secp256k1 / ECDSA","NO","0","","","","","11421","2026-05-03T14:20:35.201Z"
"0x607fe51e48125904a2969fc8a8edf02632161c30","Ethereum / EVM","secp256k1 / ECDSA","NO","0","","","","","14550","2026-05-03T14:20:35.201Z"
"0x608e57cee9254c83c0e6af7b58f8f84639921695","Ethereum / EVM","secp256k1 / ECDSA","NO","0","","","","","19176","2026-05-03T14:20:35.201Z"
"0x609dd2e3e2fa38e4ef945b9e5492e4b3c2670402","Ethereum / EVM","secp256k1 / ECDSA","NO","0","","","","","33408","2026-05-03T14:22:14.219Z"
"0x60a2c11ac7c3448c9459de4c0491e5fd52d14094","Ethereum / EVM","secp256k1 / ECDSA","NO","0","","","","","18187","2026-05-03T14:22:14.219Z"
"0x60be94706ef37916352ecc76f66451e05abe6f17","Ethereum / EVM","secp256k1 / ECDSA","NO","0","","","","","42918","2026-05-03T14:22:14.219Z"
"0x61003b5154ab118610f3e8680e5fef0cbfe10f43","Ethereum / EVM","secp256k1 / ECDSA","NO","0","","","","","3547","2026-05-03T14:22:37.203Z"
"0x610ad685d012fb8c298d213caeec85a6012be3f4","Ethereum / EVM","secp256k1 / ECDSA","NO","0","","","","","3008","2026-05-03T14:22:37.203Z"
"0x610e10ed49f57591abe16d919b6d15aaf4557237","Ethereum / EVM","secp256k1 / ECDSA","NO","0","","","","","12911","2026-05-03T14:22:37.203Z"
"0x6114524f6db697b14bf4471026005c262e3adb36","Ethereum / EVM","secp256k1 / ECDSA","NO","0","","","","","15029","2026-05-03T14:23:27.434Z"
"0x6118363f850657fbbf7b7323bbbd4bb21e0658d2","Ethereum / EVM","secp256k1 / ECDSA","NO","0","","","","","20582","2026-05-03T14:23:27.434Z"
"0x6125a5c56b86d94f0ad33949d1a9c4c675aedfed","Ethereum / EVM","secp256k1 / ECDSA","NO","0","","","","","9471","2026-05-03T14:23:27.434Z"
"0x6131b5fae19ea4f9d964eac0408e4408b66337b5","Ethereum / EVM","secp256k1 / ECDSA","NO","0","","","","","1899","2026-05-03T14:24:30.784Z"
"0x61372e68b9c3bdaacd3df048aaf22070e4579165","Ethereum / EVM","secp256k1 / ECDSA","NO","0","","","","","46381","2026-05-03T14:24:30.784Z"
"0x61412aac96b6a50dc5fddfe04274dcb1dd441e50","Ethereum / EVM","secp256k1 / ECDSA","NO","0","","","","","10082","2026-05-03T14:24:30.784Z"
"0x61618586d1d35cd5985c55ce7f09f58b8abe873d","Ethereum / EVM","secp256k1 / ECDSA","NO","0","","","","","3913","2026-05-03T14:40:35.258Z"
"0x616631d72f6d881ad020e07283adec8c2b07681c","Ethereum / EVM","secp256k1 / ECDSA","NO","0","","","","","45419","2026-05-03T14:40:35.258Z"
"0x618b9d794f575d46a0367f29b44021a33636adf4","Ethereum / EVM","secp256k1 / ECDSA","NO","0","","","","Error: Scan timeout after 300s","340719","2026-05-03T14:40:35.258Z"
"0x619f9e8e50b4c01d40f33995426cc8740037f31a","Ethereum / EVM","secp256k1 / ECDSA","NO","0","","","","","1793","2026-05-03T14:40:55.839Z"
"0x61ac1097e517e61ceb4079beeb09d1f5b8102623","Ethereum / EVM","secp256k1 / ECDSA","NO","0","","","","","1691","2026-05-03T14:40:55.839Z"
"0x61b85c169f5ba3c43ead91d5c22783a2df62bd95","Ethereum / EVM","secp256k1 / ECDSA","NO","0","","","","","8597","2026-05-03T14:40:55.839Z"
"0x61d1a8002527fe117b664756e2db0006c8eb8c6b","Ethereum / EVM","secp256k1 / ECDSA","NO","0","","","","","12131","2026-05-03T14:48:36.222Z"
"0x61e121eee0a142b1762aeab6acad8efdfb7be63b","Ethereum / EVM","secp256k1 / ECDSA","NO","0","","","","Error: Scan timeout after 300s","410565","2026-05-03T14:48:36.222Z"
"0x61e3f84a877288ecaa683280bde37105210ed89f","Ethereum / EVM","secp256k1 / ECDSA","NO","0","","","","","4083","2026-05-03T14:48:36.222Z"
"0x61f1138f2d09924e6e12bfa6427b910ea13573b0","Ethereum / EVM","secp256k1 / ECDSA","NO","0","","","","","42316","2026-05-03T14:52:18.325Z"
"0x61fdd41c3c56526cb3dcccf179f74d3367dae7b3","Ethereum / EVM","secp256k1 / ECDSA","NO","0","","","","","1152","2026-05-03T14:52:18.325Z"
"0x621aeb1640d2a0a16f8841fc729d23dbc00ea005","Ethereum / EVM","secp256k1 / ECDSA","NO","0","","","","","174649","2026-05-03T14:52:18.325Z"
"0x621ed6b211e3c6d1e56eec3a0b4e5f355aab3f2d","Ethereum / EVM","secp256k1 / ECDSA","NO","0","","","","Error: Scan timeout after 300s","1144129","2026-05-03T15:11:56.343Z"
"0x623ad42c06ec70a2346fabc7af51095c2e685dc0","Ethereum / EVM","secp256k1 / ECDSA","NO","0","","","","","1774","2026-05-03T15:11:56.343Z"
"0x623e1b0f862eac63c6104aa6382c4b7703ea0881","Ethereum / EVM","secp256k1 / ECDSA","NO","0","","","","","24470","2026-05-03T15:11:56.343Z"
"0x62425cd6bdcb6bfe51558ea465b063486b70dc9f","Ethereum / EVM","secp256k1 / ECDSA","NO","0","","","","Error: Scan timeout after 300s","925552","2026-05-03T15:46:01.589Z"
"0x625e7708f30ca75bfd92586e17077590c60eb4cd","Ethereum / EVM","secp256k1 / ECDSA","NO","0","","","","","368","2026-05-03T15:46:01.589Z"
"0x6260d84a3c243db3ffa2f9a365cda4f287d46353","Ethereum / EVM","secp256k1 / ECDSA","NO","0","","","","","3448","2026-05-03T15:46:01.589Z"
"0x6265e005c3ddf1b0bc959e1c69d034976c534d17","Ethereum / EVM","secp256k1 / ECDSA","NO","0","","","","","3287","2026-05-03T15:46:18.178Z"
"0x6266fe85e3bcbcbc152f912e9100617f98093316","Ethereum / EVM","secp256k1 / ECDSA","NO","0","","","","","3432","2026-05-03T15:46:18.178Z"
"0x627e628133c4d66559df6f3fb04b748b99648b1f","Ethereum / EVM","secp256k1 / ECDSA","NO","0","","","","","5711","2026-05-03T15:46:18.178Z"
"0x628f4583678c94c59c608bc183cb690f5c38f6ca","Ethereum / EVM","secp256k1 / ECDSA","NO","0","","","","","32140","2026-05-03T15:47:37.047Z"
"0x6290b470ca5a35aea2cb0a24547d26a192577765","Ethereum / EVM","secp256k1 / ECDSA","NO","0","","","","","41619","2026-05-03T15:47:37.047Z"
"0x62cd3807e70e712362edf460a92992c7d67562ce","Ethereum / EVM","secp256k1 / ECDSA","NO","0","","","","","1122","2026-05-03T15:47:37.047Z"
"0x62cdfa79a615188347c25eaeaab22b9972f3c000","Ethereum / EVM","secp256k1 / ECDSA","NO","0","","","","","11627","2026-05-03T15:48:38.361Z"
"0x62ce30fee341befc23af387a9caf705884ae1a97","Ethereum / EVM","secp256k1 / ECDSA","NO","0","","","","","36537","2026-05-03T15:48:38.361Z"
"0x636d69bd5d467056f079023f14444fa38ab72650","Ethereum / EVM","secp256k1 / ECDSA","NO","0","","","","","2554","2026-05-03T15:51:31.560Z"
"0x637f2bb062560697b4d4a01b4409aa4a61b8c3b1","Ethereum / EVM","secp256k1 / ECDSA","NO","0","","","","","13126","2026-05-03T15:51:31.560Z"
"0x6567652c535d402572b9bf768f3643fb38008727","Ethereum / EVM","secp256k1 / ECDSA","NO","0","","","","Error: Scan timeout after 300s","1034525","2026-05-03T18:29:25.323Z"
"0x62ef9cddc65cef1437b0f53178ee89fcffdf88f3","Ethereum / EVM","secp256k1 / ECDSA","NO","0","","","","","10431","2026-05-03T15:48:38.361Z"
"0x62f10a077d827925a9a99901f10116753161d6dc","Ethereum / EVM","secp256k1 / ECDSA","NO","0","","","","","14966","2026-05-03T15:49:06.086Z"
"0x631048ccd275b3d23c5707ddec9a0341b110f433","Ethereum / EVM","secp256k1 / ECDSA","NO","0","","","","","2669","2026-05-03T15:49:06.086Z"
"0x6317c5e82a06e1d8bf200d21f4510ac2c038ac81","Ethereum / EVM","secp256k1 / ECDSA","NO","0","","","","","2702","2026-05-03T15:49:06.086Z"
"0x63220b5e9272ec6421f9993d5cbb3cab66038ed4","Ethereum / EVM","secp256k1 / ECDSA","NO","0","","","","","25298","2026-05-03T15:49:50.163Z"
"0x63242a4ea82847b20e506b63b0e2e2eff0cc6cb0","Ethereum / EVM","secp256k1 / ECDSA","NO","0","","","","","2296","2026-05-03T15:49:50.163Z"
"0x63261129b09f91319e2890ece9eb96af26de1dbc","Ethereum / EVM","secp256k1 / ECDSA","NO","0","","","","","12380","2026-05-03T15:49:50.163Z"
"0x6327cd73bddfd06aad56b00ca69fd415fc313369","Ethereum / EVM","secp256k1 / ECDSA","NO","0","","","","","27604","2026-05-03T15:50:51.394Z"
"0x632d1475a41f974c34d09e03124ecfbacb1ff004","Ethereum / EVM","secp256k1 / ECDSA","NO","0","","","","","20333","2026-05-03T15:50:51.394Z"
"0x63412b8919de45c2f2baa83774db7a4276c17a67","Ethereum / EVM","secp256k1 / ECDSA","NO","0","","","","","2580","2026-05-03T15:50:51.394Z"
"0x6341873b8be9ec2daeeb03b72539946276c17a67","Ethereum / EVM","secp256k1 / ECDSA","NO","0","","","","","2255","2026-05-03T15:51:02.222Z"
"0x6341d17a1249a10489826b130559279276c17a67","Ethereum / EVM","secp256k1 / ECDSA","NO","0","","","","","2469","2026-05-03T15:51:02.222Z"
"0x6341d4a8071ef275917b962754c930a276c17a67","Ethereum / EVM","secp256k1 / ECDSA","NO","0","","","","","409","2026-05-03T15:51:02.222Z"
"0x6341dba6d19ef57a228f4dfb642b73e276c17a67","Ethereum / EVM","secp256k1 / ECDSA","NO","0","","","","","379","2026-05-03T15:51:06.530Z"
"0x6357d3843d715496257e338a878ab0b72040a918","Ethereum / EVM","secp256k1 / ECDSA","NO","0","","","","","384","2026-05-03T15:51:06.530Z"
"0x636a321a5846a1cabb9dce896bd95f6470842650","Ethereum / EVM","secp256k1 / ECDSA","NO","0","","","","","382","2026-05-03T15:51:06.530Z"
"0x6558c034d0527ba00ed98388c5be3fdd43da969d","Ethereum / EVM","secp256k1 / ECDSA","NO","0","","","","","9166","2026-05-03T17:24:34.148Z"
"0x6b6e5bdbe151a6adaa0e13193673a2388f250f49","Ethereum / EVM","secp256k1 / ECDSA","NO","0","","","","","23599","2026-05-04T03:13:19.521Z"
"0x63824171098f3c631d5e02f70db74ff6e3ba7f3c","Ethereum / EVM","secp256k1 / ECDSA","NO","0","","","","","2243","2026-05-03T15:51:31.560Z"
"0x63842298b8a6d361d1bbb5fe1a0448c15a79efa7","Ethereum / EVM","secp256k1 / ECDSA","NO","0","","","","","12042","2026-05-03T15:51:56.607Z"
"0x638f83a04266d483cdfd45fb75fd029221d944b3","Ethereum / EVM","secp256k1 / ECDSA","NO","0","","","","","2299","2026-05-03T15:51:56.607Z"
"0x639192d54431f8c816368d3fb4107bc168d0e871","Ethereum / EVM","secp256k1 / ECDSA","NO","0","","","","","2787","2026-05-03T15:51:56.607Z"
"0x639cd2fc24ec06be64aaf94eb89392bea98a6605","Ethereum / EVM","secp256k1 / ECDSA","NO","0","","","","","10601","2026-05-03T15:57:28.615Z"
"0x63b663b82d13b009d81a0874f356872bb6abd658","Ethereum / EVM","secp256k1 / ECDSA","NO","0","","","","","14803","2026-05-03T15:57:28.615Z"
"0x63c79fccd0a21e4a4d87056a0efe3b85d8c373d4","Ethereum / EVM","secp256k1 / ECDSA","NO","0","","","","Error: Scan timeout after 300s","300136","2026-05-03T15:57:28.615Z"
"0x63ca00232f471be2a3bf3c4e95bc1d2b3ea5db92","Ethereum / EVM","secp256k1 / ECDSA","NO","0","","","","","490","2026-05-03T16:04:25.591Z"
"0x63d686f8dbbec83c69a282443ba1f5575a74c361","Ethereum / EVM","secp256k1 / ECDSA","NO","0","","","","Error: Scan timeout after 300s","407978","2026-05-03T16:04:25.591Z"
"0x63f8994e4edc33f49777f3916a48cc03d4ca74b9","Ethereum / EVM","secp256k1 / ECDSA","NO","0","","","","","1641","2026-05-03T16:04:25.591Z"
"0x6427b4b028c4a1db5fb5daf80c22e81115457230","Ethereum / EVM","secp256k1 / ECDSA","NO","0","","","","","838","2026-05-03T16:18:02.371Z"
"0x642ffab2752df3bce97083709f36080fb1482c80","Ethereum / EVM","secp256k1 / ECDSA","NO","0","","","","","941","2026-05-03T16:18:02.371Z"
"0x6448754c8a55caa888927a91f1d0f3e01fac2460","Ethereum / EVM","secp256k1 / ECDSA","NO","0","","","","","192","2026-05-03T16:18:02.371Z"
"0x6460e7ad4be8802833b27a65f64d52c1dd15f9ce","Ethereum / EVM","secp256k1 / ECDSA","NO","0","","","","Error: Scan timeout after 300s","420836","2026-05-03T16:27:03.278Z"
"0x655c2127a43f260f0fdac30d810eee465e6f8726","Ethereum / EVM","secp256k1 / ECDSA","NO","0","","","","","72004","2026-05-03T18:29:25.323Z"
"0x65673c7ee77f27c7ea56529ebb33aa140d908727","Ethereum / EVM","secp256k1 / ECDSA","NO","0","","","","","36662","2026-05-03T18:29:25.323Z"
"0x646f9dfaef091a36cbea779479c9b8b31f7568c2","Ethereum / EVM","secp256k1 / ECDSA","NO","0","","","","","2907","2026-05-03T16:27:03.278Z"
"0x6478931004cd7b995957a4e1a5d06f9a8db0fa04","Ethereum / EVM","secp256k1 / ECDSA","NO","0","","","","","182","2026-05-03T16:27:03.278Z"
"0x647c084d9bb5109f96c1b926328caa1514d1c209","Ethereum / EVM","secp256k1 / ECDSA","NO","0","","","","","724","2026-05-03T16:27:10.148Z"
"0x647c621ceb36853ef6a907e397adf18568e70543","Ethereum / EVM","secp256k1 / ECDSA","NO","0","","","","","994","2026-05-03T16:27:10.148Z"
"0x6484f0a93d19a77264a2835d54986f7e89de39d9","Ethereum / EVM","secp256k1 / ECDSA","NO","0","","","","","324","2026-05-03T16:27:10.148Z"
"0x648bc599fdf707e5834d40d77ce22523a15a39d9","Ethereum / EVM","secp256k1 / ECDSA","NO","0","","","","","1461","2026-05-03T16:27:21.129Z"
"0x648bc59a499db9834ee2d911bf51eadda05a39d9","Ethereum / EVM","secp256k1 / ECDSA","NO","0","","","","","602","2026-05-03T16:27:21.129Z"
"0x6499ec8da117f0199f36e995c9febd9567be31e8","Ethereum / EVM","secp256k1 / ECDSA","NO","0","","","","","2919","2026-05-03T16:27:21.129Z"
"0x64b9e522f341c1af71b46d06d4137c1a73a2e291","Ethereum / EVM","secp256k1 / ECDSA","NO","0","","","","","2406","2026-05-03T16:27:47.368Z"
"0x64bc071b0f39f967ee49130edb953631afd8253e","Ethereum / EVM","secp256k1 / ECDSA","NO","0","","","","","5480","2026-05-03T16:27:47.368Z"
"0x64bd0a918d64fd2f5b50b75d24a227e009bfdaef","Ethereum / EVM","secp256k1 / ECDSA","NO","0","","","","","14352","2026-05-03T16:27:47.368Z"
"0x64c78463de0ec607ca47a192cb3e73ecec0894e8","Ethereum / EVM","secp256k1 / ECDSA","NO","0","","","","Error: Scan timeout after 300s","1062783","2026-05-03T17:03:49.954Z"
"0x650025584fd354fbd211e9eedf6e10e9619bffeb","Ethereum / EVM","secp256k1 / ECDSA","NO","0","","","","","54296","2026-05-03T17:03:49.954Z"
"0x6503739d904933c17c049c036f0c520fce2adfac","Ethereum / EVM","secp256k1 / ECDSA","NO","0","","","","Error: Scan timeout after 300s","1039141","2026-05-03T17:03:49.954Z"
"0x651034c5649f74034c1018fe3929179dfa5c6376","Ethereum / EVM","secp256k1 / ECDSA","NO","0","","","","","3295","2026-05-03T17:04:05.088Z"
"0x6510d419e0fec3d0ff49cbcfd448d26150b1456f","Ethereum / EVM","secp256k1 / ECDSA","NO","0","","","","","3233","2026-05-03T17:04:05.088Z"
"0x6513f69a45ba783cc363cd384f3b99549a0b3b01","Ethereum / EVM","secp256k1 / ECDSA","NO","0","","","","","632","2026-05-03T17:04:05.088Z"
"0x651641299c7ec0aa44ad7ed9b7e12702fed2022f","Ethereum / EVM","secp256k1 / ECDSA","NO","0","","","","Error: Scan timeout after 300s","1197657","2026-05-03T17:24:11.379Z"
"0x651f1d419c548125d7e5456fb61f3df47c29600d","Ethereum / EVM","secp256k1 / ECDSA","NO","0","","","","","1418","2026-05-03T17:24:11.379Z"
"0x652a5ceb7d1fd0a47ca1bb77f8577cf9ac067178","Ethereum / EVM","secp256k1 / ECDSA","NO","0","","","","","5926","2026-05-03T17:24:11.379Z"
"0x6533afac2e7bccb20dca161449a13a32d391fb00","Ethereum / EVM","secp256k1 / ECDSA","NO","0","","","","","837","2026-05-03T17:24:34.148Z"
"0x654c3cc752853fad4d9b3871b7d0f28f95731fe0","Ethereum / EVM","secp256k1 / ECDSA","NO","0","","","","","10448","2026-05-03T17:24:34.148Z"
"0x65740c15694dc2e6167e38af6580065196ad9987","Ethereum / EVM","secp256k1 / ECDSA","NO","0","","","","","1795","2026-05-03T18:47:25.568Z"
"0x657610bc6cc406291a89d770def32a819dcb7f41","Ethereum / EVM","secp256k1 / ECDSA","NO","0","","","","Error: Scan timeout after 300s","1069773","2026-05-03T18:47:25.568Z"
"0x657a5ae4fc7660fe719850ab2455a5ab05166eae","Ethereum / EVM","secp256k1 / ECDSA","NO","0","","","","","489","2026-05-03T18:47:25.568Z"
"0x657f23e005cc24ffa9f9e68a85b099d24ffdfd42","Ethereum / EVM","secp256k1 / ECDSA","NO","0","","","","","4085","2026-05-03T18:51:50.566Z"
"0x658370618bbc885865df66c1061bfe4771fad846","Ethereum / EVM","secp256k1 / ECDSA","NO","0","","","","","1979","2026-05-03T18:51:50.566Z"
"0x65a72d74abfd95759b359d5f7ab2aa5c94083e2f","Ethereum / EVM","secp256k1 / ECDSA","NO","0","","","","","251636","2026-05-03T18:51:50.566Z"
"0x65a88adc605fb90684a6b074c1e59bdc7345cc68","Ethereum / EVM","secp256k1 / ECDSA","NO","0","","","","","2413","2026-05-03T19:27:50.767Z"
"0x65a8f07bd9a8598e1b5b6c0a88f4779dbc077675","Ethereum / EVM","secp256k1 / ECDSA","NO","0","","","","Error: Scan timeout after 300s","968465","2026-05-03T19:27:50.767Z"
"0x65abd47d92bd32276158dec9a450427a1d86cda9","Ethereum / EVM","secp256k1 / ECDSA","NO","0","","","","","1972","2026-05-03T19:27:50.767Z"
"0x65ac5374280b1ffdffb2db5f18fbd887f3d61e8d","Ethereum / EVM","secp256k1 / ECDSA","NO","0","","","","","11094","2026-05-03T19:28:44.063Z"
"0x65b7ce5e049ee280f45521d7288faccb302282ae","Ethereum / EVM","secp256k1 / ECDSA","NO","0","","","","","32615","2026-05-03T19:28:44.063Z"
"0x65b9a3dfbec08267f113a24257d7543214a98e9e","Ethereum / EVM","secp256k1 / ECDSA","NO","0","","","","","3481","2026-05-03T19:28:44.063Z"
"0x65bcdb5c8a0955f16dee4b827d208f844a03a3bb","Ethereum / EVM","secp256k1 / ECDSA","NO","0","","","","","23133","2026-05-03T19:29:47.576Z"
"0x65fbf61fa2b323362d8290da199c2fd76b81ba20","Ethereum / EVM","secp256k1 / ECDSA","NO","0","","","","","36648","2026-05-03T19:29:47.576Z"
"0x66017d22b0f8556afdd19fc67041899eb65a21bb","Ethereum / EVM","secp256k1 / ECDSA","NO","0","","","","","935","2026-05-03T19:29:47.576Z"
"0x66104617e932ba744a7754b6820ed05158e17fef","Ethereum / EVM","secp256k1 / ECDSA","NO","0","","","","","736","2026-05-03T19:30:03.060Z"
"0x8561ae9aa871e245b24a1a716e3bb0bd5ce369a6","Ethereum / EVM","secp256k1 / ECDSA","NO","0","","","","Error: Scan timeout after 300s","576848","2026-05-20T06:57:50.032Z"
"0xa9b745c569f913a8d4fab392163bc6810708a9d3","Ethereum / EVM","secp256k1 / ECDSA","NO","0","","","","","4247","2026-05-29T09:05:56.656Z"
"0x661bd1a2951423d657c0bdc94a37fa02deb4f0d6","Ethereum / EVM","secp256k1 / ECDSA","NO","0","","","","","4131","2026-05-03T19:30:03.060Z"
"0x6634e4bb37b111d6ee04ee84981e95dc26522b5e","Ethereum / EVM","secp256k1 / ECDSA","NO","0","","","","","5120","2026-05-03T19:30:03.060Z"
"0x663dc15d3c1ac63ff12e45ab68fea3f0a883c251","Ethereum / EVM","secp256k1 / ECDSA","NO","0","","","","","372","2026-05-03T21:20:54.004Z"
"0x6643887784cb89cc9537dbb7ea20b00c45abeefb","Ethereum / EVM","secp256k1 / ECDSA","NO","0","","","","Error: Scan timeout after 300s","921389","2026-05-03T21:20:54.004Z"
"0x6643decb0ea1d689185f76cb18835fe6bfbc16a9","Ethereum / EVM","secp256k1 / ECDSA","NO","0","","","","","49762","2026-05-03T21:20:54.004Z"
"0x6647a8dda341f655b9d41f6011f1b756df40eefb","Ethereum / EVM","secp256k1 / ECDSA","NO","0","","","","","2700","2026-05-03T21:21:49.478Z"
"0x6648d5d85d7c5cec1848a675301e7668dd752469","Ethereum / EVM","secp256k1 / ECDSA","NO","0","","","","","24188","2026-05-03T21:21:49.478Z"
"0x664ada70c1cc270832b08692f19c9daa9131e39e","Ethereum / EVM","secp256k1 / ECDSA","NO","0","","","","","20882","2026-05-03T21:21:49.478Z"
"0x664d25959eccabc3e04a4dc9d1f5ca5dde82a5d5","Ethereum / EVM","secp256k1 / ECDSA","NO","0","","","","","685","2026-05-03T21:22:00.561Z"
"0x66513227371d71a0b0d272809f4971b299e0f010","Ethereum / EVM","secp256k1 / ECDSA","NO","0","","","","","681","2026-05-03T21:22:00.561Z"
"0x66513e6e0b9a73c204e5897d405600197d1caaaa","Ethereum / EVM","secp256k1 / ECDSA","NO","0","","","","","3012","2026-05-03T21:22:00.561Z"
"0x6654c4f4d7c0cf58a683f0f4027b46524538fec4","Ethereum / EVM","secp256k1 / ECDSA","NO","0","","","","","63208","2026-05-03T21:23:38.765Z"
"0x66689eb7b12ff66bef147d311492ace48b49e9dd","Ethereum / EVM","secp256k1 / ECDSA","NO","0","","","","","17032","2026-05-03T21:23:38.765Z"
"0x66697337bb13d9a1c1e0589ede7b452d24f10fe6","Ethereum / EVM","secp256k1 / ECDSA","NO","0","","","","","14166","2026-05-03T21:23:38.765Z"
"0x66723b7222560eb257965d1a574440563cdebbef","Ethereum / EVM","secp256k1 / ECDSA","NO","0","","","","","2090","2026-05-03T21:23:52.052Z"
"0x6675d172e5873d16fb1a417a9aae2056fc2b5bef","Ethereum / EVM","secp256k1 / ECDSA","NO","0","","","","","2423","2026-05-03T21:23:52.052Z"
"0x8657b958710db2641524d8160c6b8ef224b3a6c0","Ethereum / EVM","secp256k1 / ECDSA","NO","0","","","","","3507","2026-05-20T07:29:39.236Z"
"0x6675d811e7d7cf2e315289a92ff46bc138eb5bef","Ethereum / EVM","secp256k1 / ECDSA","NO","0","","","","","355","2026-05-03T21:23:52.052Z"
"0x667a2316a544475d4f5cbd8f6f3f469a3ecbd8d2","Ethereum / EVM","secp256k1 / ECDSA","NO","0","","","","Error: Scan timeout after 300s","334842","2026-05-03T22:47:08.587Z"
"0x667fa7ce17a7bf799f2039ae5a6c62950415bbef","Ethereum / EVM","secp256k1 / ECDSA","NO","0","","","","","210","2026-05-03T22:47:08.587Z"
"0x66930afa1640368ef7de973fa75f446f46901cee","Ethereum / EVM","secp256k1 / ECDSA","NO","0","","","","Error: Scan timeout after 300s","1048429","2026-05-03T22:47:08.587Z"
"0x66a8c29f5484121d85f3e9a3a6752c4bfe0f4fb3","Ethereum / EVM","secp256k1 / ECDSA","NO","0","","","","","2336","2026-05-03T22:47:23.073Z"
"0x66a9893cc07d91d95644aedd05d03f95e1dba8af","Ethereum / EVM","secp256k1 / ECDSA","NO","0","","","","","621","2026-05-03T22:47:23.073Z"
"0x66ca7be6cc92595406700f63a5f0c6ad98b476d9","Ethereum / EVM","secp256k1 / ECDSA","NO","0","","","","","3378","2026-05-03T22:47:23.073Z"
"0x66cde84f779c3ede09be48e07f9da397dbb3ddfc","Ethereum / EVM","secp256k1 / ECDSA","NO","0","","","","","1215","2026-05-03T22:53:29.830Z"
"0x66d062093b3a9b498a28706800f2d84bfdd4b110","Ethereum / EVM","secp256k1 / ECDSA","NO","0","","","","","63613","2026-05-03T22:53:29.830Z"
"0x66e092fd00c4e4eb5bd20f5392c1902d738ae7bc","Ethereum / EVM","secp256k1 / ECDSA","NO","0","","","","Error: Scan timeout after 300s","300015","2026-05-03T22:53:29.830Z"
"0x66ec3ff1a610e9605fbfa8f28396e8dc94766b6c","Ethereum / EVM","secp256k1 / ECDSA","NO","0","","","","","1924","2026-05-03T22:53:36.067Z"
"0x67366782805870060151383f4bbff9dab53e5cd6","Ethereum / EVM","secp256k1 / ECDSA","NO","0","","","","","627","2026-05-03T22:53:36.067Z"
"0x674416f3bcbf37e583633e758070392bea2655c5","Ethereum / EVM","secp256k1 / ECDSA","NO","0","","","","","727","2026-05-03T22:53:36.067Z"
"0x6749a598eedfb0ab9f51f091633d991db724cdaa","Ethereum / EVM","secp256k1 / ECDSA","NO","0","","","","","3107","2026-05-03T22:53:46.889Z"
"0x674cc41c9dab46d0aed66ceae9c2bdaf7bc13660","Ethereum / EVM","secp256k1 / ECDSA","NO","0","","","","","2607","2026-05-03T22:53:46.889Z"
"0x67542d9d17bebb0dcd9af3c31cce50367818ed15","Ethereum / EVM","secp256k1 / ECDSA","NO","0","","","","","306","2026-05-03T22:53:46.889Z"
"0x675b864fc90682ac9d55022bc22124fd357279d8","Ethereum / EVM","secp256k1 / ECDSA","NO","0","","","","","176","2026-05-03T22:53:53.211Z"
"0x676b5dc804cd59c5aacb85eed7a57f36680f5666","Ethereum / EVM","secp256k1 / ECDSA","NO","0","","","","","3527","2026-05-03T22:53:53.211Z"
"0x6774bcbd5cecef1336b5300fb5186a12ddd8b367","Ethereum / EVM","secp256k1 / ECDSA","NO","0","","","","","462","2026-05-03T22:53:53.211Z"
"0x67882f02c31eec5de7212c333e0eeeb3eab490c4","Ethereum / EVM","secp256k1 / ECDSA","NO","0","","","","","232","2026-05-03T22:54:15.447Z"
"0x67896f907596cb8ccfcdbb3eed03075eebe2f01a","Ethereum / EVM","secp256k1 / ECDSA","NO","0","","","","","9547","2026-05-03T22:54:15.447Z"
"0x678d771e5d04a9e897f833115f50afe3622370f6","Ethereum / EVM","secp256k1 / ECDSA","NO","0","","","","","6914","2026-05-03T22:54:15.447Z"
"0x678da03ee2c311daa7ed32d4ad9c351af3a6e9de","Ethereum / EVM","secp256k1 / ECDSA","NO","0","","","","","167126","2026-05-03T23:16:56.166Z"
"0x67938150f99788ada93c5d58d4d848128007159b","Ethereum / EVM","secp256k1 / ECDSA","NO","0","","","","","38076","2026-05-03T23:16:56.166Z"
"0x67a24ce4321ab3af51c2d0a4801c3e111d88c9d9","Ethereum / EVM","secp256k1 / ECDSA","NO","0","","","","","645","2026-05-03T23:16:56.166Z"
"0x67d75370a4d77a565143812d70cfb43e20e4273c","Ethereum / EVM","secp256k1 / ECDSA","NO","0","","","","","3849","2026-05-03T23:17:26.340Z"
"0x67e592a39ccb70e3be53e555126b030eca5a964d","Ethereum / EVM","secp256k1 / ECDSA","NO","0","","","","","18880","2026-05-03T23:17:26.340Z"
"0x67f9d96a3aa8d03b7bd05a7cf3171b81117e09f9","Ethereum / EVM","secp256k1 / ECDSA","NO","0","","","","","679","2026-05-03T23:17:26.340Z"
"0x67fb239bb418539a769d66389fcf9d2c5b65a561","Ethereum / EVM","secp256k1 / ECDSA","NO","0","","","","","2569","2026-05-03T23:20:33.988Z"
"0x6802ce31de44cc42aeaf7d909eda1119d936b603","Ethereum / EVM","secp256k1 / ECDSA","NO","0","","","","","170365","2026-05-03T23:20:33.988Z"
"0x6821277d0e8d8a4471c2160569a0a51f66b706c7","Ethereum / EVM","secp256k1 / ECDSA","NO","0","","","","","11125","2026-05-03T23:20:33.988Z"
"0x682136a5e8752236171a824a894a5db1372506c7","Ethereum / EVM","secp256k1 / ECDSA","NO","0","","","","","1024","2026-05-03T23:22:17.880Z"
"0x865b317afbdda13da2ae5063562f24fd044414a1","Ethereum / EVM","secp256k1 / ECDSA","NO","0","","","","","7148","2026-05-20T07:30:05.627Z"
"0xa9c0204b10bba10ffce488dce6ffff1cacdbbb10","Ethereum / EVM","secp256k1 / ECDSA","NO","0","","","","Error: Scan timeout after 300s","983750","2026-05-29T09:24:35.976Z"
"0x6821a0ff149f4938612c172aa70c48390e2906c7","Ethereum / EVM","secp256k1 / ECDSA","NO","0","","","","","1598","2026-05-03T23:22:17.880Z"
"0x6821aa6dc9f74d4aa309de501cfb7488ce9a06c7","Ethereum / EVM","secp256k1 / ECDSA","NO","0","","","","","94824","2026-05-03T23:22:17.880Z"
"0x6821fd83ff161d9711046629dc4ae7b29dfe06c7","Ethereum / EVM","secp256k1 / ECDSA","NO","0","","","","","6730","2026-05-03T23:22:54.582Z"
"0x6821ff9eea7c11350ad095779efcbacbdecb06c7","Ethereum / EVM","secp256k1 / ECDSA","NO","0","","","","","9239","2026-05-03T23:22:54.582Z"
"0x682d3c29f4bd7a8d24d0eb4de28f7decb3318aa9","Ethereum / EVM","secp256k1 / ECDSA","NO","0","","","","","13740","2026-05-03T23:22:54.582Z"
"0x682f2c075f5fecb35ca4dd60dc3ec7341c3a06c7","Ethereum / EVM","secp256k1 / ECDSA","NO","0","","","","","23239","2026-05-03T23:27:44.951Z"
"0x682fd9916a0280da81393c9e32c0085dd2f30464","Ethereum / EVM","secp256k1 / ECDSA","NO","0","","","","","258637","2026-05-03T23:27:44.951Z"
"0x684c0ad1d2cefb3b008bceee5c3d756c6a3f2f9d","Ethereum / EVM","secp256k1 / ECDSA","NO","0","","","","","5259","2026-05-03T23:27:44.951Z"
"0x684ca79d4ff14c00ce08b530399f9229f6ca2cf3","Ethereum / EVM","secp256k1 / ECDSA","NO","0","","","","","8219","2026-05-03T23:28:14.306Z"
"0x68598FaFd41bBfF18A201FA428CCeBF74FF0Aebe","Ethereum / EVM","secp256k1 / ECDSA","NO","0","","","","","2168","2026-05-03T23:28:14.306Z"
"0x689b18c3234ab3921508522017962b470df2b6ed","Ethereum / EVM","secp256k1 / ECDSA","NO","0","","","","","10564","2026-05-03T23:28:14.306Z"
"0x689dfaa1b36796fd479c8cda6d687f4e5e5315d7","Ethereum / EVM","secp256k1 / ECDSA","NO","0","","","","","10272","2026-05-03T23:28:40.117Z"
"0x68ad004d201a4e32776c3080a89c09790c5f80f3","Ethereum / EVM","secp256k1 / ECDSA","NO","0","","","","","9404","2026-05-03T23:28:40.117Z"
"0x68ad28e263d6d4a45b3e23fb24954d581f55552a","Ethereum / EVM","secp256k1 / ECDSA","NO","0","","","","","2594","2026-05-03T23:28:40.117Z"
"0x68b21abe58b175da0b4a518d2e8a16ab6d66b698","Ethereum / EVM","secp256k1 / ECDSA","NO","0","","","","","65461","2026-05-03T23:29:53.392Z"
"0x68b299451bb795f63d95532da20b3cbfa22200de","Ethereum / EVM","secp256k1 / ECDSA","NO","0","","","","","2605","2026-05-03T23:29:53.392Z"
"0x68b2ab54ea035d5fa5f1a3e2a7a2a678e94db698","Ethereum / EVM","secp256k1 / ECDSA","NO","0","","","","","2785","2026-05-03T23:29:53.392Z"
"0x68b3465833fb72a70ecdf485e0e4c7bd8665fc45","Ethereum / EVM","secp256k1 / ECDSA","NO","0","","","","","2399","2026-05-03T23:31:18.989Z"
"0x68b433d54852c8b477b505940669027b6624a880","Ethereum / EVM","secp256k1 / ECDSA","NO","0","","","","","73713","2026-05-03T23:31:18.989Z"
"0xc116e6f239320a062bbd4fb8155eebb1de0d1a9c","Ethereum / EVM","secp256k1 / ECDSA","NO","0","","","","","24024","2026-06-01T21:55:32.506Z"
"0x68b7cdc544348e57907b1f116c3856920d66b698","Ethereum / EVM","secp256k1 / ECDSA","NO","0","","","","","2388","2026-05-03T23:31:18.989Z"
"0x68d3e937d9d48f072981beb9ffa55c898917ea93","Ethereum / EVM","secp256k1 / ECDSA","NO","0","","","","","10868","2026-05-03T23:33:02.492Z"
"0x68d89ae3a2d4718ac811d474ebe5edea3870f3d6","Ethereum / EVM","secp256k1 / ECDSA","NO","0","","","","","19791","2026-05-03T23:33:02.492Z"
"0x68ee51108287fddb90fb7ade86a186379c9b8397","Ethereum / EVM","secp256k1 / ECDSA","NO","0","","","","","68811","2026-05-03T23:33:02.492Z"
"0x68fcc620daece3228dda27ceec724dd5ad7caea8","Ethereum / EVM","secp256k1 / ECDSA","NO","0","","","","","9409","2026-05-03T23:35:20.474Z"
"0x6923519d4be69b5e70459231b3b0da625ddfbd8e","Ethereum / EVM","secp256k1 / ECDSA","NO","0","","","","","125209","2026-05-03T23:35:20.474Z"
"0x692cd1cce74bfb88947a3e02f6993ce677d54638","Ethereum / EVM","secp256k1 / ECDSA","NO","0","","","","","799","2026-05-03T23:35:20.474Z"
"0x693ad7bf444c5a2675c9029d1e2b3b6149042876","Ethereum / EVM","secp256k1 / ECDSA","NO","0","","","","Error: Scan timeout after 300s","390969","2026-05-03T23:41:59.968Z"
"0x693f1adea51bb65e52970385d0d582fca1af1441","Ethereum / EVM","secp256k1 / ECDSA","NO","0","","","","","1816","2026-05-03T23:41:59.968Z"
"0x69451b6951a4c4d2d1283a97979d4524593cdaad","Ethereum / EVM","secp256k1 / ECDSA","NO","0","","","","","1529","2026-05-03T23:41:59.968Z"
"0x6951115ec725c1540b37fde7001eeb29888721d2","Ethereum / EVM","secp256k1 / ECDSA","NO","0","","","","","3969","2026-05-03T23:42:09.652Z"
"0x697b45689e4b4cce3c316f21ed6c8a6cb053873d","Ethereum / EVM","secp256k1 / ECDSA","NO","0","","","","","185","2026-05-03T23:42:09.652Z"
"0x6985884c4392d348587b19cb9eaaf157f13271cd","Ethereum / EVM","secp256k1 / ECDSA","NO","0","","","","","668","2026-05-03T23:42:09.652Z"
"0x699577c02f9d510ace16595a636b3088705b6aef","Ethereum / EVM","secp256k1 / ECDSA","NO","0","","","","","6592","2026-05-03T23:42:47.998Z"
"0x69a18c96e11bbfb0bc035012d96983672a15ec9f","Ethereum / EVM","secp256k1 / ECDSA","NO","0","","","","","25164","2026-05-03T23:42:47.998Z"
"0x69ab811953499eb253c5a69ae06275a42b97c9ae","Ethereum / EVM","secp256k1 / ECDSA","NO","0","","","","","2031","2026-05-03T23:42:47.998Z"
"0x69b39b89f9274a16e8a19b78e5eb47a4d91dac9e","Ethereum / EVM","secp256k1 / ECDSA","NO","0","","","","","830","2026-05-03T23:43:07.243Z"
"0xc1179fc81f445c59bc45df8a119c36feccfa432f","Ethereum / EVM","secp256k1 / ECDSA","NO","0","","","","","47933","2026-06-01T21:56:37.751Z"
"0x69b745b354f672f7f4ba429f55a801e53476636e","Ethereum / EVM","secp256k1 / ECDSA","NO","0","","","","","1535","2026-05-03T23:43:07.243Z"
"0x69c32c48ee56b1040abb4adfb1d88b55b35d92b2","Ethereum / EVM","secp256k1 / ECDSA","NO","0","","","","","14077","2026-05-03T23:43:07.243Z"
"0x69c965e164fa60e37a851aa5cd82b13ae39c1d95","Ethereum / EVM","secp256k1 / ECDSA","NO","0","","","","","16782","2026-05-03T23:44:33.370Z"
"0x69d1aa86670eea87914eece5b39c8cfa76cd32ba","Ethereum / EVM","secp256k1 / ECDSA","NO","0","","","","","23488","2026-05-03T23:44:33.370Z"
"0x69eaceb20b999996f859cd14a0e9dc14afc36bdd","Ethereum / EVM","secp256k1 / ECDSA","NO","0","","","","","37396","2026-05-03T23:44:33.370Z"
"0x69f0956402f008a2efad9b1af348c23b0affbc72","Ethereum / EVM","secp256k1 / ECDSA","NO","0","","","","","32275","2026-05-04T03:08:57.153Z"
"0x6a000f20005980200259b80c5102003040001068","Ethereum / EVM","secp256k1 / ECDSA","NO","0","","","","","1044","2026-05-04T03:08:57.153Z"
"0x6a1186a2393139d9946e618f51d9a8b9f447e30d","Ethereum / EVM","secp256k1 / ECDSA","NO","0","","","","","6881","2026-05-04T03:08:57.153Z"
"0x6a3bcb82ce0a6156b2844565907da9f23152eff9","Ethereum / EVM","secp256k1 / ECDSA","NO","0","","","","","13338","2026-05-04T03:11:18.922Z"
"0x6a51009ba056b349d7d202c7d132ab1e74ce6eb7","Ethereum / EVM","secp256k1 / ECDSA","NO","0","","","","","114343","2026-05-04T03:11:18.922Z"
"0x6a6748480c81dc0a909e25f458a62a430c14f69a","Ethereum / EVM","secp256k1 / ECDSA","NO","0","","","","","6819","2026-05-04T03:11:18.922Z"
"0x6a80c338ed880a28d6c31111a41357e89b9bc0bc","Ethereum / EVM","secp256k1 / ECDSA","NO","0","","","","","13802","2026-05-04T03:11:45.948Z"
"0x6a8b1880ac3d35edd5ab0724685d51755de22aae","Ethereum / EVM","secp256k1 / ECDSA","NO","0","","","","","5474","2026-05-04T03:11:45.948Z"
"0x6a90bfddb317cb3c8ea049e5302bbf49ebadfac1","Ethereum / EVM","secp256k1 / ECDSA","NO","0","","","","","417","2026-05-04T03:11:45.948Z"
"0x6aaf00d1a60169f9072c6e91e4b9cd3a6c8a2fa7","Ethereum / EVM","secp256k1 / ECDSA","NO","0","","","","","14634","2026-05-04T03:12:09.254Z"
"0x6adeb5d725ea7f606731b43e50f706365f18a0e1","Ethereum / EVM","secp256k1 / ECDSA","NO","0","","","","","714","2026-05-04T03:12:09.254Z"
"0x6b030ff3fb9956b1b69f475b77ae0d3cf2cc5afa","Ethereum / EVM","secp256k1 / ECDSA","NO","0","","","","","689","2026-05-04T03:12:09.254Z"
"0x6b175474e89094c44da98b954eedeac495271d0f","Ethereum / EVM","secp256k1 / ECDSA","NO","0","","","","","938","2026-05-04T03:12:48.047Z"
"0x6b3595068778dd592e39a122f4f5a5cf09c90fe2","Ethereum / EVM","secp256k1 / ECDSA","NO","0","","","","","1073","2026-05-04T03:12:48.047Z"
"0x6b41881c40c3745d4a10e866f2710797c00674f2","Ethereum / EVM","secp256k1 / ECDSA","NO","0","","","","","30619","2026-05-04T03:12:48.047Z"
"0x6b614684742717114200dc9f30cbfdcc00fc73ec","Ethereum / EVM","secp256k1 / ECDSA","NO","0","","","","","2080","2026-05-04T03:13:19.521Z"
"0x6b7cb444af8908bac2340c13997753ae38b3abb8","Ethereum / EVM","secp256k1 / ECDSA","NO","0","","","","","1943","2026-05-04T03:13:19.521Z"
"0x6b8db73232cbcec0186f8ca9ed62e46e02ea179b","Ethereum / EVM","secp256k1 / ECDSA","NO","0","","","","","9698","2026-05-07T19:03:06.288Z"
"0x6b8fac654d072d8a799f03626db7e4f4679b0e1d","Ethereum / EVM","secp256k1 / ECDSA","NO","0","","","","Error: Scan timeout after 300s","1013120","2026-05-07T19:03:06.288Z"
"0x6ba784bee98c20becef667614293cdb209918d01","Ethereum / EVM","secp256k1 / ECDSA","NO","0","","","","","4679","2026-05-07T19:03:06.288Z"
"0x6baf362dbff416948c96fe14575b0742c3e3f67d","Ethereum / EVM","secp256k1 / ECDSA","NO","0","","","","","12469","2026-05-07T19:03:33.482Z"
"0x6bd81a1d1ae031f689ff6ab3ed62b49a22b3895b","Ethereum / EVM","secp256k1 / ECDSA","NO","0","","","","","7503","2026-05-07T19:03:33.482Z"
"0x6bdf4ad6540471904e5fbd20c662af1f7176895b","Ethereum / EVM","secp256k1 / ECDSA","NO","0","","","","","3808","2026-05-07T19:03:33.482Z"
"0x6be5aa78134f80b700d94261bbc1a91bcd5bbe32","Ethereum / EVM","secp256k1 / ECDSA","NO","0","","","","","13548","2026-05-07T19:04:08.340Z"
"0x6bee20e4f94582ea113f11ec61beeb9085f95565","Ethereum / EVM","secp256k1 / ECDSA","NO","0","","","","","13760","2026-05-07T19:04:08.340Z"
"0x6bfad42cfc4efc96f529d786d643ff4a8b89fa52","Ethereum / EVM","secp256k1 / ECDSA","NO","0","","","","","3572","2026-05-07T19:04:08.340Z"
"0x6c01f1939012eac4a4f9c5cd62898c1ecf77dd6b","Ethereum / EVM","secp256k1 / ECDSA","NO","0","","","","","14829","2026-05-07T19:06:31.810Z"
"0x6c05994f781e4aa7ef66ed58bf3422a1a966b489","Ethereum / EVM","secp256k1 / ECDSA","NO","0","","","","","107115","2026-05-07T19:06:31.810Z"
"0x6c0df96b925b0f3f96b78152fbfca1a85dfb3375","Ethereum / EVM","secp256k1 / ECDSA","NO","0","","","","","14500","2026-05-07T19:06:31.810Z"
"0x6c155d29511f52c25a1b866aa1a4f9ae79419b88","Ethereum / EVM","secp256k1 / ECDSA","NO","0","","","","","21527","2026-05-07T19:13:44.714Z"
"0x6c1a34e0fc4d919fea7e447e1fa443674e2e032a","Ethereum / EVM","secp256k1 / ECDSA","NO","0","","","","","19125","2026-05-07T19:13:44.714Z"
"0x6c241d66bd75774f417134f0268adf43067d7c07","Ethereum / EVM","secp256k1 / ECDSA","NO","0","","","","Error: Scan timeout after 300s","387977","2026-05-07T19:13:44.714Z"
"0x6c276f789f6235817fd685f53a22fc2dc31ac391","Ethereum / EVM","secp256k1 / ECDSA","NO","0","","","","","2699","2026-05-07T19:14:15.669Z"
"0x6c3b16d508f6a46048e94a311b615053efc335b5","Ethereum / EVM","secp256k1 / ECDSA","NO","0","","","","","7475","2026-05-07T19:14:15.669Z"
"0x6c3f1031b0c9a2c8683734fb6abff996aef6a9fa","Ethereum / EVM","secp256k1 / ECDSA","NO","0","","","","","11587","2026-05-07T19:14:15.669Z"
"0x6c540cb0813808bfcedfbb1cbd1ff40d86277ca7","Ethereum / EVM","secp256k1 / ECDSA","NO","0","","","","","10200","2026-05-07T19:15:48.300Z"
"0x6c727fe731a8ec72a3fcb6b16c045729776f121c","Ethereum / EVM","secp256k1 / ECDSA","NO","0","","","","","11951","2026-05-07T19:15:48.300Z"
"0x6c758051ed567ebbb06b330b4b43de46db2378e1","Ethereum / EVM","secp256k1 / ECDSA","NO","0","","","","","68598","2026-05-07T19:15:48.300Z"
"0x6c8dd0e9cc58c07429e065178d88444b60e60b80","Ethereum / EVM","secp256k1 / ECDSA","NO","0","","","","Error: Scan timeout after 300s","300054","2026-05-07T22:23:19.681Z"
"0x6cb0fefb08d669a70a6d0c1a97eca6a3239aa5c8","Ethereum / EVM","secp256k1 / ECDSA","NO","0","","","","","81850","2026-05-07T22:23:19.681Z"
"0x6cbc27065ee6cecfeaf508588efbd29fc183fd34","Ethereum / EVM","secp256k1 / ECDSA","NO","0","","","","","4518","2026-05-07T22:23:19.681Z"
"0x6cbeb8dddde171709ed6bc704828ef5e26b8cc74","Ethereum / EVM","secp256k1 / ECDSA","NO","0","","","","","780","2026-05-11T01:42:58.609Z"
"0x6cc5f688a315f3dc28a7781717a9a798a59fda7b","Ethereum / EVM","secp256k1 / ECDSA","NO","0","","","","Error: Scan timeout after 300s","945518","2026-05-11T01:42:58.609Z"
"0x6ccc2fa6cc024076631eb7c1c850eec021e7a325","Ethereum / EVM","secp256k1 / ECDSA","NO","0","","","","","121139","2026-05-11T01:42:58.609Z"
"0x6ccc3b79963c8a72620b1405cf20695654e0a325","Ethereum / EVM","secp256k1 / ECDSA","NO","0","","","","","4718","2026-05-11T01:43:15.648Z"
"0x6cd62ece6442d3b989f8cd1b3201727964c6fc26","Ethereum / EVM","secp256k1 / ECDSA","NO","0","","","","","431","2026-05-11T01:43:15.648Z"
"0x6cea331e18dfb31b841f0bac9ae7413aefe9a4a1","Ethereum / EVM","secp256k1 / ECDSA","NO","0","","","","","4834","2026-05-11T01:43:15.648Z"
"0x6cfc2d40ace4c640b0d438d519d69539470bf274","Ethereum / EVM","secp256k1 / ECDSA","NO","0","","","","","41895","2026-05-11T01:44:11.274Z"
"0x6d02c1a06d4c59e274ed5970ee9e1ab35707311d","Ethereum / EVM","secp256k1 / ECDSA","NO","0","","","","","953","2026-05-11T01:44:11.274Z"
"0x6d02d12f9e98f4b4842d1363f534def57e07311d","Ethereum / EVM","secp256k1 / ECDSA","NO","0","","","","","6327","2026-05-11T01:44:11.274Z"
"0x6d09b992d8d0b7909996d12aa45b2f5299ae4ef6","Ethereum / EVM","secp256k1 / ECDSA","NO","0","","","","","504","2026-05-11T01:47:51.314Z"
"0x6d1f14f566b305b38c0f90980f321a7fa67c6d11","Ethereum / EVM","secp256k1 / ECDSA","NO","0","","","","","5199","2026-05-11T01:47:51.314Z"
"0x6d2e03b7effeae98bd302a9f836d0d6ab0002766","Ethereum / EVM","secp256k1 / ECDSA","NO","0","","","","","65451","2026-05-11T01:47:51.314Z"
"0x6d30a1a3260e1c6a250e1af4704897c2a7470deb","Ethereum / EVM","secp256k1 / ECDSA","NO","0","","","","","447","2026-05-11T01:53:34.193Z"
"0x6d34424574db115ec2af2084b72f903c77f6851b","Ethereum / EVM","secp256k1 / ECDSA","NO","0","","","","","35828","2026-05-11T01:53:34.193Z"
"0x6d3b90747dbf5883bf88ff7eb5fcc86f408b5409","Ethereum / EVM","secp256k1 / ECDSA","NO","0","","","","Error: Scan timeout after 300s","300021","2026-05-11T01:53:34.193Z"
"0x6d3fed45a4d73f2cf15a7b75177aa3d57192d7d2","Ethereum / EVM","secp256k1 / ECDSA","NO","0","","","","","15851","2026-05-13T06:07:13.834Z"
"0x6d409f40b061374f8d7a8540b300a4a7e9d58fc1","Ethereum / EVM","secp256k1 / ECDSA","NO","0","","","","","12661","2026-05-13T06:07:13.834Z"
"0x6d4974c7726b0876d617536e69ae350cd44bb9b5","Ethereum / EVM","secp256k1 / ECDSA","NO","0","","","","","120550","2026-05-13T06:07:13.834Z"
"0x6d49c9e33d977ce367b0f9d6c02cc8aaab31b9b5","Ethereum / EVM","secp256k1 / ECDSA","NO","0","","","","","720","2026-05-13T06:07:45.193Z"
"0x6d49e2b5936f07dde1024b59219547a85bb5b9b5","Ethereum / EVM","secp256k1 / ECDSA","NO","0","","","","","19268","2026-05-13T06:07:45.193Z"
"0x6d511335223a79ff371bf0a0bce69361a38d29c0","Ethereum / EVM","secp256k1 / ECDSA","NO","0","","","","","6284","2026-05-13T06:07:45.193Z"
"0x6d62ff73bfadac8e24af5a5d86135d85350f5c09","Ethereum / EVM","secp256k1 / ECDSA","NO","0","","","","Error: Scan timeout after 300s","878600","2026-05-14T03:19:58.883Z"
"0x6d635fc3225d18438a8dd7ae548e9671d979473d","Ethereum / EVM","secp256k1 / ECDSA","NO","0","","","","","3777","2026-05-14T03:19:58.883Z"
"0x6d66335f987cc3c06da5021a623154af8fe5e518","Ethereum / EVM","secp256k1 / ECDSA","NO","0","","","","","2397","2026-05-14T03:19:58.883Z"
"0x6d676af6a97a7fed7c6d8618dbd919ea3f8cd1ac","Ethereum / EVM","secp256k1 / ECDSA","NO","0","","","","","3130","2026-05-14T03:20:20.083Z"
"0x6d7274afa3d4140e3d9d12d220b16c9b65c53827","Ethereum / EVM","secp256k1 / ECDSA","NO","0","","","","","3688","2026-05-14T03:20:20.083Z"
"0x6d7bcd00ac6ea61962d968fb4f1ffeffcf2d2f0c","Ethereum / EVM","secp256k1 / ECDSA","NO","0","","","","","11571","2026-05-14T03:20:20.083Z"
"0x6d924c300a28a6c7e7d54f91dff47950bbddb4df","Ethereum / EVM","secp256k1 / ECDSA","NO","0","","","","","1569","2026-05-14T03:20:52.207Z"
"0x6da9543d204dc286b6b7e691d16a23ec25bbb576","Ethereum / EVM","secp256k1 / ECDSA","NO","0","","","","","20992","2026-05-14T03:20:52.207Z"
"0x6daa79dc6c4941f1df92e1197ae7b4db28b10495","Ethereum / EVM","secp256k1 / ECDSA","NO","0","","","","","1646","2026-05-14T03:20:52.207Z"
"0x6dc629b667a3431c95934a7c530872786d75581d","Ethereum / EVM","secp256k1 / ECDSA","NO","0","","","","","554","2026-05-14T03:29:30.637Z"
"0x6dc8e7a9ed741103aaa0c4509b64f3753bc21f8c","Ethereum / EVM","secp256k1 / ECDSA","NO","0","","","","Error: Scan timeout after 300s","510544","2026-05-14T03:29:30.637Z"
"0x6dd8db2f0eaab11ae569e3da228748a95db37c63","Ethereum / EVM","secp256k1 / ECDSA","NO","0","","","","","5095","2026-05-14T03:29:30.637Z"
"0x6de037ef9ad2725eb40118bb1702ebb27e4aeb24","Ethereum / EVM","secp256k1 / ECDSA","NO","0","","","","","938","2026-05-14T03:31:09.332Z"
"0x6de08d6540ed360afc86992c513524042005e7ad","Ethereum / EVM","secp256k1 / ECDSA","NO","0","","","","","2739","2026-05-14T03:31:09.332Z"
"0x6e230a6ff4ffce47f1da4165923f0ea62fec4dec","Ethereum / EVM","secp256k1 / ECDSA","NO","0","","","","","92060","2026-05-14T03:31:09.332Z"
"0x6e49c3e926e81464acdae45de738c526f29c82f7","Ethereum / EVM","secp256k1 / ECDSA","NO","0","","","","","2323","2026-05-14T03:36:31.828Z"
"0x6e598722bbd8f019ed4b1f038b24ad237163e853","Ethereum / EVM","secp256k1 / ECDSA","NO","0","","","","","3809","2026-05-14T03:36:31.828Z"
"0x6e67ee72645e674a4bfd7d955930c3118ee6ce37","Ethereum / EVM","secp256k1 / ECDSA","NO","0","","","","","187775","2026-05-14T03:36:31.828Z"
"0x6e685a45db4d97ba160fa067cb81b40dfed47245","Ethereum / EVM","secp256k1 / ECDSA","NO","0","","","","","817","2026-05-14T03:38:15.019Z"
"0x6e6fc98cca3d2efd59268547ca8ceab16821ab50","Ethereum / EVM","secp256k1 / ECDSA","NO","0","","","","","13886","2026-05-14T03:38:15.019Z"
"0x6e7222809001323409b8e3be742a3956d3f36f2c","Ethereum / EVM","secp256k1 / ECDSA","NO","0","","","","","85186","2026-05-14T03:38:15.019Z"
"0x6e737e29816f3be8cfcb7730af9bc2cddef10f5f","Ethereum / EVM","secp256k1 / ECDSA","NO","0","","","","","3134","2026-05-14T03:38:44.723Z"
"0x6e778cf887c9eadc39c48f318734f0fbf8f79ede","Ethereum / EVM","secp256k1 / ECDSA","NO","0","","","","","9993","2026-05-14T03:38:44.723Z"
"0x6e8a97d7e2d676f5d116a3636c95c4094b0774dd","Ethereum / EVM","secp256k1 / ECDSA","NO","0","","","","","8726","2026-05-14T03:38:44.723Z"
"0x6e93fb34d047389cf66a343c52854ca8554dfa84","Ethereum / EVM","secp256k1 / ECDSA","NO","0","","","","","29611","2026-05-14T03:39:45.142Z"
"0x6e9a0ff6975366de393e9d8d0385b5694dabb254","Ethereum / EVM","secp256k1 / ECDSA","NO","0","","","","","12181","2026-05-14T03:39:45.142Z"
"0x6f7c932e7684666c9fd1d44527765433e01ff61d","Ethereum / EVM","secp256k1 / ECDSA","NO","0","","","","","1214","2026-05-14T03:52:27.399Z"
"0x6eb4939d190a6986400a1685db522e92b3a7b283","Ethereum / EVM","secp256k1 / ECDSA","NO","0","","","","","12551","2026-05-14T03:39:45.142Z"
"0x6eb85b3050d23b15c9597909635fe1c924de63fa","Ethereum / EVM","secp256k1 / ECDSA","NO","0","","","","","12424","2026-05-14T03:42:14.921Z"
"0x6ebc1371708458c2cfe2b9e9daa1c08a617f2166","Ethereum / EVM","secp256k1 / ECDSA","NO","0","","","","","92467","2026-05-14T03:42:14.921Z"
"0x6ec55eea1e538f6ff23273fb81607298834341c4","Ethereum / EVM","secp256k1 / ECDSA","NO","0","","","","","41926","2026-05-14T03:42:14.921Z"
"0x6ed3fd491f5b10384787b3fb162a72227fafbf63","Ethereum / EVM","secp256k1 / ECDSA","NO","0","","","","","1411","2026-05-14T03:45:03.398Z"
"0x6ed8f278132de8f7bf43862e7d55f4fd0dff108c","Ethereum / EVM","secp256k1 / ECDSA","NO","0","","","","","151987","2026-05-14T03:45:03.398Z"
"0x6edb241efae2b24025e582c0597c023813287403","Ethereum / EVM","secp256k1 / ECDSA","NO","0","","","","","6625","2026-05-14T03:45:03.398Z"
"0x6efa3205a385420cf1cfd6b725b48f96117a7bee","Ethereum / EVM","secp256k1 / ECDSA","NO","0","","","","","4320","2026-05-14T03:47:42.737Z"
"0x6efffd5fef03d9e07a5317e6ef012fe1771f5b65","Ethereum / EVM","secp256k1 / ECDSA","NO","0","","","","","26585","2026-05-14T03:47:42.737Z"
"0x6f04ee3f7fdb01c698cc5abb778ec6cda8e434a1","Ethereum / EVM","secp256k1 / ECDSA","NO","0","","","","","125444","2026-05-14T03:47:42.737Z"
"0x6f1b5041bc4443e4fbe9094673a75fdea62a57c0","Ethereum / EVM","secp256k1 / ECDSA","NO","0","","","","","54565","2026-05-14T03:52:02.155Z"
"0x6f226269635978130cc9de17a61a2fe0915c60fb","Ethereum / EVM","secp256k1 / ECDSA","NO","0","","","","","197390","2026-05-14T03:52:02.155Z"
"0x6f235cdcb32983033d81aee4c28496e6aa98fe5a","Ethereum / EVM","secp256k1 / ECDSA","NO","0","","","","","626","2026-05-14T03:52:02.155Z"
"0x6f322845c702e3eb2010b294438b2340d1405c98","Ethereum / EVM","secp256k1 / ECDSA","NO","0","","","","","3355","2026-05-14T03:52:19.231Z"
"0x6f6b9e7af7cd410321bdd6a73b6187c6fee9e925","Ethereum / EVM","secp256k1 / ECDSA","NO","0","","","","","7726","2026-05-14T03:52:19.231Z"
"0x6f71ea0e9679389854010ee48a7d237cb430dba4","Ethereum / EVM","secp256k1 / ECDSA","NO","0","","","","","1441","2026-05-14T03:52:19.231Z"
"0xc122cb0ed98ba6f580460795b498fb816bdbe14e","Ethereum / EVM","secp256k1 / ECDSA","NO","0","","","","","8249","2026-06-01T21:56:37.751Z"
"0xc124ca45da00974300bd387ca9fbef007e810371","Ethereum / EVM","secp256k1 / ECDSA","NO","0","","","","","4415","2026-06-01T21:56:37.751Z"
"0x6f7d514bbd4aff3bcd1140b7344b32f063dee486","Ethereum / EVM","secp256k1 / ECDSA","NO","0","","","","","1486","2026-05-14T03:52:27.399Z"
"0x6f7f18c15b97dc9fac48ae7f986989f97d25dbc7","Ethereum / EVM","secp256k1 / ECDSA","NO","0","","","","","247","2026-05-14T03:52:27.399Z"
"0x6f8a06447ff6fcf75d803135a7de15ce88c1d4ec","Ethereum / EVM","secp256k1 / ECDSA","NO","0","","","","","1774","2026-05-14T03:55:28.685Z"
"0x6f973bf71b4758feb6f488f7aefa74b13f599e10","Ethereum / EVM","secp256k1 / ECDSA","NO","0","","","","","1774","2026-05-14T03:55:28.685Z"
"0x6f9844bcf0c9cf68f0f43d5e3c800f5edd37271e","Ethereum / EVM","secp256k1 / ECDSA","NO","0","","","","","171577","2026-05-14T03:55:28.685Z"
"0x6faec2944071b2a5ebfd1b08f43f29597aad8ca1","Ethereum / EVM","secp256k1 / ECDSA","NO","0","","","","","1297","2026-05-14T03:55:35.056Z"
"0x6fbbbd8bfb1cd3986b1d05e7861a0f62f87db74b","Ethereum / EVM","secp256k1 / ECDSA","NO","0","","","","","953","2026-05-14T03:55:35.056Z"
"0x6fc798d6ab6441e5baf56b3d0ad69873a6e5867e","Ethereum / EVM","secp256k1 / ECDSA","NO","0","","","","","317","2026-05-14T03:55:35.056Z"
"0x6fe0fab2164d8e0d03ad6a628e2af78624060322","Ethereum / EVM","secp256k1 / ECDSA","NO","0","","","","","15395","2026-05-14T03:56:21.808Z"
"0x700fd87efa386e4673486db4bc1f73a1a5c88788","Ethereum / EVM","secp256k1 / ECDSA","NO","0","","","","","24868","2026-05-14T03:56:21.808Z"
"0x702e5950a08a5effc3b6bdce8ddb97fd8d8f9b97","Ethereum / EVM","secp256k1 / ECDSA","NO","0","","","","","999","2026-05-14T03:56:21.808Z"
"0x7032a423090d6d418e07541f8ee217120d8acd5e","Ethereum / EVM","secp256k1 / ECDSA","NO","0","","","","","13882","2026-05-14T05:55:46.248Z"
"0x7044b57a3b104e6ef8a3db65af081d272e794e31","Ethereum / EVM","secp256k1 / ECDSA","NO","0","","","","","3112","2026-05-14T05:55:46.248Z"
"0x704a288b17f739690f5248659f941da0e68dca95","Ethereum / EVM","secp256k1 / ECDSA","NO","0","","","","Error: Scan timeout after 300s","920697","2026-05-14T05:55:46.248Z"
"0x7050a8908e2a60899d8788015148241f0993a3fd","Ethereum / EVM","secp256k1 / ECDSA","NO","0","","","","","630","2026-05-14T05:55:58.741Z"
"0x706cf743ce063e694b1f915b7508714723bee260","Ethereum / EVM","secp256k1 / ECDSA","NO","0","","","","","1089","2026-05-14T05:55:58.741Z"
"0x7074186f62f0196080d53b654b60643942cf081c","Ethereum / EVM","secp256k1 / ECDSA","NO","0","","","","","2826","2026-05-14T05:55:58.741Z"
"0x707f6da13593cc53d187d60a449b3aaed24655db","Ethereum / EVM","secp256k1 / ECDSA","NO","0","","","","","868","2026-05-14T06:00:31.689Z"
"0x708c2c1de92ac28311e364ba4f7d380416fed643","Ethereum / EVM","secp256k1 / ECDSA","NO","0","","","","","262802","2026-05-14T06:00:31.689Z"
"0x708c3ab59c2d89e6ca79d7b7699d21cdc5bf0994","Ethereum / EVM","secp256k1 / ECDSA","NO","0","","","","","4967","2026-05-14T06:00:31.689Z"
"0x709a37e109d7c5b7af637ced53ccd2a16cf804e6","Ethereum / EVM","secp256k1 / ECDSA","NO","0","","","","","34451","2026-05-14T06:01:21.760Z"
"0x70c5d06128c846a32a46e5fc2e5d8627ebcd5d6a","Ethereum / EVM","secp256k1 / ECDSA","NO","0","","","","","12070","2026-05-14T06:01:21.760Z"
"0x70df9dd83be2a9f9fcc58dd7c00d032d007b7859","Ethereum / EVM","secp256k1 / ECDSA","NO","0","","","","","1878","2026-05-14T06:01:21.760Z"
"0x70e967acfcc17c3941e87562161406d41676fd83","Ethereum / EVM","secp256k1 / ECDSA","NO","0","","","","Error: Scan timeout after 300s","944679","2026-05-15T03:07:45.225Z"
"0x710398e266d75f70d48375314e5c9a2b8b9835ad","Ethereum / EVM","secp256k1 / ECDSA","NO","0","","","","","3114","2026-05-15T03:07:45.225Z"
"0x710e9670efab0b49ab7561d2a118e070cf102d20","Ethereum / EVM","secp256k1 / ECDSA","NO","0","","","","","117571","2026-05-15T03:07:45.225Z"
"0x711281c1b26aaed86e40e4caaf76c1962b45e161","Ethereum / EVM","secp256k1 / ECDSA","NO","0","","","","Error: Scan timeout after 300s","1083008","2026-05-17T16:51:11.169Z"
"0x71153f5ddb07fb8324f84431b14ed147e1a78e09","Ethereum / EVM","secp256k1 / ECDSA","NO","0","","","","","2534","2026-05-17T16:51:11.169Z"
"0x7122db0ebe4eb9b434a9f2ffe6760bc03bfbd0e0","Ethereum / EVM","secp256k1 / ECDSA","NO","0","","","","","553","2026-05-17T16:51:11.169Z"
"0x712ddc1d1c9970edc184f7a0702707e04dcfee8a","Ethereum / EVM","secp256k1 / ECDSA","NO","0","","","","","43262","2026-05-17T17:20:01.805Z"
"0x71369416fe102411517018fec40385c2505558b0","Ethereum / EVM","secp256k1 / ECDSA","NO","0","","","","","331","2026-05-17T17:20:01.805Z"
"0x713a64a32000d1b918fc81078fe94ca9edde1c99","Ethereum / EVM","secp256k1 / ECDSA","NO","0","","","","Error: Scan timeout after 300s","343607","2026-05-17T17:20:01.805Z"
"0x713e9fddaa951f755841503560679c79b8f1a535","Ethereum / EVM","secp256k1 / ECDSA","NO","0","","","","","3699","2026-05-17T17:20:50.657Z"
"0x714209fcdf5a40c9be23f7322cba5054247cd3da","Ethereum / EVM","secp256k1 / ECDSA","NO","0","","","","","36719","2026-05-17T17:20:50.657Z"
"0x714db550b574b3e927af3d93e26127d15721d4c2","Ethereum / EVM","secp256k1 / ECDSA","NO","0","","","","","531","2026-05-17T17:20:50.657Z"
"0x7150ea07d00d8e5a46bcc809f1c9fdf5cb5f8e81","Ethereum / EVM","secp256k1 / ECDSA","NO","0","","","","","336","2026-05-17T17:45:30.899Z"
"0x71660c4005ba85c37ccec55d0c4493e66fe775d3","Ethereum / EVM","secp256k1 / ECDSA","NO","0","","","","Error: Scan timeout after 300s","1046392","2026-05-17T17:45:30.899Z"
"0x71734d089b4b46c3fffc7b50a8168994e4b8b7d2","Ethereum / EVM","secp256k1 / ECDSA","NO","0","","","","Error: Scan timeout after 300s","426689","2026-05-17T17:45:30.899Z"
"0x71beefcf9f31872ccec0bc9789f211609685205a","Ethereum / EVM","secp256k1 / ECDSA","NO","0","","","","","396","2026-05-20T03:01:12.408Z"
"0x71cf686720f27f37e4de03963f7b42e89c712e54","Ethereum / EVM","secp256k1 / ECDSA","NO","0","","","","","20002","2026-05-20T03:01:12.408Z"
"0x71e71bdfe2008fa4376c4f7cbdc15ebe06a5cd3f","Ethereum / EVM","secp256k1 / ECDSA","NO","0","","","","","807","2026-05-20T03:01:12.408Z"
"0xc7d36970f2b5c5fca71ff3d9ee0a9f0667203088","Ethereum / EVM","secp256k1 / ECDSA","NO","0","","","","","10795","2026-06-02T00:02:19.657Z"
"0x71f0ac3efb17234d44eae3547b4d90f7552c1883","Ethereum / EVM","secp256k1 / ECDSA","NO","0","","","","","1319","2026-05-20T03:01:42.656Z"
"0x71f12a5b0e60d2ff8a87fd34e7dcff3c10c914b0","Ethereum / EVM","secp256k1 / ECDSA","NO","0","","","","","20002","2026-05-20T03:01:42.656Z"
"0x71fcf19b5ca1b17553f732b321a70578c76e4993","Ethereum / EVM","secp256k1 / ECDSA","NO","0","","","","","1133","2026-05-20T03:01:42.656Z"
"0x720723842a049c8971624c1363b1e1ce312694ac","Ethereum / EVM","secp256k1 / ECDSA","NO","0","","","","","20002","2026-05-20T03:02:44.198Z"
"0x721c0c9095842589f497beadddf46353ff761d02","Ethereum / EVM","secp256k1 / ECDSA","NO","0","","","","","20001","2026-05-20T03:02:44.198Z"
"0x72298bd3ed75e0aa289ad61c6390596d60ffdcef","Ethereum / EVM","secp256k1 / ECDSA","NO","0","","","","","20002","2026-05-20T03:02:44.198Z"
"0x72387c2949308b6bacac48e90d34f17cdb2793b7","Ethereum / EVM","secp256k1 / ECDSA","NO","0","","","","","20004","2026-05-20T03:03:48.992Z"
"0x7241044b65f1861e116ae9c3ee1a28599d75089c","Ethereum / EVM","secp256k1 / ECDSA","NO","0","","","","","20064","2026-05-20T03:03:48.992Z"
"0x724dc807b04555b71ed48a6896b6f41593b8c637","Ethereum / EVM","secp256k1 / ECDSA","NO","0","","","","","20097","2026-05-20T03:03:48.992Z"
"0x72598749ebfab9c00b96a08b241ca790312114fe","Ethereum / EVM","secp256k1 / ECDSA","NO","0","","","","","20087","2026-05-20T03:04:54.111Z"
"0x7277b5e949f032ba6bcde23ed7c5b7163df3b438","Ethereum / EVM","secp256k1 / ECDSA","NO","0","","","","","20108","2026-05-20T03:04:54.111Z"
"0x728114d642fd0562071caac6f4715bdc4cf75090","Ethereum / EVM","secp256k1 / ECDSA","NO","0","","","","","20480","2026-05-20T03:04:54.111Z"
"0x7285f70a88e05796adec9af757c5b236719a2f25","Ethereum / EVM","secp256k1 / ECDSA","NO","0","","","","","20012","2026-05-20T03:05:20.092Z"
"0x7294d16715ee660efb2c8912d96d695298fffec3","Ethereum / EVM","secp256k1 / ECDSA","NO","0","","","","","1238","2026-05-20T03:05:20.092Z"
"0x729a29b855c1b3d09c55a8c038563fbd9b7a16ab","Ethereum / EVM","secp256k1 / ECDSA","NO","0","","","","","909","2026-05-20T03:05:20.092Z"
"0xc80afd311c9626528de66d86814770361fe92416","Ethereum / EVM","secp256k1 / ECDSA","NO","0","","","","Error: Scan timeout after 300s","879256","2026-06-02T00:02:19.657Z"
"0xc8205ac8ff72efd28407c48d97ace42d176e479b","Ethereum / EVM","secp256k1 / ECDSA","NO","0","","","","","3315","2026-06-02T00:02:19.657Z"
"0x72a195b765689c9e9fbc41b5dfb6bd177544738b","Ethereum / EVM","secp256k1 / ECDSA","NO","0","","","","","1294","2026-05-20T03:05:25.524Z"
"0x72ab1be97cad64229eaed050eb9be8567e6b14a1","Ethereum / EVM","secp256k1 / ECDSA","NO","0","","","","","1069","2026-05-20T03:05:25.524Z"
"0x72afe119f8beb17dd106f37b21cff1070bda2565","Ethereum / EVM","secp256k1 / ECDSA","NO","0","","","","","785","2026-05-20T03:05:25.524Z"
"0x72b59f1bf07d7b46fc9c819be1b10e7370a4f55f","Ethereum / EVM","secp256k1 / ECDSA","NO","0","","","","","20001","2026-05-20T03:06:30.397Z"
"0x72bde90a1f8c57609e855d5ba6d60b358c964a80","Ethereum / EVM","secp256k1 / ECDSA","NO","0","","","","","20001","2026-05-20T03:06:30.397Z"
"0x72cc1f086c8d6cfb2f464e4147e0a2040e635249","Ethereum / EVM","secp256k1 / ECDSA","NO","0","","","","","20001","2026-05-20T03:06:30.397Z"
"0x72ce9c846789fdb6fc1f34ac4ad25dd9ef7031ef","Ethereum / EVM","secp256k1 / ECDSA","NO","0","","","","","20002","2026-05-20T03:06:56.492Z"
"0x72ceacc9b906a7827e35ecaf3287bf89ef7031ef","Ethereum / EVM","secp256k1 / ECDSA","NO","0","","","","","2047","2026-05-20T03:06:56.492Z"
"0x72fb758d28478b9ad06aef19550d5d84fc455e0e","Ethereum / EVM","secp256k1 / ECDSA","NO","0","","","","","180","2026-05-20T03:06:56.492Z"
"0x730224fbb89782066e32849f4d3359865b376479","Ethereum / EVM","secp256k1 / ECDSA","NO","0","","","","","20001","2026-05-20T03:07:58.266Z"
"0x730ecf78d79c26d0342e5119d34bed45ab0d24c5","Ethereum / EVM","secp256k1 / ECDSA","NO","0","","","","","20001","2026-05-20T03:07:58.266Z"
"0x731ac4199ebfcd8ac35fe59f0dc4b0f035a6288c","Ethereum / EVM","secp256k1 / ECDSA","NO","0","","","","","20001","2026-05-20T03:07:58.266Z"
"0x732584e47f7a94e75b2ae376be6e6da7dc711c6e","Ethereum / EVM","secp256k1 / ECDSA","NO","0","","","","","20000","2026-05-20T03:09:02.268Z"
"0x7332fe42899446b45fd37abaad1ee54e30cd6388","Ethereum / EVM","secp256k1 / ECDSA","NO","0","","","","","20001","2026-05-20T03:09:02.268Z"
"0x733c47cec0444eb6fc9a8bbf54e7ebd332c76bd3","Ethereum / EVM","secp256k1 / ECDSA","NO","0","","","","","20001","2026-05-20T03:09:02.268Z"
"0xc824c772a5af728d54081ee53f8350a0862bca36","Ethereum / EVM","secp256k1 / ECDSA","NO","0","","","","","3021","2026-06-02T00:02:41.523Z"
"0xc827e5f9d90190c936a9648bab974e29ba5b4fb3","Ethereum / EVM","secp256k1 / ECDSA","NO","0","","","","","4429","2026-06-02T00:02:41.523Z"
"0x735d521846c7278aabe6037d8f54dd399762dcb3","Ethereum / EVM","secp256k1 / ECDSA","NO","0","","","","","2063","2026-05-20T03:09:29.807Z"
"0x736897e22053899ca236cc1dbd0b34dce4ec19d7","Ethereum / EVM","secp256k1 / ECDSA","NO","0","","","","","1474","2026-05-20T03:09:29.807Z"
"0x737c9b6d2f795660a2487868b973dd95cf3e9973","Ethereum / EVM","secp256k1 / ECDSA","NO","0","","","","","20001","2026-05-20T03:09:29.807Z"
"0x7381eed0137697a7743f4151496667e2da122061","Ethereum / EVM","secp256k1 / ECDSA","NO","0","","","","","280","2026-05-20T03:10:10.560Z"
"0x738cf6903e6c4e699d1c2dd9ab8b67fcdb3121ea","Ethereum / EVM","secp256k1 / ECDSA","NO","0","","","","","20001","2026-05-20T03:10:10.560Z"
"0x739120ade7ed878fca5bbdb806263a8258fe2360","Ethereum / EVM","secp256k1 / ECDSA","NO","0","","","","","20001","2026-05-20T03:10:10.560Z"
"0x73bbf11c39f9d5bd4012cda07d602c03fecc0fe0","Ethereum / EVM","secp256k1 / ECDSA","NO","0","","","","","20051","2026-05-20T03:11:18.537Z"
"0x73cb2b0a97c5f76ae2ed2c37151bf39672f43e61","Ethereum / EVM","secp256k1 / ECDSA","NO","0","","","","","20139","2026-05-20T03:11:18.537Z"
"0x73da26096fcb0a83857a36abae383517b411d5a8","Ethereum / EVM","secp256k1 / ECDSA","NO","0","","","","","20076","2026-05-20T03:11:18.537Z"
"0x73ecd40f5f89697c517b0661f90122728267a956","Ethereum / EVM","secp256k1 / ECDSA","NO","0","","","","","20076","2026-05-20T03:12:06.706Z"
"0x73f503bf87831cb7790181ed54f08ac3d797c795","Ethereum / EVM","secp256k1 / ECDSA","NO","0","","","","","3580","2026-05-20T03:12:06.706Z"
"0x73f7b1184b5cd361cc0f7654998953e2a251dd58","Ethereum / EVM","secp256k1 / ECDSA","NO","0","","","","","20021","2026-05-20T03:12:06.706Z"
"0x7420b4b9a0110cdc71fb720908340c03f9bc03ec","Ethereum / EVM","secp256k1 / ECDSA","NO","0","","","","","7002","2026-05-20T03:12:59.273Z"
"0x74291df2f3c3eccad6913c63a2b58b3383006b1a","Ethereum / EVM","secp256k1 / ECDSA","NO","0","","","","","20057","2026-05-20T03:12:59.273Z"
"0x7435ad0b18b1ff63b3c8205b336bfd0dbebcd7f9","Ethereum / EVM","secp256k1 / ECDSA","NO","0","","","","","20123","2026-05-20T03:12:59.273Z"
"0xc83018e258d5ebd0880e7b93ae48e258eeef8116","Ethereum / EVM","secp256k1 / ECDSA","NO","0","","","","","8446","2026-06-02T00:02:41.523Z"
"0xdd00aaebaa7b3f5f7b24c6715ff3fe8d8913958d","Ethereum / EVM","secp256k1 / ECDSA","NO","0","","","","","93563","2026-06-03T08:23:52.314Z"
"0x7444f42696d96f75147c5551df74bc6b597483b1","Ethereum / EVM","secp256k1 / ECDSA","NO","0","","","","","20000","2026-05-20T03:13:20.746Z"
"0x74463f3646db643d73e741ee83f9f314c181aca7","Ethereum / EVM","secp256k1 / ECDSA","NO","0","","","","","476","2026-05-20T03:13:20.746Z"
"0x7474d5a654ebef8bde95ab7ac8843a75d9410951","Ethereum / EVM","secp256k1 / ECDSA","NO","0","","","","","391","2026-05-20T03:13:20.746Z"
"0x747e65b163cc5fc4645e1398d0a5a5e4fa8f99c2","Ethereum / EVM","secp256k1 / ECDSA","NO","0","","","","","409","2026-05-20T03:13:46.120Z"
"0x7486a30abf73e79e5be3b735390bac6a287d8a30","Ethereum / EVM","secp256k1 / ECDSA","NO","0","","","","","1588","2026-05-20T03:13:46.120Z"
"0x7492e9a6aa9a4475e1167e023fbcd128f80038ae","Ethereum / EVM","secp256k1 / ECDSA","NO","0","","","","","20165","2026-05-20T03:13:46.120Z"
"0x7493d80262b7b727754f22a5cb0eb69466472454","Ethereum / EVM","secp256k1 / ECDSA","NO","0","","","","","20055","2026-05-20T03:14:35.696Z"
"0x7497756ada7e656ae9f00781af49fc0fd08f8a8a","Ethereum / EVM","secp256k1 / ECDSA","NO","0","","","","","20128","2026-05-20T03:14:35.696Z"
"0x74d27ad3b1dbd3842cdd53238ff92794113a22ff","Ethereum / EVM","secp256k1 / ECDSA","NO","0","","","","","6434","2026-05-20T03:14:35.696Z"
"0x74d3a55f74469ad3b6121a15fb0be8dc851f7e21","Ethereum / EVM","secp256k1 / ECDSA","NO","0","","","","","20129","2026-05-20T03:15:18.518Z"
"0x74d42547c0194650fdc76913614b7add7d5dca5f","Ethereum / EVM","secp256k1 / ECDSA","NO","0","","","","","644","2026-05-20T03:15:18.518Z"
"0x74de5d4fcbf63e00296fd95d33236b9794016631","Ethereum / EVM","secp256k1 / ECDSA","NO","0","","","","","20176","2026-05-20T03:15:18.518Z"
"0x74dec05e5b894b0efec69cdf6316971802a2f9a1","Ethereum / EVM","secp256k1 / ECDSA","NO","0","","","","","20029","2026-05-20T03:16:25.227Z"
"0x750095ed7c0eaf605b211e5941a4b66767138866","Ethereum / EVM","secp256k1 / ECDSA","NO","0","","","","","20109","2026-05-20T03:16:25.227Z"
"0x75085ed7ce537a827471508c8834b91d92105f1e","Ethereum / EVM","secp256k1 / ECDSA","NO","0","","","","","20001","2026-05-20T03:16:25.227Z"
"0xc833a44976107ba99cdbd48f2493ba785669ac2b","Ethereum / EVM","secp256k1 / ECDSA","NO","0","","","","","9276","2026-06-02T00:03:09.361Z"
"0xdd03a733c88b23031965f8fb08f9de48cd6b4b0f","Ethereum / EVM","secp256k1 / ECDSA","NO","0","","","","","275060","2026-06-03T08:23:52.314Z"
"0x750b62e01702bdf3d6541d37f7f7efb96e58fb85","Ethereum / EVM","secp256k1 / ECDSA","NO","0","","","","","20001","2026-05-20T03:16:50.228Z"
"0x75278e7013158a73b03834c2739953d867548c4c","Ethereum / EVM","secp256k1 / ECDSA","NO","0","","","","","349","2026-05-20T03:16:50.228Z"
"0x752bbebdb3ec7cf7db5f21521b470396a1f5067e","Ethereum / EVM","secp256k1 / ECDSA","NO","0","","","","","355","2026-05-20T03:16:50.228Z"
"0x752c5010f0b978df36efc2cbf0de2f6c4e986468","Ethereum / EVM","secp256k1 / ECDSA","NO","0","","","","","211","2026-05-20T03:17:33.904Z"
"0x752ebeb79963cf0732e9c0fec72a49fd1defaeac","Ethereum / EVM","secp256k1 / ECDSA","NO","0","","","","","20087","2026-05-20T03:17:33.904Z"
"0x75379fbcbf3de32fcf6331050d6206da4d79ace5","Ethereum / EVM","secp256k1 / ECDSA","NO","0","","","","","20082","2026-05-20T03:17:33.904Z"
"0x754df1ca3665668471c78de478082cbf999790d4","Ethereum / EVM","secp256k1 / ECDSA","NO","0","","","","","20040","2026-05-20T03:18:05.284Z"
"0x754e363e277399060f746f3238a47368af74a217","Ethereum / EVM","secp256k1 / ECDSA","NO","0","","","","","2005","2026-05-20T03:18:05.284Z"
"0x75563525a29edf73b577fca35b86462a728f4cb6","Ethereum / EVM","secp256k1 / ECDSA","NO","0","","","","","760","2026-05-20T03:18:05.284Z"
"0x7563c4579a5cbe8ac37ff5ce5d8758b79ae9333e","Ethereum / EVM","secp256k1 / ECDSA","NO","0","","","","","20014","2026-05-20T03:18:48.363Z"
"0x756c351c4a6395feb52340a122c8ccfd58235125","Ethereum / EVM","secp256k1 / ECDSA","NO","0","","","","","20051","2026-05-20T03:18:48.363Z"
"0x75718f7184233f190b1671105904388497a8534d","Ethereum / EVM","secp256k1 / ECDSA","NO","0","","","","","1037","2026-05-20T03:18:48.363Z"
"0x757a1cf10381ffdd4ebbcee5daeccfc70608bd0b","Ethereum / EVM","secp256k1 / ECDSA","NO","0","","","","","20024","2026-05-20T03:19:55.557Z"
"0x758c51e996b459a95bbf2120d0f5557bccb1c269","Ethereum / EVM","secp256k1 / ECDSA","NO","0","","","","","20141","2026-05-20T03:19:55.557Z"
"0x75a52c577285ab926b7d20bad510cae3664aecdf","Ethereum / EVM","secp256k1 / ECDSA","NO","0","","","","","20117","2026-05-20T03:19:55.557Z"
"0xdfe863397177c4c4d8e1cb2dcc2a4b8a3dc4cf47","Ethereum / EVM","secp256k1 / ECDSA","NO","0","","","","","28813","2026-06-03T09:34:22.178Z"
"0xdff5e64f8ff2374953cc6e381544ed0c7552cb51","Ethereum / EVM","secp256k1 / ECDSA","NO","0","","","","","112903","2026-06-03T09:34:22.178Z"
"0x75b0181c19d2934de96e660090f4a84bf8019441","Ethereum / EVM","secp256k1 / ECDSA","NO","0","","","","","5868","2026-05-20T03:20:22.837Z"
"0x75cad9d719b1109d6fb987a863d41e7a7df13c8d","Ethereum / EVM","secp256k1 / ECDSA","NO","0","","","","","5917","2026-05-20T03:20:22.837Z"
"0x75dd23ba3ba67f9663cbf6f9bdc7ab4923dd91d7","Ethereum / EVM","secp256k1 / ECDSA","NO","0","","","","","11222","2026-05-20T03:20:22.837Z"
"0x75f06f3727c2fee6d35a25d93e3605271a3c02c1","Ethereum / EVM","secp256k1 / ECDSA","NO","0","","","","","20086","2026-05-20T03:21:24.471Z"
"0x75f5af83247dae15f04356be5d484137227692f0","Ethereum / EVM","secp256k1 / ECDSA","NO","0","","","","","20055","2026-05-20T03:21:24.471Z"
"0x75f5fcfffd7550a5fb75067ee3e071ab95f592f0","Ethereum / EVM","secp256k1 / ECDSA","NO","0","","","","","20281","2026-05-20T03:21:24.471Z"
"0x75f75050fd3cd71f79ab86466b571cb23c260a2f","Ethereum / EVM","secp256k1 / ECDSA","NO","0","","","","","5387","2026-05-20T03:22:14.149Z"
"0x762d5472afbc8294f557a7c30ff65006c121463d","Ethereum / EVM","secp256k1 / ECDSA","NO","0","","","","","20359","2026-05-20T03:22:14.149Z"
"0x762e746018d6302eedf65659dedccc44ef2cf100","Ethereum / EVM","secp256k1 / ECDSA","NO","0","","","","","20063","2026-05-20T03:22:14.149Z"
"0x765312cabf8dda3fc976c5822936248ed2bc7483","Ethereum / EVM","secp256k1 / ECDSA","NO","0","","","","","1343","2026-05-20T03:22:58.217Z"
"0x765dfb5ebdc5be4453491d2e2f6ad682e79784c5","Ethereum / EVM","secp256k1 / ECDSA","NO","0","","","","","20001","2026-05-20T03:22:58.217Z"
"0x7677695349c34a6a523b91ddb788e2d380bb8747","Ethereum / EVM","secp256k1 / ECDSA","NO","0","","","","","20157","2026-05-20T03:22:58.217Z"
"0x76a2f92bac2e199c82f9ccc5d919c50bab5635cf","Ethereum / EVM","secp256k1 / ECDSA","NO","0","","","","","20142","2026-05-20T03:24:04.936Z"
"0x76cd33c9e2a0e82f01f3dba27562fb28374c051c","Ethereum / EVM","secp256k1 / ECDSA","NO","0","","","","","20007","2026-05-20T03:24:04.936Z"
"0x76e8c79a412094c2ea366d4b16280cea7d02622c","Ethereum / EVM","secp256k1 / ECDSA","NO","0","","","","","20071","2026-05-20T03:24:04.936Z"
"0xdffa08983342bc45442178aed6d49ee291a527d9","Ethereum / EVM","secp256k1 / ECDSA","NO","0","","","","","56279","2026-06-03T09:35:34.492Z"
"0xe006e0c4f391ec80cac9e0fd575dcc98f4d91886","Ethereum / EVM","secp256k1 / ECDSA","NO","0","","","","","9834","2026-06-03T09:35:34.492Z"
"0x76ee88922cae7013e8d0b1bf9e09db7f10d0244f","Ethereum / EVM","secp256k1 / ECDSA","NO","0","","","","","985","2026-05-20T03:24:33.737Z"
"0x76eeb4c8b149738a9b198d866c80e8087a0a4f17","Ethereum / EVM","secp256k1 / ECDSA","NO","0","","","","","2401","2026-05-20T03:24:33.737Z"
"0x76f2499755cbf735064df498f65428fed368bf1d","Ethereum / EVM","secp256k1 / ECDSA","NO","0","","","","","20131","2026-05-20T03:24:33.737Z"
"0x76f887cbe5368c57fb1c6b78ae7ff75ef850bf00","Ethereum / EVM","secp256k1 / ECDSA","NO","0","","","","","2578","2026-05-20T03:25:05.700Z"
"0x77021d475e36b3ab1921a0e3a8380f069d3263de","Ethereum / EVM","secp256k1 / ECDSA","NO","0","","","","","950","2026-05-20T03:25:05.700Z"
"0x770221c8199f9f7815c92f602bf3e1e6e9d35d4d","Ethereum / EVM","secp256k1 / ECDSA","NO","0","","","","","20138","2026-05-20T03:25:05.700Z"
"0x77134cbc06cb00b66f4c7e623d5fdbf6777635ec","Ethereum / EVM","secp256k1 / ECDSA","NO","0","","","","","20094","2026-05-20T03:26:06.523Z"
"0x7724df53859aae4afcb70f21d47c7bed4179900c","Ethereum / EVM","secp256k1 / ECDSA","NO","0","","","","","20001","2026-05-20T03:26:06.523Z"
"0x774a0476b38b8d358f63aecbefe822dfdd15b36e","Ethereum / EVM","secp256k1 / ECDSA","NO","0","","","","","20105","2026-05-20T03:26:06.523Z"
"0x775469c32c277dbe5351c3210a795885c7a4f17b","Ethereum / EVM","secp256k1 / ECDSA","NO","0","","","","","3202","2026-05-20T03:26:35.906Z"
"0x7758e507850da48cd47df1fb5f875c23e3340c50","Ethereum / EVM","secp256k1 / ECDSA","NO","0","","","","","2077","2026-05-20T03:26:35.906Z"
"0x77697dcf5662dd656c3b2100979737877f9172df","Ethereum / EVM","secp256k1 / ECDSA","NO","0","","","","","20001","2026-05-20T03:26:35.906Z"
"0x7774d25d94efc02df3ab88dd283d714955bc92be","Ethereum / EVM","secp256k1 / ECDSA","NO","0","","","","","20001","2026-05-20T03:27:22.978Z"
"0x7776caea867683fb174b6b4fc47a2b31423b95e0","Ethereum / EVM","secp256k1 / ECDSA","NO","0","","","","","20001","2026-05-20T03:27:22.978Z"
"0x777d0dcc4615ccfe3e575c20219fdf0bbe8251c7","Ethereum / EVM","secp256k1 / ECDSA","NO","0","","","","","326","2026-05-20T03:27:22.978Z"
"0xfe27c2f06968993ace3980db1a495734f70a36b9","Ethereum / EVM","secp256k1 / ECDSA","NO","0","","","","Error: Scan timeout after 300s","300066","2026-06-04T04:58:02.265Z"
"0x779e3311344ff74518f88ea0ffc718d95ade172e","Ethereum / EVM","secp256k1 / ECDSA","NO","0","","","","","921","2026-05-20T03:27:52.800Z"
"0x779e89bd7e041394e7348c54fd3d63bceec0172e","Ethereum / EVM","secp256k1 / ECDSA","NO","0","","","","","1219","2026-05-20T03:27:52.800Z"
"0x77a07ec3d195ca4d8b71dc5b18af3b12bd991ba5","Ethereum / EVM","secp256k1 / ECDSA","NO","0","","","","","20002","2026-05-20T03:27:52.800Z"
"0x77a9b3fa8387652128ca5a9e4756e9e88dac3634","Ethereum / EVM","secp256k1 / ECDSA","NO","0","","","","","324","2026-05-20T03:28:34.986Z"
"0x77b2043768d28e9c9ab44e1abfc95944bce57931","Ethereum / EVM","secp256k1 / ECDSA","NO","0","","","","","20001","2026-05-20T03:28:34.986Z"
"0x77c9b30c00201ae833f3a10c20698380d9ecacaf","Ethereum / EVM","secp256k1 / ECDSA","NO","0","","","","","20001","2026-05-20T03:28:34.986Z"
"0x77e125d23e6c0d081086f0d849b4350ea6206a8c","Ethereum / EVM","secp256k1 / ECDSA","NO","0","","","","","906","2026-05-20T03:29:23.572Z"
"0x780af735e5d30fd52673e665a72146b1a335f8fd","Ethereum / EVM","secp256k1 / ECDSA","NO","0","","","","","20001","2026-05-20T03:29:23.572Z"
"0x780b192c7690fb06ed85b941585dad21eb44729b","Ethereum / EVM","secp256k1 / ECDSA","NO","0","","","","","20001","2026-05-20T03:29:23.572Z"
"0x78102c2ac7348c5d65cc87b3591ba7861e650e8c","Ethereum / EVM","secp256k1 / ECDSA","NO","0","","","","","20000","2026-05-20T03:30:30.672Z"
"0x78209e1f66e1e96aec01191ef98cd3334bfe9a27","Ethereum / EVM","secp256k1 / ECDSA","NO","0","","","","","20002","2026-05-20T03:30:30.672Z"
"0x782ba12feccbd018bbfcd5aad2f786f9e0f40bbd","Ethereum / EVM","secp256k1 / ECDSA","NO","0","","","","","20001","2026-05-20T03:30:30.672Z"
"0x784d9d2bea9be545506c8b926a7dc95ba1d603e3","Ethereum / EVM","secp256k1 / ECDSA","NO","0","","","","","20001","2026-05-20T03:30:56.909Z"
"0x78557b4833d1a9202057ddd187c7631716074d69","Ethereum / EVM","secp256k1 / ECDSA","NO","0","","","","","1770","2026-05-20T03:30:56.909Z"
"0x785fbff3d61169f0cb3db2663d0a951cf26a316a","Ethereum / EVM","secp256k1 / ECDSA","NO","0","","","","","467","2026-05-20T03:30:56.909Z"
"0xfe346bef85bf11076441284f53e716618165275d","Ethereum / EVM","secp256k1 / ECDSA","NO","0","","","","","12798","2026-06-04T04:58:51.521Z"
"0xfe7adcf25f20d5b275e60382bcbe72dd4d129371","Ethereum / EVM","secp256k1 / ECDSA","NO","0","","","","","4904","2026-06-04T04:58:51.521Z"
"0x786205446de85f105076e6e6566f37b4f865d23e","Ethereum / EVM","secp256k1 / ECDSA","NO","0","","","","","20001","2026-05-20T03:31:39.183Z"
"0x78621830ccb9cda255ec9cb7125073eedb6ed23e","Ethereum / EVM","secp256k1 / ECDSA","NO","0","","","","","475","2026-05-20T03:31:39.183Z"
"0x78625bbfbae0df1c9870190a19abd73e3050d23e","Ethereum / EVM","secp256k1 / ECDSA","NO","0","","","","","20002","2026-05-20T03:31:39.183Z"
"0x7862c2129e139620e3cd4dd9394dc38d4a95d23e","Ethereum / EVM","secp256k1 / ECDSA","NO","0","","","","","1011","2026-05-20T03:32:08.251Z"
"0x787ae29498725f13b2f4d909abf25f9de668ace0","Ethereum / EVM","secp256k1 / ECDSA","NO","0","","","","","550","2026-05-20T03:32:08.251Z"
"0x787b8840100d9baadd7463f4a73b5ba73b00c6ca","Ethereum / EVM","secp256k1 / ECDSA","NO","0","","","","","20005","2026-05-20T03:32:08.251Z"
"0x78a97188707a808044f0d3193af9b71254781cf8","Ethereum / EVM","secp256k1 / ECDSA","NO","0","","","","","4696","2026-05-20T03:32:16.031Z"
"0x78ad00d8f0224f083eb9bbd985546a43c3160267","Ethereum / EVM","secp256k1 / ECDSA","NO","0","","","","","296","2026-05-20T03:32:16.031Z"
"0x78c6835d1bb29027dcaba9cc5a9ca539f373b6a5","Ethereum / EVM","secp256k1 / ECDSA","NO","0","","","","","364","2026-05-20T03:32:16.031Z"
"0x78cce872a51d6347a6647d7ee7b4be733712a4a1","Ethereum / EVM","secp256k1 / ECDSA","NO","0","","","","","2192","2026-05-20T03:32:23.586Z"
"0x78dff89ba23c09792b16d9717036f118744c69db","Ethereum / EVM","secp256k1 / ECDSA","NO","0","","","","","444","2026-05-20T03:32:23.586Z"
"0x78e230a1a1718a944496817ddcfe50f6fc53cc2b","Ethereum / EVM","secp256k1 / ECDSA","NO","0","","","","","2272","2026-05-20T03:32:23.586Z"
"0x78eb214b572384b55bc20b5a76800ed2921514f6","Ethereum / EVM","secp256k1 / ECDSA","NO","0","","","","","20000","2026-05-20T03:33:08.901Z"
"0x792ed3073ef3f0c18460110c845171bae3300e2b","Ethereum / EVM","secp256k1 / ECDSA","NO","0","","","","","20002","2026-05-20T03:33:08.901Z"
"0x7937619a9bd1234a303e4fe752b8d4f37d40e20c","Ethereum / EVM","secp256k1 / ECDSA","NO","0","","","","","2222","2026-05-20T03:33:08.901Z"
"rJn2zAPdFA193sixJwuFixRkYDUtx3apQh","Solana wallet","Ed25519 / EdDSA","NO","0","","","","Error: Invalid public key input","169","2026-06-04T15:49:00.446Z"
"rJxKV9e9p6wiPwxrJ4X1n98LosPL1sgcJW","Solana wallet","Ed25519 / EdDSA","NO","0","","","","Error: Invalid public key input","78","2026-06-04T15:49:00.446Z"
"0x79376f39956d640aaa5eb9acfb5a7f6cca048e96","Ethereum / EVM","secp256k1 / ECDSA","NO","0","","","","","20002","2026-05-20T03:33:56.040Z"
"0x793ff41e8a515641e5e5c4c3d38a4c7f9929eb5e","Ethereum / EVM","secp256k1 / ECDSA","NO","0","","","","","1358","2026-05-20T03:33:56.040Z"
"0x794a61358d6845594f94dc1db02a252b5b4814ad","Ethereum / EVM","secp256k1 / ECDSA","NO","0","","","","","20001","2026-05-20T03:33:56.040Z"
"0x794d28ac31bcb136294761a556b68d2634094153","Ethereum / EVM","secp256k1 / ECDSA","NO","0","","","","","20002","2026-05-20T03:34:44.782Z"
"0x7951c7ef839e26f63da87a42c9a87986507f1c07","Ethereum / EVM","secp256k1 / ECDSA","NO","0","","","","","20000","2026-05-20T03:34:44.782Z"
"0x796834e0ce0ddfb0eb233c65e07cc613c9609021","Ethereum / EVM","secp256k1 / ECDSA","NO","0","","","","","2092","2026-05-20T03:34:44.782Z"
"0x7969d3be53e289a5a2a65c80210a89fa29c53da9","Ethereum / EVM","secp256k1 / ECDSA","NO","0","","","","","20001","2026-05-20T03:35:34.673Z"
"0x7991756961679e6467b00958fe96474ed9b206f6","Ethereum / EVM","secp256k1 / ECDSA","NO","0","","","","","20002","2026-05-20T03:35:34.673Z"
"0x79a2ed51275dbdc422b7bd9bd6a122c21bcf215c","Ethereum / EVM","secp256k1 / ECDSA","NO","0","","","","","3977","2026-05-20T03:35:34.673Z"
"0x79b7d42d7668adac7552f0cd662f7e6cc3024418","Ethereum / EVM","secp256k1 / ECDSA","NO","0","","","","","20000","2026-05-20T03:36:38.696Z"
"0x79e0c240ab6ad1f887ecb57e326027e3b4489ddf","Ethereum / EVM","secp256k1 / ECDSA","NO","0","","","","","20002","2026-05-20T03:36:38.696Z"
"0x79e2b9c1f6c9ed1375c93aaf139e6c4537f48523","Ethereum / EVM","secp256k1 / ECDSA","NO","0","","","","","20002","2026-05-20T03:36:38.696Z"
"0x79e38355222496d9f8700fea7af5480fef17014e","Ethereum / EVM","secp256k1 / ECDSA","NO","0","","","","","20001","2026-05-20T03:37:24.655Z"
"0x7a1d96ce661c9858c89d0205dea52fef514b8261","Ethereum / EVM","secp256k1 / ECDSA","NO","0","","","","","20002","2026-05-20T03:37:24.655Z"
"0x7a250d5630b4cf539739df2c5dacb4c659f2488d","Ethereum / EVM","secp256k1 / ECDSA","NO","0","","","","","1964","2026-05-20T03:37:24.655Z"
"rMdG3ju8pgyVh29ELPWaDuA74CpWW6Fxns","Solana wallet","Ed25519 / EdDSA","NO","0","","","","Error: Invalid public key input","76","2026-06-04T15:49:00.446Z"
"rNFugeoj3ZN8Wv6xhuLegUBBPXKCyWLRkB","Solana wallet","Ed25519 / EdDSA","NO","0","","","","Error: Invalid public key input","161","2026-06-04T15:49:08.284Z"
"0x7a40270e4f957d920a3ba6857c7ae00d07b537bc","Ethereum / EVM","secp256k1 / ECDSA","NO","0","","","","","20001","2026-05-20T03:37:53.127Z"
"0x7a474fd5f1383118c891a2ca6bcd080e8fb058e5","Ethereum / EVM","secp256k1 / ECDSA","NO","0","","","","","2061","2026-05-20T03:37:53.127Z"
"0x7a69a8399740fcb54a182957181a5fca675e1ef5","Ethereum / EVM","secp256k1 / ECDSA","NO","0","","","","","376","2026-05-20T03:37:53.127Z"
"0x7a718c6c1289ee1c153420e66f0ba3041f0c9d40","Ethereum / EVM","secp256k1 / ECDSA","NO","0","","","","","20001","2026-05-20T03:38:37.766Z"
"0x7a71b7db088067c1d7063ef5f6920b041f0c9d40","Ethereum / EVM","secp256k1 / ECDSA","NO","0","","","","","20001","2026-05-20T03:38:37.766Z"
"0x7a83f06d30c8fc063dcb632b2540a9cc4835709a","Ethereum / EVM","secp256k1 / ECDSA","NO","0","","","","","3075","2026-05-20T03:38:37.766Z"
"0x7a8acefe1a0d1af5a0db9a969cbbf26928e427b3","Ethereum / EVM","secp256k1 / ECDSA","NO","0","","","","","20001","2026-05-20T03:39:04.824Z"
"0x7a9185267e32726f436fe6c6823b5d3e11b026f5","Ethereum / EVM","secp256k1 / ECDSA","NO","0","","","","","1653","2026-05-20T03:39:04.824Z"
"0x7a96de9ac3058f2a1abf0aafc6897b4cdf8cec50","Ethereum / EVM","secp256k1 / ECDSA","NO","0","","","","","479","2026-05-20T03:39:04.824Z"
"0x7aa28837f7a7f868203ddea956b8cabe4356a545","Ethereum / EVM","secp256k1 / ECDSA","NO","0","","","","","335","2026-05-20T03:39:27.298Z"
"0x7acf6777f7d0e5e0d2caee4e48ff6c69cbcb1234","Ethereum / EVM","secp256k1 / ECDSA","NO","0","","","","","20007","2026-05-20T03:39:27.298Z"
"0x7ae901ed4f0cdd12cb06e5cf15d2abbde414f211","Ethereum / EVM","secp256k1 / ECDSA","NO","0","","","","","265","2026-05-20T03:39:27.298Z"
"0x7aebc630f301f15baddf160103dc3bd8f9baf043","Ethereum / EVM","secp256k1 / ECDSA","NO","0","","","","","20002","2026-05-20T03:40:30.695Z"
"0x7afe5e63948a40c210f59bd79356c86908377b74","Ethereum / EVM","secp256k1 / ECDSA","NO","0","","","","","20001","2026-05-20T03:40:30.695Z"
"0x7b02d13904d8e6e0f0efaf756ab14cb0ff21ee7e","Ethereum / EVM","secp256k1 / ECDSA","NO","0","","","","","20000","2026-05-20T03:40:30.695Z"
"0x7b09fc3bdd9a1eb0059f0c9d391f5d684e0f9918","Ethereum / EVM","secp256k1 / ECDSA","NO","0","","","","","20001","2026-05-20T03:40:56.545Z"
"0x7b2cd24da383bddb895c8069cd03e34dd63b2532","Ethereum / EVM","secp256k1 / ECDSA","NO","0","","","","","1405","2026-05-20T03:40:56.545Z"
"0x7b60ecdc24d25f853cd884463bb262d0e9bf25f0","Ethereum / EVM","secp256k1 / ECDSA","NO","0","","","","","447","2026-05-20T03:40:56.545Z"
"0x7b71e316c43ebb5685d18e871d1d71f1082ca2b8","Ethereum / EVM","secp256k1 / ECDSA","NO","0","","","","","20117","2026-05-20T03:41:59.694Z"
"0x7b98030018e13fa385ff54075aecf8f33a91f88a","Ethereum / EVM","secp256k1 / ECDSA","NO","0","","","","","20194","2026-05-20T03:41:59.694Z"
"0x7bacd3e83522f484bc5128ea93bf7290f1f1b9e5","Ethereum / EVM","secp256k1 / ECDSA","NO","0","","","","","20046","2026-05-20T03:41:59.694Z"
"0x7bbcac9c77aabc2aca19cd34f944fbc015f06a54","Ethereum / EVM","secp256k1 / ECDSA","NO","0","","","","","1338","2026-05-20T03:42:11.637Z"
"0x7bbfaa2f8b2d2a613b4439be3428dfbf0f405390","Ethereum / EVM","secp256k1 / ECDSA","NO","0","","","","","4664","2026-05-20T03:42:11.637Z"
"0x7bd9af9955a30112927fb2651165c83a64e96a72","Ethereum / EVM","secp256k1 / ECDSA","NO","0","","","","","1426","2026-05-20T03:42:11.637Z"
"0x7bde4c13751326c8cab4b69d4982d5dcdb793e67","Ethereum / EVM","secp256k1 / ECDSA","NO","0","","","","","20146","2026-05-20T03:43:20.901Z"
"0x7bdfdd8733a30cef153687cabcf1b3d3a489446b","Ethereum / EVM","secp256k1 / ECDSA","NO","0","","","","","20105","2026-05-20T03:43:20.901Z"
"0x7be40b8d00e582e500763711777a61869ceb343c","Ethereum / EVM","secp256k1 / ECDSA","NO","0","","","","","20151","2026-05-20T03:43:20.901Z"
"0x7bf4e3c714b5615846ecb303701e29ff03bc9e76","Ethereum / EVM","secp256k1 / ECDSA","NO","0","","","","","20445","2026-05-20T03:44:25.423Z"
"0x7bf59e5544f1fc4396f2879cf28b01bb7c3ae4e7","Ethereum / EVM","secp256k1 / ECDSA","NO","0","","","","","20002","2026-05-20T03:44:25.423Z"
"0x7c1190d8f84220ef5c3eed9908e1ca8aea8cd570","Ethereum / EVM","secp256k1 / ECDSA","NO","0","","","","","20001","2026-05-20T03:44:25.423Z"
"0x7c177327a1c0e18e6ad2a3284c88b5f3daa2388b","Ethereum / EVM","secp256k1 / ECDSA","NO","0","","","","","20003","2026-05-20T03:45:09.238Z"
"0x7c2f7eef8f12dacb4b20bcd3cfcf98616d64b250","Ethereum / EVM","secp256k1 / ECDSA","NO","0","","","","","210","2026-05-20T03:45:09.238Z"
"0x7c4ecdd8c77dd6abc58a105a0b2842f7bd54110a","Ethereum / EVM","secp256k1 / ECDSA","NO","0","","","","","20041","2026-05-20T03:45:09.238Z"
"0x7c70b2c15ec3260785d850550e2abb55543e1369","Ethereum / EVM","secp256k1 / ECDSA","NO","0","","","","","20001","2026-05-20T03:46:17.832Z"
"0x7c75aaf3036010f6d66944d9562409a2fb12ccf2","Ethereum / EVM","secp256k1 / ECDSA","NO","0","","","","","20139","2026-05-20T03:46:17.832Z"
"0x7c83c1a06514b02273de7351c3a7c85e51e3a759","Ethereum / EVM","secp256k1 / ECDSA","NO","0","","","","","20001","2026-05-20T03:46:17.832Z"
"0x7ca236fd5e0bf6f2da3759b66613d30682dacf42","Ethereum / EVM","secp256k1 / ECDSA","NO","0","","","","","20002","2026-05-20T03:47:03.661Z"
"0x7ca2424a5e2b022d5af2b567750d2aa682dacf42","Ethereum / EVM","secp256k1 / ECDSA","NO","0","","","","","20003","2026-05-20T03:47:03.661Z"
"0x7ca8dd172970391616d1f2989872eafa83e25665","Ethereum / EVM","secp256k1 / ECDSA","NO","0","","","","","1568","2026-05-20T03:47:03.661Z"
"0x7ce4e373617b8d00331a0875a3a29b5e9f318096","Ethereum / EVM","secp256k1 / ECDSA","NO","0","","","","","20097","2026-05-20T03:47:52.872Z"
"0x7ceb23fd6bc0add59e62ac25578270cff1b9f619","Ethereum / EVM","secp256k1 / ECDSA","NO","0","","","","","20001","2026-05-20T03:47:52.872Z"
"0x7cf5e53a4e7db7d1783ed1677df32cb4874f2f92","Ethereum / EVM","secp256k1 / ECDSA","NO","0","","","","","2650","2026-05-20T03:47:52.872Z"
"0x7cf5ec60a26738fac3730f4d0cc026c4874f2f92","Ethereum / EVM","secp256k1 / ECDSA","NO","0","","","","","356","2026-05-20T03:48:38.706Z"
"0x7d03fe1ac6b7c875dd4d00c1df6cd7c116bbe8ac","Ethereum / EVM","secp256k1 / ECDSA","NO","0","","","","","20001","2026-05-20T03:48:38.706Z"
"0x7d05721101047b34909b16c3215c68767b17fb06","Ethereum / EVM","secp256k1 / ECDSA","NO","0","","","","","20000","2026-05-20T03:48:38.706Z"
"0x7d0bc26deb5e4b45783d34d27ac8b1a813f65782","Ethereum / EVM","secp256k1 / ECDSA","NO","0","","","","","20002","2026-05-20T03:49:46.385Z"
"0x7d11242642dbb162218a424074fb673dfde7c129","Ethereum / EVM","secp256k1 / ECDSA","NO","0","","","","","20002","2026-05-20T03:49:46.385Z"
"0x7d1afa7b718fb893db30a3abc0cfc608aacfebb0","Ethereum / EVM","secp256k1 / ECDSA","NO","0","","","","","20001","2026-05-20T03:49:46.385Z"
"0x7d2768de32b0b80b7a3454c06bdac94a69ddc7a9","Ethereum / EVM","secp256k1 / ECDSA","NO","0","","","","","985","2026-05-20T03:50:31.383Z"
"0x7d358a3bf85f5d6e5e73828bc6bc02f3fcc3df1e","Ethereum / EVM","secp256k1 / ECDSA","NO","0","","","","","20001","2026-05-20T03:50:31.383Z"
"0x7d3ecda2850c5709b7bfbdbc2a1579dbb8981d5d","Ethereum / EVM","secp256k1 / ECDSA","NO","0","","","","","20001","2026-05-20T03:50:31.383Z"
"0x7d45278ff7e4e692e42e6262e8ac945d211bfddc","Ethereum / EVM","secp256k1 / ECDSA","NO","0","","","","","553","2026-05-20T03:51:18.944Z"
"0x7d5709bd812d73d4dd5762be3f8e593216838924","Ethereum / EVM","secp256k1 / ECDSA","NO","0","","","","","20001","2026-05-20T03:51:18.944Z"
"0x7d5f9706296b6d6aab6ce128a75e25919918f622","Ethereum / EVM","secp256k1 / ECDSA","NO","0","","","","","20001","2026-05-20T03:51:18.944Z"
"0x7d85f58b70b77755168a0f15f9674eef495d6b3e","Ethereum / EVM","secp256k1 / ECDSA","NO","0","","","","","20001","2026-05-20T03:51:49.407Z"
"0x7da0b9211020d3775b18116fe751c555b9a7058c","Ethereum / EVM","secp256k1 / ECDSA","NO","0","","","","","2326","2026-05-20T03:51:49.407Z"
"0x7da4800a56b42034e06b6cfa05b383e9df781c8a","Ethereum / EVM","secp256k1 / ECDSA","NO","0","","","","","689","2026-05-20T03:51:49.407Z"
"0x7db32d8658b5042237476b4a9c242073f4174a52","Ethereum / EVM","secp256k1 / ECDSA","NO","0","","","","","307","2026-05-20T03:51:51.527Z"
"0x7db4c26cfb4e5876d97b35c9057b05e07b0fb1b6","Ethereum / EVM","secp256k1 / ECDSA","NO","0","","","","","530","2026-05-20T03:51:51.527Z"
"0x7db54c6c26c83d36c7d24f8a524e8fa48477c7f9","Ethereum / EVM","secp256k1 / ECDSA","NO","0","","","","","298","2026-05-20T03:51:51.527Z"
"0x7dbb4bdcfe614398d1a68ecc219f15280d0959e0","Ethereum / EVM","secp256k1 / ECDSA","NO","0","","","","","899","2026-05-20T03:52:39.704Z"
"0x7dbee4a9bb78d751aabda90bce0bcfae7134bc97","Ethereum / EVM","secp256k1 / ECDSA","NO","0","","","","","20123","2026-05-20T03:52:39.704Z"
"0x7dd4f0b986f032a44f913bf92c9e8b7c17d77ad7","Ethereum / EVM","secp256k1 / ECDSA","NO","0","","","","","20001","2026-05-20T03:52:39.704Z"
"0x7e226c7d5f8692d6b915be16c89c615e7af1f753","Ethereum / EVM","secp256k1 / ECDSA","NO","0","","","","","20001","2026-05-20T03:53:30.039Z"
"0x7e435d80c2c75d58efd6f06938ace68f022af397","Ethereum / EVM","secp256k1 / ECDSA","NO","0","","","","","20079","2026-05-20T03:53:30.039Z"
"0x7e4730688e16654fa0e0ff2b405dc99c54e4a513","Ethereum / EVM","secp256k1 / ECDSA","NO","0","","","","","2568","2026-05-20T03:53:30.039Z"
"0x7e4cff4c3a787af55bd029f2f032b9a86f77f313","Ethereum / EVM","secp256k1 / ECDSA","NO","0","","","","","2930","2026-05-20T03:53:41.162Z"
"0x7e5def218b9fd465ae050d7174383b1b8ace666b","Ethereum / EVM","secp256k1 / ECDSA","NO","0","","","","","2612","2026-05-20T03:53:41.162Z"
"0x7e635c76aaafd73f700968a452d753b4f8a56424","Ethereum / EVM","secp256k1 / ECDSA","NO","0","","","","","312","2026-05-20T03:53:41.162Z"
"0x7e691b412afaadb6b8f3f10025244b0053266c65","Ethereum / EVM","secp256k1 / ECDSA","NO","0","","","","","458","2026-05-20T03:53:45.250Z"
"0x7e6a278b71ca731385cee45fd58203f71cdabc7a","Ethereum / EVM","secp256k1 / ECDSA","NO","0","","","","","462","2026-05-20T03:53:45.250Z"
"0x7e6af92df2aecd6113325c0b58f821ab1dce37f6","Ethereum / EVM","secp256k1 / ECDSA","NO","0","","","","","983","2026-05-20T03:53:45.250Z"
"0x7e9c396f2617a0e018c9259f6d4f73d2d35e5d58","Ethereum / EVM","secp256k1 / ECDSA","NO","0","","","","","20114","2026-05-20T03:54:51.769Z"
"0x7eb0c5e3666e7a6ce032947454a47040bb6a6770","Ethereum / EVM","secp256k1 / ECDSA","NO","0","","","","","20142","2026-05-20T03:54:51.769Z"
"0x7ebd40b5b3d1300020c3730b05b87fde80d89ad0","Ethereum / EVM","secp256k1 / ECDSA","NO","0","","","","","20061","2026-05-20T03:54:51.769Z"
"0x7ec88dcd98a287574e5244ed835791e54a8ba4e5","Ethereum / EVM","secp256k1 / ECDSA","NO","0","","","","","20104","2026-05-20T03:55:37.155Z"
"0x7ecfbaa8742fdf5756dac92fbc8b90a19b8815bf","Ethereum / EVM","secp256k1 / ECDSA","NO","0","","","","","922","2026-05-20T03:55:37.155Z"
"0x7ef216afdf22d1b336169a0c4bb7b5a531d1e528","Ethereum / EVM","secp256k1 / ECDSA","NO","0","","","","","20043","2026-05-20T03:55:37.155Z"
"0x7ef2d7b88d43f1831241f0dd63e0bdef048ba8ac","Ethereum / EVM","secp256k1 / ECDSA","NO","0","","","","","322","2026-05-20T04:34:22.811Z"
"0x7efbe64abc893d2f713f875c961b3166fdd7e42b","Ethereum / EVM","secp256k1 / ECDSA","NO","0","","","","Error: Scan timeout after 300s","300002","2026-05-20T04:34:22.811Z"
"0x7eff0a40818cd29724f8d2759247565f5a65cf18","Ethereum / EVM","secp256k1 / ECDSA","NO","0","","","","Error: Scan timeout after 300s","300002","2026-05-20T04:34:22.811Z"
"0x7f00520332f2bace518d0b61760155d3ff9d7b87","Ethereum / EVM","secp256k1 / ECDSA","NO","0","","","","Error: Scan timeout after 300s","300000","2026-05-20T04:41:26.876Z"
"0x7f0a13257e6e60f5738da3a71d10f329df19ca71","Ethereum / EVM","secp256k1 / ECDSA","NO","0","","","","","114670","2026-05-20T04:41:26.876Z"
"0x7f101060ce0916218205a81c6408589d78b84162","Ethereum / EVM","secp256k1 / ECDSA","NO","0","","","","","4630","2026-05-20T04:41:26.876Z"
"0x7f268357a8c2552623316e2562d90e642bb538e5","Ethereum / EVM","secp256k1 / ECDSA","NO","0","","","","","505","2026-05-20T04:56:38.390Z"
"0x7f2c61e6e81513870ea920b7ff29058d9f86c97d","Ethereum / EVM","secp256k1 / ECDSA","NO","0","","","","Error: Scan timeout after 300s","607425","2026-05-20T04:56:38.390Z"
"0x7f2cf626a94c1a15cf1f208a66f08d8aa5660fcf","Ethereum / EVM","secp256k1 / ECDSA","NO","0","","","","","298453","2026-05-20T04:56:38.390Z"
"0x7f2d94a91b39f74d6ec638306c2f265de4f1535d","Ethereum / EVM","secp256k1 / ECDSA","NO","0","","","","","651","2026-05-20T04:57:12.708Z"
"0x7f3ba3c1b27ad08c38fe0cc6b61877e17ac2adfc","Ethereum / EVM","secp256k1 / ECDSA","NO","0","","","","","27118","2026-05-20T04:57:12.708Z"
"0x7f48102c7d4940307ebc27ad457167691de99b76","Ethereum / EVM","secp256k1 / ECDSA","NO","0","","","","","1002","2026-05-20T04:57:12.708Z"
"0x7f482e609995cc1f709ab4f8772f1119d9489b76","Ethereum / EVM","secp256k1 / ECDSA","NO","0","","","","","1009","2026-05-20T04:57:19.804Z"
"0x7f4e85e9919b06a3818a32ce0ac702d5fb489d99","Ethereum / EVM","secp256k1 / ECDSA","NO","0","","","","","817","2026-05-20T04:57:19.804Z"
"0x7f54f05635d15cde17a49502fedb9d1803a3be8a","Ethereum / EVM","secp256k1 / ECDSA","NO","0","","","","","1020","2026-05-20T04:57:19.804Z"
"0x7f5a83561dc01eaf912203a79306e3d301c3459b","Ethereum / EVM","secp256k1 / ECDSA","NO","0","","","","","8931","2026-05-20T04:57:45.312Z"
"0x7f604d597c15b2e2f60dc645844f68b1d781b752","Ethereum / EVM","secp256k1 / ECDSA","NO","0","","","","","1013","2026-05-20T04:57:45.312Z"
"0x7f726873b7c773da48bf398fb8d9ff2f82887f40","Ethereum / EVM","secp256k1 / ECDSA","NO","0","","","","","10243","2026-05-20T04:57:45.312Z"
"0x7f734e30559c74cba295f7f55517531d35c3ad2b","Ethereum / EVM","secp256k1 / ECDSA","NO","0","","","","","1160","2026-05-20T04:57:52.913Z"
"0x7f82f57f0dd546519324392e408b01fcc7d709e8","Ethereum / EVM","secp256k1 / ECDSA","NO","0","","","","","1169","2026-05-20T04:57:52.913Z"
"0x7f86bf177dd4f3494b841a37e810a34dd56c829b","Ethereum / EVM","secp256k1 / ECDSA","NO","0","","","","","1175","2026-05-20T04:57:52.913Z"
"0x7f8f5e601848e97def3de725c09574fbe79cb0ca","Ethereum / EVM","secp256k1 / ECDSA","NO","0","","","","","847","2026-05-20T04:59:38.284Z"
"0x7f9acaddfe815921b1228ea3e6eee098ab8e2cb7","Ethereum / EVM","secp256k1 / ECDSA","NO","0","","","","","816","2026-05-20T04:59:38.284Z"
"0x7fa516b70fd8533138a8cfc0aaaaf301bc3d22d8","Ethereum / EVM","secp256k1 / ECDSA","NO","0","","","","","99004","2026-05-20T04:59:38.284Z"
"0x7fad1ecb37c2e9cd89513cbd865c7ada65d3c890","Ethereum / EVM","secp256k1 / ECDSA","NO","0","","","","","63238","2026-05-20T05:03:21.678Z"
"0x7faf6776610fa00523060ef3cffccb3087492723","Ethereum / EVM","secp256k1 / ECDSA","NO","0","","","","","11645","2026-05-20T05:03:21.678Z"
"0x7fb1a4176505d6cd5ae369107aee6f6d142d2021","Ethereum / EVM","secp256k1 / ECDSA","NO","0","","","","","144576","2026-05-20T05:03:21.678Z"
"0x7fc66500c84a76ad7e9c93437bfc5ac33e2ddae9","Ethereum / EVM","secp256k1 / ECDSA","NO","0","","","","","1123","2026-05-20T05:04:18.573Z"
"0x7fc66e6b551d93e0dc7a4b61b1b15f31dd623b99","Ethereum / EVM","secp256k1 / ECDSA","NO","0","","","","","791","2026-05-20T05:04:18.573Z"
"0x7fd3ad1572ed98e48bab7c0f5c598f0f61f42774","Ethereum / EVM","secp256k1 / ECDSA","NO","0","","","","","47267","2026-05-20T05:04:18.573Z"
"0x7fe81abf17890ff0f010a6086a63d90d3ed81efe","Ethereum / EVM","secp256k1 / ECDSA","NO","0","","","","","1021","2026-05-20T05:05:16.585Z"
"0x7fed724d46c1b2cfa22911516d7c6dc5a00c2d99","Ethereum / EVM","secp256k1 / ECDSA","NO","0","","","","","42881","2026-05-20T05:05:16.585Z"
"0x7ff2a5a74ce4fab49028de02f4c4f5548a689290","Ethereum / EVM","secp256k1 / ECDSA","NO","0","","","","","10878","2026-05-20T05:05:16.585Z"
"0x7ff53b1aa54c91fde5f65ffc8709fd53103f279a","Ethereum / EVM","secp256k1 / ECDSA","NO","0","","","","","26002","2026-05-20T05:05:58.124Z"
"0x800c77688187a77bcf3aae203a734a77147ba451","Ethereum / EVM","secp256k1 / ECDSA","NO","0","","","","","6723","2026-05-20T05:05:58.124Z"
"0x80102bb1ba202bee287e6782b00dc74cebd560ec","Ethereum / EVM","secp256k1 / ECDSA","NO","0","","","","","1178","2026-05-20T05:05:58.124Z"
"0x801558aa0b9285d280c6feabfd69a34383404c6d","Ethereum / EVM","secp256k1 / ECDSA","NO","0","","","","","1195","2026-05-20T05:06:07.711Z"
"0x801b2af768540877815847654756ca3bbd6d1d90","Ethereum / EVM","secp256k1 / ECDSA","NO","0","","","","","1186","2026-05-20T05:06:07.711Z"
"0x801ec651669c28f010ff0e071eeb10402e404c6d","Ethereum / EVM","secp256k1 / ECDSA","NO","0","","","","","1157","2026-05-20T05:06:07.711Z"
"0x801efd0e025e6c8f59fa5d314d6c7241d4ddd208","Ethereum / EVM","secp256k1 / ECDSA","NO","0","","","","","1153","2026-05-20T05:06:15.861Z"
"0x802f7b354eb490205452096e72262a33a71731f3","Ethereum / EVM","secp256k1 / ECDSA","NO","0","","","","","1188","2026-05-20T05:06:15.861Z"
"0x8030291ec1bbb7605457fadfec6bef59cdf3c974","Ethereum / EVM","secp256k1 / ECDSA","NO","0","","","","","1168","2026-05-20T05:06:15.861Z"
"0x803814b07abff6c0aae124102afeebda36f466e5","Ethereum / EVM","secp256k1 / ECDSA","NO","0","","","","","1176","2026-05-20T05:06:23.884Z"
"0x803da08879f01c3e6c1b07945f092a254607e35a","Ethereum / EVM","secp256k1 / ECDSA","NO","0","","","","","1180","2026-05-20T05:06:23.884Z"
"0x8048cca53e1c756d50392d291be63c0d7fd92eed","Ethereum / EVM","secp256k1 / ECDSA","NO","0","","","","","1204","2026-05-20T05:06:23.884Z"
"0x804a3396834b33fe3d21584bcb34a61d40938626","Ethereum / EVM","secp256k1 / ECDSA","NO","0","","","","","1172","2026-05-20T05:06:32.165Z"
"0x806dad9b9235cc28feac981c9429bfbbd3be26b2","Ethereum / EVM","secp256k1 / ECDSA","NO","0","","","","","1198","2026-05-20T05:06:32.165Z"
"0x80787af194c33b74a811f5e5c549316269d7ee1a","Ethereum / EVM","secp256k1 / ECDSA","NO","0","","","","","1168","2026-05-20T05:06:32.165Z"
"0x807ebd0d475249bd93f20eac7b9e2b5590ca5579","Ethereum / EVM","secp256k1 / ECDSA","NO","0","","","","","1223","2026-05-20T05:23:31.063Z"
"0x80825ffd49e1f8da6810d113bd8e4c5468e6ae9e","Ethereum / EVM","secp256k1 / ECDSA","NO","0","","","","","1169","2026-05-20T05:23:31.063Z"
"0x8086061cf07c03559fbb4aa58f191f9c4a5df2b2","Ethereum / EVM","secp256k1 / ECDSA","NO","0","","","","Error: Scan timeout after 300s","1011750","2026-05-20T05:23:31.063Z"
"0x808784309e6e05c5c3f75d14152f83053750f544","Ethereum / EVM","secp256k1 / ECDSA","NO","0","","","","Error: Scan timeout after 300s","751045","2026-05-20T05:36:31.839Z"
"0x808877b83a698f0d866e69591fdca106069e6d69","Ethereum / EVM","secp256k1 / ECDSA","NO","0","","","","","16562","2026-05-20T05:36:31.839Z"
"0x814b41efec9e464966005681fb5352e827ca7a5f","Ethereum / EVM","secp256k1 / ECDSA","NO","0","","","","","1066","2026-05-20T06:03:34.851Z"
"0x8092fae51afb978c572ab40aeb15f32f8dcd25ff","Ethereum / EVM","secp256k1 / ECDSA","NO","0","","","","","5235","2026-05-20T05:36:31.839Z"
"0x8099fa224f81d43f4fc993df4596f99ca9cf0fbc","Ethereum / EVM","secp256k1 / ECDSA","NO","0","","","","","1054","2026-05-20T05:36:39.985Z"
"0x80b1b3d33c9e5146c3718cac2fa076e46bd965fa","Ethereum / EVM","secp256k1 / ECDSA","NO","0","","","","","1035","2026-05-20T05:36:39.985Z"
"0x80b1f6dd2278e38d011ae05e73b4dd1a276265fa","Ethereum / EVM","secp256k1 / ECDSA","NO","0","","","","","2020","2026-05-20T05:36:39.985Z"
"0x80c3de1ae4f49485c9a71d20d4053ec1ae16c947","Ethereum / EVM","secp256k1 / ECDSA","NO","0","","","","","44375","2026-05-20T06:00:28.486Z"
"0x80c67432656d59144ceff962e8faf8926599bcf8","Ethereum / EVM","secp256k1 / ECDSA","NO","0","","","","Error: Scan timeout after 300s","973781","2026-05-20T06:00:28.486Z"
"0x80d6ae57e17e6afb611651d94167e02211d122ab","Ethereum / EVM","secp256k1 / ECDSA","NO","0","","","","Error: Scan timeout after 300s","407558","2026-05-20T06:00:28.486Z"
"0x80d71876152b781a9b43ae6307819b1d66c0f90a","Ethereum / EVM","secp256k1 / ECDSA","NO","0","","","","","346","2026-05-20T06:00:51.048Z"
"0x80d7ef92a5c0d9dcfecd13cfe63e7b5d66c0f90a","Ethereum / EVM","secp256k1 / ECDSA","NO","0","","","","","3694","2026-05-20T06:00:51.048Z"
"0x80ed076486395925c9c59fdaa595ce4cdcc95863","Ethereum / EVM","secp256k1 / ECDSA","NO","0","","","","","9595","2026-05-20T06:00:51.048Z"
"0x80f25163732f857f32be7bfcc8cfe44d6c56c60d","Ethereum / EVM","secp256k1 / ECDSA","NO","0","","","","","10323","2026-05-20T06:03:19.470Z"
"0x81010fee875e42918380210011afc9cca72de11b","Ethereum / EVM","secp256k1 / ECDSA","NO","0","","","","","22715","2026-05-20T06:03:19.470Z"
"0x810c1071437b0170d3b664b6bb13df63c003b99f","Ethereum / EVM","secp256k1 / ECDSA","NO","0","","","","","110039","2026-05-20T06:03:19.470Z"
"0x810dd275c18ddf02416b0448d6239a1009d08d5d","Ethereum / EVM","secp256k1 / ECDSA","NO","0","","","","","1179","2026-05-20T06:03:27.188Z"
"0x8129b737912e17212c8693b781928f5d0303390a","Ethereum / EVM","secp256k1 / ECDSA","NO","0","","","","","1186","2026-05-20T06:03:27.188Z"
"0x812a63f4065f9c0df4560230e3bcab886ba2bc49","Ethereum / EVM","secp256k1 / ECDSA","NO","0","","","","","1219","2026-05-20T06:03:27.188Z"
"0x813778eb18ceb3cbb33e80c5fff7c28076129d79","Ethereum / EVM","secp256k1 / ECDSA","NO","0","","","","","1108","2026-05-20T06:03:34.851Z"
"0x813e4eb0cbb0b4f6e8f28c38154da03bc613ae1d","Ethereum / EVM","secp256k1 / ECDSA","NO","0","","","","","1081","2026-05-20T06:03:34.851Z"
"0x815706ea0846e0b1eda37cc402b99cb955853f84","Ethereum / EVM","secp256k1 / ECDSA","NO","0","","","","","1040","2026-05-20T06:03:42.808Z"
"0x81598fdb3c092bb2e68eefc04914823992277b82","Ethereum / EVM","secp256k1 / ECDSA","NO","0","","","","","1023","2026-05-20T06:03:42.808Z"
"0x81653f02f2bb7561c12541068edd5f041efae32c","Ethereum / EVM","secp256k1 / ECDSA","NO","0","","","","","1020","2026-05-20T06:03:42.808Z"
"0x816a1919596624f02ce791e561068220977b43e6","Ethereum / EVM","secp256k1 / ECDSA","NO","0","","","","","839","2026-05-20T06:04:13.103Z"
"0x816eeaaea65a9bcf2475deadf66942e5d3b40bf4","Ethereum / EVM","secp256k1 / ECDSA","NO","0","","","","","13994","2026-05-20T06:04:13.103Z"
"0x81728ba12ed9e8b8001033c48bb405485fa65748","Ethereum / EVM","secp256k1 / ECDSA","NO","0","","","","","9201","2026-05-20T06:04:13.103Z"
"0x819a6feb8ad61072cef79c4db3185a9d3482a219","Ethereum / EVM","secp256k1 / ECDSA","NO","0","","","","","1177","2026-05-20T06:04:24.237Z"
"0x81abc1e538a465f61e63c9fffebb8d5e92a2df20","Ethereum / EVM","secp256k1 / ECDSA","NO","0","","","","","1175","2026-05-20T06:04:24.237Z"
"0x81b7fadb06becd49d67a7b0ed0004ab18fa4a97e","Ethereum / EVM","secp256k1 / ECDSA","NO","0","","","","","1168","2026-05-20T06:04:24.237Z"
"0x81bf69763a8cbe4147c9c14cfa9246b462ebd618","Ethereum / EVM","secp256k1 / ECDSA","NO","0","","","","","1159","2026-05-20T06:04:32.409Z"
"0x81d402ef3735c95d25df607568b2f3d12c0373df","Ethereum / EVM","secp256k1 / ECDSA","NO","0","","","","","1180","2026-05-20T06:04:32.409Z"
"0x81d40f21f12a8f0e3252bccb954d722d4c464b64","Ethereum / EVM","secp256k1 / ECDSA","NO","0","","","","","1171","2026-05-20T06:04:32.409Z"
"0x81de5a468bdd2ac45b70500f123fda96195c51a7","Ethereum / EVM","secp256k1 / ECDSA","NO","0","","","","","1182","2026-05-20T06:04:40.596Z"
"0x81e27531578f2fe95242dac25febe768acd2e6f1","Ethereum / EVM","secp256k1 / ECDSA","NO","0","","","","","1149","2026-05-20T06:04:40.596Z"
"0x81ec739e6debc4adf4169d816af3fd1e92a2df20","Ethereum / EVM","secp256k1 / ECDSA","NO","0","","","","","1150","2026-05-20T06:04:40.596Z"
"0x81ec78710febbca8bd1550f5180d7d8eca45df20","Ethereum / EVM","secp256k1 / ECDSA","NO","0","","","","","1158","2026-05-20T06:05:03.702Z"
"0x8284cba2c554c94182425e137c8d54683c3040a0","Ethereum / EVM","secp256k1 / ECDSA","NO","0","","","","","131813","2026-05-20T06:23:28.300Z"
"0x81ec89d904df51696914aa99048ad6da2a26df20","Ethereum / EVM","secp256k1 / ECDSA","NO","0","","","","","16113","2026-05-20T06:05:03.702Z"
"0x81ecf098f94c0cc006fb84b9e827ac9b44aedf20","Ethereum / EVM","secp256k1 / ECDSA","NO","0","","","","","1158","2026-05-20T06:05:03.702Z"
"0x81f41c4d1142bba0fa8c46ae20d59d6022e432bc","Ethereum / EVM","secp256k1 / ECDSA","NO","0","","","","","1169","2026-05-20T06:05:13.033Z"
"0x81fb2b1ce5ac018ebddbcbd7503d706261d8ef21","Ethereum / EVM","secp256k1 / ECDSA","NO","0","","","","","1180","2026-05-20T06:05:13.033Z"
"0x8200965ab15b5081fa77eccd16480f89e41c6c9d","Ethereum / EVM","secp256k1 / ECDSA","NO","0","","","","","1164","2026-05-20T06:05:13.033Z"
"0x82024fbabf2cb1bfa045d2e89ab232f9681c6c9d","Ethereum / EVM","secp256k1 / ECDSA","NO","0","","","","","1167","2026-05-20T06:05:21.208Z"
"0x820297a84ee7d87c4c354e719898a936a4733988","Ethereum / EVM","secp256k1 / ECDSA","NO","0","","","","","1166","2026-05-20T06:05:21.208Z"
"0x8202f6b43e7557fea98729d2bc785c034b2466c1","Ethereum / EVM","secp256k1 / ECDSA","NO","0","","","","","1170","2026-05-20T06:05:21.208Z"
"0x820563f02ae3f4f7584422fd78de1d75274fab9f","Ethereum / EVM","secp256k1 / ECDSA","NO","0","","","","","1174","2026-05-20T06:05:30.693Z"
"0x82210d0e9c4f26d9d73799d5b7c5272c3cd1dda3","Ethereum / EVM","secp256k1 / ECDSA","NO","0","","","","","1223","2026-05-20T06:05:30.693Z"
"0x822138c2f86b1d16dd6e271d1a2418ceb6a856af","Ethereum / EVM","secp256k1 / ECDSA","NO","0","","","","","1231","2026-05-20T06:05:30.693Z"
"0x824dd5a907add862e375bb869830003093f337a6","Ethereum / EVM","secp256k1 / ECDSA","NO","0","","","","","1009","2026-05-20T06:16:08.101Z"
"0x825fa20957854148b0e59e4ecd1a1b4ec8d2c725","Ethereum / EVM","secp256k1 / ECDSA","NO","0","","","","Error: Scan timeout after 300s","632694","2026-05-20T06:16:08.101Z"
"0x827b60c0c19849f3e9fca4da6e5e77a89965579e","Ethereum / EVM","secp256k1 / ECDSA","NO","0","","","","","370","2026-05-20T06:16:08.101Z"
"0x8290333cef9e6d528dd5618fb97a76f268f3edd4","Ethereum / EVM","secp256k1 / ECDSA","NO","0","","","","","753","2026-05-20T06:23:28.300Z"
"0x82922d93a235594464c5d4e9e8a72a81deedc09c","Ethereum / EVM","secp256k1 / ECDSA","NO","0","","","","Error: Scan timeout after 300s","300001","2026-05-20T06:23:28.300Z"
"0x8292bb45bf1ee4d140127049757c2e0ff06317ed","Ethereum / EVM","secp256k1 / ECDSA","NO","0","","","","","703","2026-05-20T06:25:11.017Z"
"0x8296699759e195b9d9af5a1352ad1b7f1fa8fec6","Ethereum / EVM","secp256k1 / ECDSA","NO","0","","","","","94175","2026-05-20T06:25:11.017Z"
"0x82af49447d8a07e3bd95bd0d56f35241523fbab1","Ethereum / EVM","secp256k1 / ECDSA","NO","0","","","","","337","2026-05-20T06:25:11.017Z"
"0x82ba4e1d991ccf56783e696cabf0d0985f2a2086","Ethereum / EVM","secp256k1 / ECDSA","NO","0","","","","","70822","2026-05-20T06:26:27.256Z"
"0x82ba7e9dda33756a897829db46bef83a5498968c","Ethereum / EVM","secp256k1 / ECDSA","NO","0","","","","","3774","2026-05-20T06:26:27.256Z"
"0x82ccca87c2d1de3cb827a4650c22e743c9c4bb9b","Ethereum / EVM","secp256k1 / ECDSA","NO","0","","","","","836","2026-05-20T06:26:27.256Z"
"0x82e64f49ed5ec1bc6e43dad4fc8af9bb3a2312ee","Ethereum / EVM","secp256k1 / ECDSA","NO","0","","","","","1055","2026-05-20T06:26:40.593Z"
"0x82e694a64772877ab02b7c1fa276f3225c72a3b0","Ethereum / EVM","secp256k1 / ECDSA","NO","0","","","","","6180","2026-05-20T06:26:40.593Z"
"0x82e88a0a7719e717a6a97268b8343061033d8be1","Ethereum / EVM","secp256k1 / ECDSA","NO","0","","","","","1527","2026-05-20T06:26:40.593Z"
"0x82f576f37f666187a10020d7ec3ae4b9230f0a22","Ethereum / EVM","secp256k1 / ECDSA","NO","0","","","","","9105","2026-05-20T06:26:59.668Z"
"0x830b6fbabb6bc773123d1293dd7960a327360474","Ethereum / EVM","secp256k1 / ECDSA","NO","0","","","","","1193","2026-05-20T06:26:59.668Z"
"0x83145fc1b130c90ee379baf5fe475540f5c36380","Ethereum / EVM","secp256k1 / ECDSA","NO","0","","","","","1193","2026-05-20T06:26:59.668Z"
"0x8315177ab297ba92a06054ce80a67ed4dbd7ed3a","Ethereum / EVM","secp256k1 / ECDSA","NO","0","","","","","1187","2026-05-20T06:27:09.139Z"
"0x83241449006c0249ad705f73f736a4bda864f738","Ethereum / EVM","secp256k1 / ECDSA","NO","0","","","","","1174","2026-05-20T06:27:09.139Z"
"0x8329d783f96e48d50f0f1f5a3c7f83b73a5c0218","Ethereum / EVM","secp256k1 / ECDSA","NO","0","","","","","1190","2026-05-20T06:27:09.139Z"
"0x8333e3b6cdebdf7f74eccc0dfc7c1f48d62e46e3","Ethereum / EVM","secp256k1 / ECDSA","NO","0","","","","","1173","2026-05-20T06:27:16.226Z"
"0x85270aeb6e1c85f770dc3c2d78fcd9d641dec43a","Ethereum / EVM","secp256k1 / ECDSA","NO","0","","","","","6413","2026-05-20T06:48:01.810Z"
"0x852dc1c875f0117ea0808610010893e4c576b6a9","Ethereum / EVM","secp256k1 / ECDSA","NO","0","","","","Error: Scan timeout after 300s","1064920","2026-05-20T06:48:01.810Z"
"0x833589fcd6edb6e08f4c7c32d4f71b54bda02913","Ethereum / EVM","secp256k1 / ECDSA","NO","0","","","","","1190","2026-05-20T06:27:16.226Z"
"0x833b72d426734b735448c4135fe5a808039ec047","Ethereum / EVM","secp256k1 / ECDSA","NO","0","","","","","1182","2026-05-20T06:27:16.226Z"
"0x8379b34e658e0d33aed468e360f988f1078457d4","Ethereum / EVM","secp256k1 / ECDSA","NO","0","","","","","1188","2026-05-20T06:27:32.574Z"
"0x83819bf7e906bcf57e9f5b20453a2eff43f3845c","Ethereum / EVM","secp256k1 / ECDSA","NO","0","","","","","1176","2026-05-20T06:27:32.574Z"
"0x839a73f697e4c93333a9e1ad712659ff0151303c","Ethereum / EVM","secp256k1 / ECDSA","NO","0","","","","","1169","2026-05-20T06:27:32.574Z"
"0x839afe2a5977771b034d95e2f0ab668c5711303c","Ethereum / EVM","secp256k1 / ECDSA","NO","0","","","","","1196","2026-05-20T06:27:40.871Z"
"0x83a27b9dbfcec25503b4d00f55e477efd653d10a","Ethereum / EVM","secp256k1 / ECDSA","NO","0","","","","","1176","2026-05-20T06:27:40.871Z"
"0x83d10e4698efb8a0bd3cafad6c950572905d5ca1","Ethereum / EVM","secp256k1 / ECDSA","NO","0","","","","","1188","2026-05-20T06:27:40.871Z"
"0x834155593132021da0ab92dd47db20427b35fb58","Ethereum / EVM","secp256k1 / ECDSA","NO","0","","","","","1203","2026-05-20T06:27:24.548Z"
"0x834fd4ad64abe0628d6bb0743692877ea01d14e2","Ethereum / EVM","secp256k1 / ECDSA","NO","0","","","","","1188","2026-05-20T06:27:24.548Z"
"0x8356eb53c6d97b1da86be5c4d7050fb6f33b5cd9","Ethereum / EVM","secp256k1 / ECDSA","NO","0","","","","","1206","2026-05-20T06:27:24.548Z"
"0x83d1754dd1315a433461a014da950422905d5ca1","Ethereum / EVM","secp256k1 / ECDSA","NO","0","","","","","1186","2026-05-20T06:27:54.678Z"
"0x83d1920d0b1a354fc1d81165af80a122905d5ca1","Ethereum / EVM","secp256k1 / ECDSA","NO","0","","","","","1192","2026-05-20T06:27:54.678Z"
"0x83d3c81436413e16f7e523a041397f037c1b5a00","Ethereum / EVM","secp256k1 / ECDSA","NO","0","","","","","5546","2026-05-20T06:27:54.678Z"
"0x83d7ed598e805ad63ce27d777d8a77d2585d5ca1","Ethereum / EVM","secp256k1 / ECDSA","NO","0","","","","","1195","2026-05-20T06:28:05.654Z"
"0x83e2f6fef9f6105d567f92c52329d0b311a0a762","Ethereum / EVM","secp256k1 / ECDSA","NO","0","","","","","1207","2026-05-20T06:28:05.654Z"
"0x83ef18904f8f7b7e116da698c4225a768e6da26d","Ethereum / EVM","secp256k1 / ECDSA","NO","0","","","","","1192","2026-05-20T06:28:05.654Z"
"0x841d4a01a326b1ed6ab76ffd86675e59bacb5997","Ethereum / EVM","secp256k1 / ECDSA","NO","0","","","","","1304","2026-05-20T06:28:13.514Z"
"0x841ed663f2636863d40be4ee76243377dff13a34","Ethereum / EVM","secp256k1 / ECDSA","NO","0","","","","","1061","2026-05-20T06:28:13.514Z"
"0x8422acc8ecc1fe42916275ab2770acbd8aebbf9f","Ethereum / EVM","secp256k1 / ECDSA","NO","0","","","","","1049","2026-05-20T06:28:13.514Z"
"0x8426e534df605f6357f46ea1ad02d6ce04323c35","Ethereum / EVM","secp256k1 / ECDSA","NO","0","","","","","1785","2026-05-20T06:28:32.194Z"
"0x8428143aa21484d6b26897d54699576b68d8247b","Ethereum / EVM","secp256k1 / ECDSA","NO","0","","","","","1023","2026-05-20T06:28:32.194Z"
"0x842875b83806be58046480489563fc61635bb643","Ethereum / EVM","secp256k1 / ECDSA","NO","0","","","","","11247","2026-05-20T06:28:32.194Z"
"0x8444dc3ef9ea5a901a26398bca64ff33a57d8bac","Ethereum / EVM","secp256k1 / ECDSA","NO","0","","","","","29445","2026-05-20T06:29:06.271Z"
"0x846103eeb02fb8433de89caaa7ef3c8035dcfd84","Ethereum / EVM","secp256k1 / ECDSA","NO","0","","","","","1204","2026-05-20T06:29:06.271Z"
"0x855ad046c2fdcb816325d37775866f8d2d2e55ca","Ethereum / EVM","secp256k1 / ECDSA","NO","0","","","","","2701","2026-05-20T06:57:50.032Z"
"0x84610a6f0ab48e05304417bd990ec9742d5cfd84","Ethereum / EVM","secp256k1 / ECDSA","NO","0","","","","","1188","2026-05-20T06:29:06.271Z"
"0x84610cde50089018e30c502e1c8ea35315b3fd84","Ethereum / EVM","secp256k1 / ECDSA","NO","0","","","","","1165","2026-05-20T06:29:12.767Z"
"0x8474baf7ccdf39d99349d729632bf2abf694ad0b","Ethereum / EVM","secp256k1 / ECDSA","NO","0","","","","","1161","2026-05-20T06:29:12.767Z"
"0x8480f2935d8e8120c20017adc75ecc1984620b0d","Ethereum / EVM","secp256k1 / ECDSA","NO","0","","","","","1161","2026-05-20T06:29:12.767Z"
"0x8484573397827f909a86dc87224cde71dc976edd","Ethereum / EVM","secp256k1 / ECDSA","NO","0","","","","","1173","2026-05-20T06:29:20.949Z"
"0x84a0b256045e83a775a4c0dcd48b6ae097569135","Ethereum / EVM","secp256k1 / ECDSA","NO","0","","","","","1168","2026-05-20T06:29:20.949Z"
"0x84a518a35c7c361c64301b8f209c2f0edb6f608d","Ethereum / EVM","secp256k1 / ECDSA","NO","0","","","","","1175","2026-05-20T06:29:20.949Z"
"0x84a917f50b16d1564d53ac85c63d7c48b645d87d","Ethereum / EVM","secp256k1 / ECDSA","NO","0","","","","","1199","2026-05-20T06:29:29.280Z"
"0x84bbc67b11881fdaffb4f0ca10a3a07300a151a6","Ethereum / EVM","secp256k1 / ECDSA","NO","0","","","","","1193","2026-05-20T06:29:29.280Z"
"0x84f67ef98ebe90eea97e1592d2bcbbb5f7bbfd69","Ethereum / EVM","secp256k1 / ECDSA","NO","0","","","","","1212","2026-05-20T06:29:29.280Z"
"0x84f89187390fc36ccbc96a466e99b12d7b697b61","Ethereum / EVM","secp256k1 / ECDSA","NO","0","","","","","1177","2026-05-20T06:30:01.142Z"
"0x8505b9d2254a7ae468c0e9dd10ccea3a837aef5c","Ethereum / EVM","secp256k1 / ECDSA","NO","0","","","","","1799","2026-05-20T06:30:01.142Z"
"0x851d1c99887d299c3f9861403bede316633dc8d2","Ethereum / EVM","secp256k1 / ECDSA","NO","0","","","","","23877","2026-05-20T06:30:01.142Z"
"0x85224cd4d187d22f4976f6ca5773e859939e578e","Ethereum / EVM","secp256k1 / ECDSA","NO","0","","","","","3209","2026-05-20T06:48:01.810Z"
"0x8572fbb31a62f4f4010de68a27fb54043b49e8d1","Ethereum / EVM","secp256k1 / ECDSA","NO","0","","","","","696","2026-05-20T06:57:50.032Z"
"0x8574cbc539c26df9ec11ba283218268101ff10e1","Ethereum / EVM","secp256k1 / ECDSA","NO","0","","","","","734","2026-05-20T06:59:57.148Z"
"0x857a61eb69d0168cd25c37a467ac134e8e431886","Ethereum / EVM","secp256k1 / ECDSA","NO","0","","","","","7512","2026-05-20T06:59:57.148Z"
"0x8597c46c9f2dfa4df7a4700c5756320b0b4cdda8","Ethereum / EVM","secp256k1 / ECDSA","NO","0","","","","","111366","2026-05-20T06:59:57.148Z"
"0x859cd4fbc034c56fde3cb7ff89590f486eda1d60","Ethereum / EVM","secp256k1 / ECDSA","NO","0","","","","","1033","2026-05-20T07:00:04.826Z"
"0x85abcbc901463cf36849d8f17eeddecae5bee69a","Ethereum / EVM","secp256k1 / ECDSA","NO","0","","","","","1012","2026-05-20T07:00:04.826Z"
"0x85ac393addd65bcf6ab0999f2a5c064e867f255f","Ethereum / EVM","secp256k1 / ECDSA","NO","0","","","","","1036","2026-05-20T07:00:04.826Z"
"0x85b1345cb616e4ed3557015479e4599e9db558b9","Ethereum / EVM","secp256k1 / ECDSA","NO","0","","","","","15962","2026-05-20T07:00:36.022Z"
"0x85b1770ed724306e66277c3ddc49760708c7a1c1","Ethereum / EVM","secp256k1 / ECDSA","NO","0","","","","","6535","2026-05-20T07:00:36.022Z"
"0x85b340c63e4b8269d75110802d41ada54ff4e86c","Ethereum / EVM","secp256k1 / ECDSA","NO","0","","","","","3736","2026-05-20T07:00:36.022Z"
"0x85b931a32a0725be14285b66f1a22178c672d69b","Ethereum / EVM","secp256k1 / ECDSA","NO","0","","","","Error: Scan timeout after 300s","956868","2026-05-20T07:24:45.738Z"
"0x85e22f566ec96e64023421b379c256bf2c79df15","Ethereum / EVM","secp256k1 / ECDSA","NO","0","","","","Error: Scan timeout after 300s","484665","2026-05-20T07:24:45.738Z"
"0x85f28f68808528d0f1f2dfdb4b0c25aa6dc79b65","Ethereum / EVM","secp256k1 / ECDSA","NO","0","","","","","2131","2026-05-20T07:24:45.738Z"
"0x861240ef63de512a41047d53c8864c262c625b3a","Ethereum / EVM","secp256k1 / ECDSA","NO","0","","","","","468","2026-05-20T07:28:58.493Z"
"0x8612671c9cf178433cdbf426aee02a6355e95b3a","Ethereum / EVM","secp256k1 / ECDSA","NO","0","","","","","244834","2026-05-20T07:28:58.493Z"
"0x861995cf8b751f21d61dedaf4bbf00b37ecf662d","Ethereum / EVM","secp256k1 / ECDSA","NO","0","","","","","1513","2026-05-20T07:28:58.493Z"
"0x8626883ed9fea0bab4d39bd4b5ff131dc800924d","Ethereum / EVM","secp256k1 / ECDSA","NO","0","","","","","31285","2026-05-20T07:29:39.236Z"
"0x8632263eDe29A102BE6D207afEcCd4dE4897f451","Ethereum / EVM","secp256k1 / ECDSA","NO","0","","","","","1021","2026-05-20T07:29:39.236Z"
"0x86644f766d7e13c90d605875997a2ff94df22685","Ethereum / EVM","secp256k1 / ECDSA","NO","0","","","","","15375","2026-05-20T07:30:05.627Z"
"0x8682c38765bfb112435792facd41afe3b620a609","Ethereum / EVM","secp256k1 / ECDSA","NO","0","","","","","1244","2026-05-20T07:30:05.627Z"
"0x868ad01417b36808e6b63fc6a76662daa1739a01","Ethereum / EVM","secp256k1 / ECDSA","NO","0","","","","","1171","2026-05-20T07:30:18.251Z"
"0x8696e84ab5e78983f2456bcb5c199eea9648c8c2","Ethereum / EVM","secp256k1 / ECDSA","NO","0","","","","","1174","2026-05-20T07:30:18.251Z"
"0x86c6e01e7cdc04affa4616bf5076e9822d67eca9","Ethereum / EVM","secp256k1 / ECDSA","NO","0","","","","","1178","2026-05-20T07:30:18.251Z"
"0x86dbea5f1bdead7e0cdc78a9899dbf48141e74e5","Ethereum / EVM","secp256k1 / ECDSA","NO","0","","","","","1181","2026-05-20T07:30:26.568Z"
"0x86e56b238e9ca94bce11a8d4da18370fb95b5838","Ethereum / EVM","secp256k1 / ECDSA","NO","0","","","","","1192","2026-05-20T07:30:26.568Z"
"0x86e7c44af6ec76b387a0654d1c6fb3be9b6e33d6","Ethereum / EVM","secp256k1 / ECDSA","NO","0","","","","","1190","2026-05-20T07:30:26.568Z"
"0x870dbece6df0101f20043af3bcc35d222c883f40","Ethereum / EVM","secp256k1 / ECDSA","NO","0","","","","","1184","2026-05-20T07:30:34.673Z"
"0x87301578690ab01b9dbb702bfbec143a829d3e31","Ethereum / EVM","secp256k1 / ECDSA","NO","0","","","","","1229","2026-05-20T07:30:34.673Z"
"0x87482e84503639466fad82d1dce97f800a410945","Ethereum / EVM","secp256k1 / ECDSA","NO","0","","","","","1210","2026-05-20T07:30:34.673Z"
"0x874bf181664f0783f719f8607be0ab07bccfd220","Ethereum / EVM","secp256k1 / ECDSA","NO","0","","","","","4855","2026-05-20T07:31:09.759Z"
"0x875aead5f5fceef5707a46688fa1f78d3af8876d","Ethereum / EVM","secp256k1 / ECDSA","NO","0","","","","","3569","2026-05-20T07:31:09.759Z"
"0x87624d5eaccad5f6ac70a5f16baa4941865255f5","Ethereum / EVM","secp256k1 / ECDSA","NO","0","","","","","22407","2026-05-20T07:31:09.759Z"
"0x87a8fbbed77fdeaee07697e6bb93aceed3d729f7","Ethereum / EVM","secp256k1 / ECDSA","NO","0","","","","","5889","2026-05-20T07:31:35.799Z"
"0x87d18ee84e8f4f5709cbf3500179a4c601da12ce","Ethereum / EVM","secp256k1 / ECDSA","NO","0","","","","","11110","2026-05-20T07:31:35.799Z"
"0x87d3cdd695e48fb307a84f5a4059eea02f3283c9","Ethereum / EVM","secp256k1 / ECDSA","NO","0","","","","","1361","2026-05-20T07:31:35.799Z"
"0x87d93d9b2c672bf9c9642d853a8682546a5012b5","Ethereum / EVM","secp256k1 / ECDSA","NO","0","","","","","1339","2026-05-20T07:31:44.531Z"
"0x87da189f14b830bff18b721969348f8a2c610579","Ethereum / EVM","secp256k1 / ECDSA","NO","0","","","","","1349","2026-05-20T07:31:44.531Z"
"0x87e9a254c1cf38489678cbda9b4afb3634cf7b22","Ethereum / EVM","secp256k1 / ECDSA","NO","0","","","","","1361","2026-05-20T07:31:44.531Z"
"0x880483b48be1ca858fc3d29b16959762c25dcdd0","Ethereum / EVM","secp256k1 / ECDSA","NO","0","","","","","1365","2026-05-20T07:31:52.672Z"
"0x8804a41150cd0332541c0ab40d5c5782d2c1cdd0","Ethereum / EVM","secp256k1 / ECDSA","NO","0","","","","","1362","2026-05-20T07:31:52.672Z"
"0x880c3c2d0d1b22cec8b7acc8ca98f41af2c1cdd0","Ethereum / EVM","secp256k1 / ECDSA","NO","0","","","","","1358","2026-05-20T07:31:52.672Z"
"0x881d40237659c251811cec9c364ef91dc08d300c","Ethereum / EVM","secp256k1 / ECDSA","NO","0","","","","","1348","2026-05-20T07:32:00.772Z"
"0x881ee78359d436e5ca859f843831c362a0e92735","Ethereum / EVM","secp256k1 / ECDSA","NO","0","","","","","1351","2026-05-20T07:32:00.772Z"
"0x881f1c3288c9ebee5d6690cb7f40155e76e85659","Ethereum / EVM","secp256k1 / ECDSA","NO","0","","","","","1353","2026-05-20T07:32:00.772Z"
"0x881fe3de4da0580557b0fe13bde962a59ce85659","Ethereum / EVM","secp256k1 / ECDSA","NO","0","","","","","1334","2026-05-20T07:32:09.743Z"
"0x8829ad80e425c646dab305381ff105169feece56","Ethereum / EVM","secp256k1 / ECDSA","NO","0","","","","","1205","2026-05-20T07:32:09.743Z"
"0x8846ff6bc7c61863828dbb4baaa41dfe61d35748","Ethereum / EVM","secp256k1 / ECDSA","NO","0","","","","","1194","2026-05-20T07:32:09.743Z"
"0x884800dd724c67657be52c3f2b1b020e647e9aa0","Ethereum / EVM","secp256k1 / ECDSA","NO","0","","","","","9538","2026-05-20T07:32:24.464Z"
"0x884acc7c299b9c527eed6ef7ccfa768680963c11","Ethereum / EVM","secp256k1 / ECDSA","NO","0","","","","","1010","2026-05-20T07:32:24.464Z"
"0x885a7883750f010d8812c511d6de9ef251dff19f","Ethereum / EVM","secp256k1 / ECDSA","NO","0","","","","","1018","2026-05-20T07:32:24.464Z"
"0x8861918b0dda9a3764790320c24fcf7dba54272e","Ethereum / EVM","secp256k1 / ECDSA","NO","0","","","","","1013","2026-05-20T07:32:32.325Z"
"0x88730d254a2f7e6ac8388c3198afd694ba9f7fae","Ethereum / EVM","secp256k1 / ECDSA","NO","0","","","","","998","2026-05-20T07:32:32.325Z"
"0x8879d2325a5c7368f8563985f8f6043d855067b6","Ethereum / EVM","secp256k1 / ECDSA","NO","0","","","","","1011","2026-05-20T07:32:32.325Z"
"0x887e859de5eb4419173651451013774b5af25843","Ethereum / EVM","secp256k1 / ECDSA","NO","0","","","","","6992","2026-05-20T07:32:46.324Z"
"0x8888888884f8b3a2f807bcab71274a6a70064d2d","Ethereum / EVM","secp256k1 / ECDSA","NO","0","","","","","1018","2026-05-20T07:32:46.324Z"
"0x88888c037df4527933fa8ab203a89e1e6e58db70","Ethereum / EVM","secp256k1 / ECDSA","NO","0","","","","","1026","2026-05-20T07:32:46.324Z"
"0x888d536b4952e7eb1e3ed90f65a65bd8a81e4ff7","Ethereum / EVM","secp256k1 / ECDSA","NO","0","","","","","6701","2026-05-20T07:33:11.903Z"
"0x889c3335eedcabac5cd49780c5dd3cbe43b9d1e0","Ethereum / EVM","secp256k1 / ECDSA","NO","0","","","","","10497","2026-05-20T07:33:11.903Z"
"0x889edc2edab5f40e902b864ad4d7ade8e412f9b1","Ethereum / EVM","secp256k1 / ECDSA","NO","0","","","","","1024","2026-05-20T07:33:11.903Z"
"0x88a4492c5beadb0dddab6dcdaab74a29af800b8d","Ethereum / EVM","secp256k1 / ECDSA","NO","0","","","","","1027","2026-05-20T07:35:41.453Z"
"0x88dcdd4a0a58b7e2208805d547043c37dca2b6dc","Ethereum / EVM","secp256k1 / ECDSA","NO","0","","","","","140011","2026-05-20T07:35:41.453Z"
"0x88fa8efe6c3a9b233078d62cb74f3fa4fd13f1c6","Ethereum / EVM","secp256k1 / ECDSA","NO","0","","","","","2187","2026-05-20T07:35:41.453Z"
"0x88ff1e5b602916615391f55854588efcbb7663f0","Ethereum / EVM","secp256k1 / ECDSA","NO","0","","","","","646","2026-05-20T07:36:11.591Z"
"0x8907680725c50db0b6f857d25e0dabcc12ee2d61","Ethereum / EVM","secp256k1 / ECDSA","NO","0","","","","","1002","2026-05-20T07:36:11.591Z"
"0x8907792e910c6e703499edb657ff068ff6fe2d61","Ethereum / EVM","secp256k1 / ECDSA","NO","0","","","","","21008","2026-05-20T07:36:11.591Z"
"0x89079d6a115d87caadbd6bf44df8fe1b57ea2d61","Ethereum / EVM","secp256k1 / ECDSA","NO","0","","","","","4073","2026-05-20T07:46:13.422Z"
"0x8907c46657c18c7e12efce6ae7e820cc12ee2d61","Ethereum / EVM","secp256k1 / ECDSA","NO","0","","","","Error: Scan timeout after 300s","589414","2026-05-20T07:46:13.422Z"
"0x8907f5354e27e6ed48d7740e55dbb06c12ee2d61","Ethereum / EVM","secp256k1 / ECDSA","NO","0","","","","","997","2026-05-20T07:46:13.422Z"
"0x89111393af314e9c14b465d4910594ee949d4062","Ethereum / EVM","secp256k1 / ECDSA","NO","0","","","","","799","2026-05-20T07:47:09.031Z"
"0x89128057ede7bd46943fe7684876d448a5aff17d","Ethereum / EVM","secp256k1 / ECDSA","NO","0","","","","","42762","2026-05-20T07:47:09.031Z"
"0x89309e6fb6905ae164bf447db4e9cd95695ed817","Ethereum / EVM","secp256k1 / ECDSA","NO","0","","","","","4738","2026-05-20T07:47:09.031Z"
"0x893e4a676ed13555664a83819f464616b76f72a8","Ethereum / EVM","secp256k1 / ECDSA","NO","0","","","","","5874","2026-05-20T07:47:18.227Z"
"0x893ff957806f1a7c9386c41b8a42e6f28fba2966","Ethereum / EVM","secp256k1 / ECDSA","NO","0","","","","","1272","2026-05-20T07:47:18.227Z"
"0x894b3416a4113f746ef072cb189c1326aa65b9bd","Ethereum / EVM","secp256k1 / ECDSA","NO","0","","","","","1043","2026-05-20T07:47:18.227Z"
"0x894befeaa79797ea811c8ed6608e87cfa206b80f","Ethereum / EVM","secp256k1 / ECDSA","NO","0","","","","","1018","2026-05-20T07:48:45.265Z"
"0x897639c80a56b1ebb3c260690d4df77aa6d73b19","Ethereum / EVM","secp256k1 / ECDSA","NO","0","","","","","1047","2026-05-20T07:48:45.265Z"
"0x89829442af80bbd974a4eb6303fe8e6d9b15beff","Ethereum / EVM","secp256k1 / ECDSA","NO","0","","","","","76964","2026-05-20T07:48:45.265Z"
"0x8986adc5a0f4b455df37623389729963a2e2946f","Ethereum / EVM","secp256k1 / ECDSA","NO","0","","","","Error: Scan timeout after 300s","758455","2026-05-24T03:04:48.194Z"
"0x898dbc7d1b902b1e20bc4445929abd0a515410b5","Ethereum / EVM","secp256k1 / ECDSA","NO","0","","","","","1115","2026-05-24T03:04:48.194Z"
"0x89b2239407d56d680a1551113c0946c8a9cbddea","Ethereum / EVM","secp256k1 / ECDSA","NO","0","","","","","159","2026-05-24T03:04:48.194Z"
"0x89b635dc3568a7c0be1551d9c1366e835556b15c","Ethereum / EVM","secp256k1 / ECDSA","NO","0","","","","","61952","2026-05-24T03:06:13.139Z"
"0x89b6a185e3a7c1efdb4363df2e9dfa0195cd7193","Ethereum / EVM","secp256k1 / ECDSA","NO","0","","","","","5849","2026-05-24T03:06:13.139Z"
"0x89bbe2dd4b7d1c7963f8be03b35cce7efa108a9e","Ethereum / EVM","secp256k1 / ECDSA","NO","0","","","","","10345","2026-05-24T03:06:13.139Z"
"0x89c35ab60fd3d6f0b709ba2f9ca1fbd6d8dfd43c","Ethereum / EVM","secp256k1 / ECDSA","NO","0","","","","","4843","2026-05-24T03:06:31.586Z"
"0x89d0d236a2859f60ffffde4ef29f370f8640a3da","Ethereum / EVM","secp256k1 / ECDSA","NO","0","","","","","292","2026-05-24T03:06:31.586Z"
"0x89d293aec05c79afd53a5a1d248953cdaddad9d2","Ethereum / EVM","secp256k1 / ECDSA","NO","0","","","","","6674","2026-05-24T03:06:31.586Z"
"0x89d98e8c7042f1023d23bbedeb35deae72e34014","Ethereum / EVM","secp256k1 / ECDSA","NO","0","","","","","15339","2026-05-24T03:06:54.797Z"
"0x89e51fa8ca5d66cd220baed62ed01e8951aa7c40","Ethereum / EVM","secp256k1 / ECDSA","NO","0","","","","","1148","2026-05-24T03:06:54.797Z"
"0x89eac243fcdb2dd406906646f7575104c5c2fb10","Ethereum / EVM","secp256k1 / ECDSA","NO","0","","","","","1159","2026-05-24T03:06:54.797Z"
"0x8a108e4761386c94b8d2f98a5ffe13e472cfe76a","Ethereum / EVM","secp256k1 / ECDSA","NO","0","","","","","1058","2026-05-24T03:07:03.431Z"
"0x8a3248fa5185c2781fa1d3055444910629df210d","Ethereum / EVM","secp256k1 / ECDSA","NO","0","","","","","1058","2026-05-24T03:07:03.431Z"
"0x8a348ffeb80fdaeba81aac5545a27686050d4aa5","Ethereum / EVM","secp256k1 / ECDSA","NO","0","","","","","1036","2026-05-24T03:07:03.431Z"
"0x8a37faecca054e53b8a6d505f8d2071d72385333","Ethereum / EVM","secp256k1 / ECDSA","NO","0","","","","","1238","2026-05-24T03:08:04.895Z"
"0x8a5a738600e11f793cc4971d0e8d5d54e874b482","Ethereum / EVM","secp256k1 / ECDSA","NO","0","","","","","54174","2026-05-24T03:08:04.895Z"
"0x8a70bd508c643ba9e8c56f8c31d6fe8464130660","Ethereum / EVM","secp256k1 / ECDSA","NO","0","","","","","1201","2026-05-24T03:08:04.895Z"
"0x8a8f0592c973d82f60daa055d2fdd2331f58a6cb","Ethereum / EVM","secp256k1 / ECDSA","NO","0","","","","","298529","2026-05-24T03:13:08.978Z"
"0x8a8fe368e0102933a64647eff99fe7588358a6cb","Ethereum / EVM","secp256k1 / ECDSA","NO","0","","","","","781","2026-05-24T03:13:08.978Z"
"0x8a971210709d130a015d72085e327b6a6b81c75b","Ethereum / EVM","secp256k1 / ECDSA","NO","0","","","","","781","2026-05-24T03:13:08.978Z"
"0x8aa24209a3d5fd56bb9321c1fdb568c883eda39f","Ethereum / EVM","secp256k1 / ECDSA","NO","0","","","","","4784","2026-05-24T03:14:00.718Z"
"0x8acbf37bc020a62942316aa52f33f3e4f6e22034","Ethereum / EVM","secp256k1 / ECDSA","NO","0","","","","","3200","2026-05-24T03:14:00.718Z"
"0x8acce06715c04b05097cb55c7dbc987014e3287a","Ethereum / EVM","secp256k1 / ECDSA","NO","0","","","","","38010","2026-05-24T03:14:00.718Z"
"0x8ad1db8d040aea4fc0a2ebc1bed2a72de40f81cb","Ethereum / EVM","secp256k1 / ECDSA","NO","0","","","","","4093","2026-05-24T03:14:16.225Z"
"0x8ad1e0f02b2573cbb1ef415a60d6bc3175a26b0a","Ethereum / EVM","secp256k1 / ECDSA","NO","0","","","","","4664","2026-05-24T03:14:16.225Z"
"0x8adee124447435fe03e3cd24df3f4cae32e65a3e","Ethereum / EVM","secp256k1 / ECDSA","NO","0","","","","","383","2026-05-24T03:14:16.225Z"
"0x8ae446aea79031eaa281be882ccd0903cd1d2efd","Ethereum / EVM","secp256k1 / ECDSA","NO","0","","","","","604","2026-05-24T04:06:47.566Z"
"0x8afaacdfaab4a6938a2da1705a6a2679bfc74e63","Ethereum / EVM","secp256k1 / ECDSA","NO","0","","","","Error: Scan timeout after 300s","765404","2026-05-24T04:06:47.566Z"
"0x8bc10e1cd1dbc069df54e8d7e238a9dd802e9791","Ethereum / EVM","secp256k1 / ECDSA","NO","0","","","","","1394","2026-05-24T04:07:47.258Z"
"0x8be45cb2ed624bccf4fa17c6a606f524c1b989d9","Ethereum / EVM","secp256k1 / ECDSA","NO","0","","","","","1371","2026-05-24T04:07:47.258Z"
"0x8afcbc10787b5fed90cb0fe3673be944081755a5","Ethereum / EVM","secp256k1 / ECDSA","NO","0","","","","","1608","2026-05-24T04:06:47.566Z"
"0x8b087c364cf6dd450c8f11b868e0857cb3e95ca2","Ethereum / EVM","secp256k1 / ECDSA","NO","0","","","","","377","2026-05-24T04:06:59.916Z"
"0x8b210523b368368cd5350d18d88cf0a4559f1ada","Ethereum / EVM","secp256k1 / ECDSA","NO","0","","","","","2553","2026-05-24T04:06:59.916Z"
"0x8b29be038bd8ed1129102796a660aa6dee4078b4","Ethereum / EVM","secp256k1 / ECDSA","NO","0","","","","","2982","2026-05-24T04:06:59.916Z"
"0x8b2a24c33a7608ada3a00cbd0bde8785d1c5db12","Ethereum / EVM","secp256k1 / ECDSA","NO","0","","","","","3814","2026-05-24T04:07:10.830Z"
"0x8b34b14c7c7123459cf3076b8cb929be097d0c07","Ethereum / EVM","secp256k1 / ECDSA","NO","0","","","","","453","2026-05-24T04:07:10.830Z"
"0x8b488fa05f0a1f470f4c5cd54d8d85d6d4051ed7","Ethereum / EVM","secp256k1 / ECDSA","NO","0","","","","","4417","2026-05-24T04:07:10.830Z"
"0x8b5e1c44ad296d28519ccc0c10c5c6d56c974efb","Ethereum / EVM","secp256k1 / ECDSA","NO","0","","","","","771","2026-05-24T04:07:33.031Z"
"0x8b66b02c71fad1f37a25ed90d6df221ba302bc3d","Ethereum / EVM","secp256k1 / ECDSA","NO","0","","","","","6473","2026-05-24T04:07:33.031Z"
"0x8b7007cda756c91b8938b61aae6a6dee06775748","Ethereum / EVM","secp256k1 / ECDSA","NO","0","","","","","6609","2026-05-24T04:07:33.031Z"
"0x8b729e485b578164d300a6ac7bab3de6df5edca1","Ethereum / EVM","secp256k1 / ECDSA","NO","0","","","","","1428","2026-05-24T04:07:39.573Z"
"0x8ba1da1e9dd22f4648a2a8ec436369dfb5c7cb43","Ethereum / EVM","secp256k1 / ECDSA","NO","0","","","","","1389","2026-05-24T04:07:39.573Z"
"0x8bb2a5bdeec21f511d69f180267515578644dc5d","Ethereum / EVM","secp256k1 / ECDSA","NO","0","","","","","1414","2026-05-24T04:07:39.573Z"
"0x8be46b25d59616e594f0a9e20147fb14c1b989d9","Ethereum / EVM","secp256k1 / ECDSA","NO","0","","","","","1381","2026-05-24T04:07:47.258Z"
"0x8bea1f62abfd7e47b7bf4da3c8bb562fd823938a","Ethereum / EVM","secp256k1 / ECDSA","NO","0","","","","","1428","2026-05-24T04:07:55.638Z"
"0x8bec971556f078243e30c292b9b0ce701f75d62c","Ethereum / EVM","secp256k1 / ECDSA","NO","0","","","","","1394","2026-05-24T04:07:55.638Z"
"0x8c1075c26140cfcd77e4bd4b960b2331ddec23dc","Ethereum / EVM","secp256k1 / ECDSA","NO","0","","","","","1389","2026-05-24T04:07:55.638Z"
"0x8c46f5fa6c2fa2a21a59398ace460ac5477017bd","Ethereum / EVM","secp256k1 / ECDSA","NO","0","","","","","1374","2026-05-24T04:08:03.884Z"
"0x8c4a80f760be9edca6b95d334355bb558e30c913","Ethereum / EVM","secp256k1 / ECDSA","NO","0","","","","","1375","2026-05-24T04:08:03.884Z"
"0x8c573b54b252b55f9659d7aac2341bed68a7d382","Ethereum / EVM","secp256k1 / ECDSA","NO","0","","","","","1388","2026-05-24T04:08:03.884Z"
"0x8c6efb5eb2923a4e9901b35f663929508f1ede89","Ethereum / EVM","secp256k1 / ECDSA","NO","0","","","","","1241","2026-05-24T04:08:11.712Z"
"0x8c85553731159fd58b480fab665e9169376ba1eb","Ethereum / EVM","secp256k1 / ECDSA","NO","0","","","","","1255","2026-05-24T04:08:11.712Z"
"0x8c8d7c46219d9205f056f28fee5950ad564d7465","Ethereum / EVM","secp256k1 / ECDSA","NO","0","","","","","1275","2026-05-24T04:08:11.712Z"
"0x8c968be5e9daac135d2d2f88e910042b73b8c0d1","Ethereum / EVM","secp256k1 / ECDSA","NO","0","","","","","1111","2026-05-24T04:08:19.359Z"
"0x8c96edc82d111e3c5686f5abe738a82d54d0b887","Ethereum / EVM","secp256k1 / ECDSA","NO","0","","","","","1095","2026-05-24T04:08:19.359Z"
"0x8ca0eb9afedda34521e68166933e0d06d4f5b905","Ethereum / EVM","secp256k1 / ECDSA","NO","0","","","","","1138","2026-05-24T04:08:19.359Z"
"0x8cc925be158a50166a0444cc429f802df231357e","Ethereum / EVM","secp256k1 / ECDSA","NO","0","","","","","1082","2026-05-24T04:08:27.364Z"
"0x8cc9a2a0254f18fff47edd5c10d0fc70ebf2357e","Ethereum / EVM","secp256k1 / ECDSA","NO","0","","","","","1081","2026-05-24T04:08:27.364Z"
"0x8cc9df878fb27a62b66114a1aed412073f89357e","Ethereum / EVM","secp256k1 / ECDSA","NO","0","","","","","1084","2026-05-24T04:08:27.364Z"
"0x8ce13c17b9c9cae9193538dc2a64ca7be07e2c00","Ethereum / EVM","secp256k1 / ECDSA","NO","0","","","","","86468","2026-05-24T04:11:26.209Z"
"0x8cf09371271b5c70d3a855f49650648d05b7a434","Ethereum / EVM","secp256k1 / ECDSA","NO","0","","","","","6289","2026-05-24T04:11:26.209Z"
"0x8cfd94956a763ce9b8ed772ab5dec24920a79159","Ethereum / EVM","secp256k1 / ECDSA","NO","0","","","","","81160","2026-05-24T04:11:26.209Z"
"0x8d08313fde2e8405eb6c09bdb00fc09786732df4","Ethereum / EVM","secp256k1 / ECDSA","NO","0","","","","","4172","2026-05-24T04:45:11.887Z"
"0x8d084cd7c4bb9145229fc6423e7d2b6ec54a522a","Ethereum / EVM","secp256k1 / ECDSA","NO","0","","","","Error: Scan timeout after 300s","344245","2026-05-24T04:45:11.887Z"
"0x8d18d00074dd99de3e3f22210b705b9b0a19835a","Ethereum / EVM","secp256k1 / ECDSA","NO","0","","","","Error: Scan timeout after 300s","757478","2026-05-24T04:45:11.887Z"
"0x8d1d2e24ec641edc6a1ebe0f3ae7af0ebc573e0d","Ethereum / EVM","secp256k1 / ECDSA","NO","0","","","","","370","2026-05-24T04:45:27.027Z"
"0x8d2cfa9cf1e554b579fa2b59cfb0c3ddc76ebba9","Ethereum / EVM","secp256k1 / ECDSA","NO","0","","","","","2168","2026-05-24T04:45:27.027Z"
"0x8d4a3390bed3f64ac916922e0964d1c3b849d8ec","Ethereum / EVM","secp256k1 / ECDSA","NO","0","","","","","4640","2026-05-24T04:45:27.027Z"
"0x8d4f4e989958bf8a9b679b64be88d40dae1835ee","Ethereum / EVM","secp256k1 / ECDSA","NO","0","","","","","9254","2026-05-24T04:45:46.928Z"
"0x8d523430b9da92cadf11c01e432ba63473393634","Ethereum / EVM","secp256k1 / ECDSA","NO","0","","","","","4474","2026-05-24T04:45:46.928Z"
"0x8d564bd294441154dbb6c0b46b1c0569bdb82d4c","Ethereum / EVM","secp256k1 / ECDSA","NO","0","","","","","5092","2026-05-24T04:45:46.928Z"
"0x8d5dea6dce5fb65ec0a29341afbe7be5bfe83ad8","Ethereum / EVM","secp256k1 / ECDSA","NO","0","","","","","1106","2026-05-24T04:45:56.189Z"
"0x8d67054b8adc8c8bf0b7eac9386030e699c434c7","Ethereum / EVM","secp256k1 / ECDSA","NO","0","","","","","1095","2026-05-24T04:45:56.189Z"
"0x8d6fd650500f82c7d978a440348e5a9b886943bf","Ethereum / EVM","secp256k1 / ECDSA","NO","0","","","","","1103","2026-05-24T04:45:56.189Z"
"0x8daa54c1309c747f971c642c103b58af10a75208","Ethereum / EVM","secp256k1 / ECDSA","NO","0","","","","","1127","2026-05-24T04:46:04.288Z"
"0x8daad79db3d2a351e9330c2a374145b02e2fe66d","Ethereum / EVM","secp256k1 / ECDSA","NO","0","","","","","1122","2026-05-24T04:46:04.288Z"
"0x8db6e2d7774b8e88fa79aeaad23a7d565813a039","Ethereum / EVM","secp256k1 / ECDSA","NO","0","","","","","1125","2026-05-24T04:46:04.288Z"
"0x8dbc7c4bc90ca9cb06962dd9f2658176573b7573","Ethereum / EVM","secp256k1 / ECDSA","NO","0","","","","","1121","2026-05-24T04:46:12.425Z"
"0x8dc851339673ee0dec40421aff32ce7d6744dc26","Ethereum / EVM","secp256k1 / ECDSA","NO","0","","","","","1136","2026-05-24T04:46:12.425Z"
"0x8dd0119791670043d274c69087ad7775d190a060","Ethereum / EVM","secp256k1 / ECDSA","NO","0","","","","","1121","2026-05-24T04:46:12.425Z"
"0x8dff5e27ea6b7ac08ebfdf9eb090f32ee9a30fcf","Ethereum / EVM","secp256k1 / ECDSA","NO","0","","","","","1133","2026-05-24T04:46:20.505Z"
"0x8e0144f94a14c1ba680b513dc2bce2d70a390664","Ethereum / EVM","secp256k1 / ECDSA","NO","0","","","","","1110","2026-05-24T04:46:20.505Z"
"0x8e0210e2a14ab83c5d52703927dfbf7ceecc5748","Ethereum / EVM","secp256k1 / ECDSA","NO","0","","","","","1105","2026-05-24T04:46:20.505Z"
"0x8e03a03bb063abd8871cc8e508d9f4506d835748","Ethereum / EVM","secp256k1 / ECDSA","NO","0","","","","","1108","2026-05-24T04:46:28.467Z"
"0x8e0411e62629790ce9d27467f923883e3ef65748","Ethereum / EVM","secp256k1 / ECDSA","NO","0","","","","","1108","2026-05-24T04:46:28.467Z"
"0x8e0411e6919d3416517e13ead91eccfb5b835748","Ethereum / EVM","secp256k1 / ECDSA","NO","0","","","","","1099","2026-05-24T04:46:28.467Z"
"0x8e041766f4cba3a298e27d1e3f7560f8d1375748","Ethereum / EVM","secp256k1 / ECDSA","NO","0","","","","","1144","2026-05-24T04:46:36.554Z"
"0x8e0424756ec651659822290258107f1b5b835748","Ethereum / EVM","secp256k1 / ECDSA","NO","0","","","","","1123","2026-05-24T04:46:36.554Z"
"0x8e0430cac78644329f7ffafbaa13a3f5ff285748","Ethereum / EVM","secp256k1 / ECDSA","NO","0","","","","","1118","2026-05-24T04:46:36.554Z"
"0x8e0432d2efb5bbd3ee3df741343ee86b60235748","Ethereum / EVM","secp256k1 / ECDSA","NO","0","","","","","1111","2026-05-24T04:46:44.593Z"
"0x8e04372e64276764b15161d48a318acb60235748","Ethereum / EVM","secp256k1 / ECDSA","NO","0","","","","","1101","2026-05-24T04:46:44.593Z"
"0x8e0438e9a47dc32e44ef3fe7a834296432235748","Ethereum / EVM","secp256k1 / ECDSA","NO","0","","","","","1112","2026-05-24T04:46:44.593Z"
"0x8e04b37eecabfb82e5975622213264f6513b5748","Ethereum / EVM","secp256k1 / ECDSA","NO","0","","","","","1126","2026-05-24T04:51:35.991Z"
"0x8e043b97a34bbb394e222a22e27215a35b025748","Ethereum / EVM","secp256k1 / ECDSA","NO","0","","","","","5544","2026-05-24T04:47:02.928Z"
"0x8e04433b876914e49ee376f4fb385076dddb5748","Ethereum / EVM","secp256k1 / ECDSA","NO","0","","","","","6786","2026-05-24T04:47:02.928Z"
"0x8e044862aca718b22cc3b11e8d320e62e4055748","Ethereum / EVM","secp256k1 / ECDSA","NO","0","","","","","1183","2026-05-24T04:47:02.928Z"
"0x8e044d1ecebab9b62323ead86917e5123e795748","Ethereum / EVM","secp256k1 / ECDSA","NO","0","","","","","1158","2026-05-24T04:50:46.181Z"
"0x8e044e2c5b392deae991042174ad0bf6dddb5748","Ethereum / EVM","secp256k1 / ECDSA","NO","0","","","","","217509","2026-05-24T04:50:46.181Z"
"0x8e045259907076f0bfab78eda215f0d35b025748","Ethereum / EVM","secp256k1 / ECDSA","NO","0","","","","","1762","2026-05-24T04:50:46.181Z"
"0x8e0459c23d9489215592364e895151d35b025748","Ethereum / EVM","secp256k1 / ECDSA","NO","0","","","","","2234","2026-05-24T04:51:04.582Z"
"0x8e046f295a5c45b3fda95bb7bda3b489d0c85748","Ethereum / EVM","secp256k1 / ECDSA","NO","0","","","","","3737","2026-05-24T04:51:04.582Z"
"0x8e0483f832f55e3b546777381e5b3e035b025748","Ethereum / EVM","secp256k1 / ECDSA","NO","0","","","","","5563","2026-05-24T04:51:04.582Z"
"0x8e0484c2a027e9d5b5ac7b2a014b3ffc7ad35748","Ethereum / EVM","secp256k1 / ECDSA","NO","0","","","","","1118","2026-05-24T04:51:11.821Z"
"0x8e048616004da8cc8420a1637a68a37c7ad35748","Ethereum / EVM","secp256k1 / ECDSA","NO","0","","","","","1133","2026-05-24T04:51:11.821Z"
"0x8e049b7a1c5956022cc488a5a718df17343d5748","Ethereum / EVM","secp256k1 / ECDSA","NO","0","","","","","1120","2026-05-24T04:51:11.821Z"
"0x8e04a6d2517fcb2d4c384517a3fc56d6dddb5748","Ethereum / EVM","secp256k1 / ECDSA","NO","0","","","","","1120","2026-05-24T04:51:19.853Z"
"0x8e04a819ff55990f8638334920acace35b025748","Ethereum / EVM","secp256k1 / ECDSA","NO","0","","","","","1106","2026-05-24T04:51:19.853Z"
"0x8e04af02f32f28f88a5a6a8477e4a580873f5748","Ethereum / EVM","secp256k1 / ECDSA","NO","0","","","","","1106","2026-05-24T04:51:19.853Z"
"0x8e04af70f9053459db21a31291b32432337f5748","Ethereum / EVM","secp256k1 / ECDSA","NO","0","","","","","1107","2026-05-24T04:51:27.892Z"
"0x8e04af7f7c76daa9ab429b1340e0327b5b835748","Ethereum / EVM","secp256k1 / ECDSA","NO","0","","","","","1117","2026-05-24T04:51:27.892Z"
"0x8e04b24976c207a93a17152f1aebcc835b025748","Ethereum / EVM","secp256k1 / ECDSA","NO","0","","","","","1119","2026-05-24T04:51:27.892Z"
"0x9d528bfdef21538303a59d5284801299ddf64e37","Ethereum / EVM","secp256k1 / ECDSA","NO","0","","","","Error: Scan timeout after 300s","300127","2026-05-29T00:01:48.708Z"
"0x8e04c89bbe09f049eef8a5ff6b8e2acb5b835748","Ethereum / EVM","secp256k1 / ECDSA","NO","0","","","","","1140","2026-05-24T04:51:35.991Z"
"0x8e04c9f7d7dc54b260f0599febec2600873f5748","Ethereum / EVM","secp256k1 / ECDSA","NO","0","","","","","1103","2026-05-24T04:51:35.991Z"
"0x8e04cf0bdc65cac0375568a1cca9cea6dddb5748","Ethereum / EVM","secp256k1 / ECDSA","NO","0","","","","","4982","2026-05-24T04:51:50.814Z"
"0x8e04d174e63c8e22c0ce3d2f109f373a2a315748","Ethereum / EVM","secp256k1 / ECDSA","NO","0","","","","","4389","2026-05-24T04:51:50.814Z"
"0x8e04d839f70619505ce7559396664d1b5b835748","Ethereum / EVM","secp256k1 / ECDSA","NO","0","","","","","649","2026-05-24T04:51:50.814Z"
"0x8e04e1fbf58f691946a052d9dd3c53727b425748","Ethereum / EVM","secp256k1 / ECDSA","NO","0","","","","","1282","2026-05-24T04:52:00.986Z"
"0x8e04e3e0cf3652e688bb8cceeda7fe9296305748","Ethereum / EVM","secp256k1 / ECDSA","NO","0","","","","","1270","2026-05-24T04:52:00.986Z"
"0x8e04e6b0fb082a33a647c2dbdaa7993b5b835748","Ethereum / EVM","secp256k1 / ECDSA","NO","0","","","","","1276","2026-05-24T04:52:00.986Z"
"0x8e04eb06c830757034b811926807127b5b835748","Ethereum / EVM","secp256k1 / ECDSA","NO","0","","","","","1261","2026-05-24T04:52:09.179Z"
"0x8e04ecedba64866392e98bde8e6353935b025748","Ethereum / EVM","secp256k1 / ECDSA","NO","0","","","","","1261","2026-05-24T04:52:09.179Z"
"0x8e04edb2297d3bc7abbbd56fa7f12e4b15215748","Ethereum / EVM","secp256k1 / ECDSA","NO","0","","","","","1261","2026-05-24T04:52:09.179Z"
"0x8e04fa7f15c3bd01ef58bc463ab4c27b5b835748","Ethereum / EVM","secp256k1 / ECDSA","NO","0","","","","","1261","2026-05-24T04:52:17.420Z"
"0x8e065fb69d7c5af47a96cd85ba98924165db5748","Ethereum / EVM","secp256k1 / ECDSA","NO","0","","","","","1267","2026-05-24T04:52:17.420Z"
"0x8e0d55f5ac0bafa1f7b777a48188d149f2215748","Ethereum / EVM","secp256k1 / ECDSA","NO","0","","","","","1282","2026-05-24T04:52:17.420Z"
"0x8e0dc6d77b08189e8b9abbc5bc6cd709f2215748","Ethereum / EVM","secp256k1 / ECDSA","NO","0","","","","","1124","2026-05-24T04:52:25.129Z"
"0x8e0dd6f6c576d68f89c71ea12abe8d49f2215748","Ethereum / EVM","secp256k1 / ECDSA","NO","0","","","","","1136","2026-05-24T04:52:25.129Z"
"0x8e2b8374d39210717bad37c81b9c5f29c60ba866","Ethereum / EVM","secp256k1 / ECDSA","NO","0","","","","","1117","2026-05-24T04:52:25.129Z"
"0x8e3f42c19f60fb6132eb381f8be14a9263d7f813","Ethereum / EVM","secp256k1 / ECDSA","NO","0","","","","","20050","2026-05-24T04:52:50.915Z"
"0x8e52522e6a77578904ddd7f528a22521dc4154f5","Ethereum / EVM","secp256k1 / ECDSA","NO","0","","","","","509","2026-05-24T04:52:50.915Z"
"0x8e60b7b64b63cd56b18ebcecadcb79b04919286e","Ethereum / EVM","secp256k1 / ECDSA","NO","0","","","","","501","2026-05-24T04:52:50.915Z"
"0x8e6330d960bec955dbd8c91128411ae6684125c3","Ethereum / EVM","secp256k1 / ECDSA","NO","0","","","","","9820","2026-05-24T04:53:05.614Z"
"0x8e64a0be69b22d2a0c64fd0b33ef7bb65ca97d81","Ethereum / EVM","secp256k1 / ECDSA","NO","0","","","","","1643","2026-05-24T04:53:05.614Z"
"0x8e7112b2b8a21b3ef2d6e9e5b00c30e997478232","Ethereum / EVM","secp256k1 / ECDSA","NO","0","","","","","281","2026-05-24T04:53:05.614Z"
"0x8e712469e6cb10f6a9008fdcf2ab46c3ccc08232","Ethereum / EVM","secp256k1 / ECDSA","NO","0","","","","Error: Scan timeout after 300s","775648","2026-05-24T05:06:10.056Z"
"0x8e7ce241bfd245a2356705b8076f9d9f39183203","Ethereum / EVM","secp256k1 / ECDSA","NO","0","","","","","3681","2026-05-24T05:06:10.056Z"
"0x8e866290670c776defb82a9d0cf7d67e066e0308","Ethereum / EVM","secp256k1 / ECDSA","NO","0","","","","","160","2026-05-24T05:06:10.056Z"
"0x8e9f58e6c206cb9c98abb9f235e0f02d65dfc922","Ethereum / EVM","secp256k1 / ECDSA","NO","0","","","","","1086","2026-05-24T05:06:54.027Z"
"0x8ea2a8d94fad9ced7a9589cab6f64da472206c1b","Ethereum / EVM","secp256k1 / ECDSA","NO","0","","","","","33139","2026-05-24T05:06:54.027Z"
"0x8eac0a198c211431ee9910c95601b45e86a23a3a","Ethereum / EVM","secp256k1 / ECDSA","NO","0","","","","","5329","2026-05-24T05:06:54.027Z"
"0x8eb57b8d8f1e1580b3c0faff7da4b038f86a4230","Ethereum / EVM","secp256k1 / ECDSA","NO","0","","","","Error: Scan timeout after 300s","377761","2026-05-24T05:25:38.994Z"
"0x8eb89ed31189c94ca8f750467be3fc896c61ab28","Ethereum / EVM","secp256k1 / ECDSA","NO","0","","","","","734","2026-05-24T05:25:38.994Z"
"0x8eb8a3b98659cce290402893d0123abb75e3ab28","Ethereum / EVM","secp256k1 / ECDSA","NO","0","","","","Error: Scan timeout after 300s","745019","2026-05-24T05:25:38.994Z"
"0x8ed0e1ea9c16e9aebb95e255fac3b5f08631e6d0","Ethereum / EVM","secp256k1 / ECDSA","NO","0","","","","","1372","2026-05-24T05:25:54.623Z"
"0x8edfb54e8c76c512dbdd4faa252bf4e163caad32","Ethereum / EVM","secp256k1 / ECDSA","NO","0","","","","","164","2026-05-24T05:25:54.623Z"
"0x8ef54f59f087a0021cc76e3af177e355ee924bdd","Ethereum / EVM","secp256k1 / ECDSA","NO","0","","","","","6130","2026-05-24T05:25:54.623Z"
"0x8f08de00a0ace26d2c5a6ffd1e6be8a613e2aabc","Ethereum / EVM","secp256k1 / ECDSA","NO","0","","","","","1905","2026-05-24T06:08:06.749Z"
"0x8f0b608e8cfd796dfa7716cd305e075619b4bf5c","Ethereum / EVM","secp256k1 / ECDSA","NO","0","","","","","6602","2026-05-24T06:08:06.749Z"
"0x8f0d024e780b7e2fd633a4d6d43631a96e8cb059","Ethereum / EVM","secp256k1 / ECDSA","NO","0","","","","Error: Scan timeout after 300s","985896","2026-05-24T06:08:06.749Z"
"0x8f151b1aff12d8af431c738ac6614fb9e77a599f","Ethereum / EVM","secp256k1 / ECDSA","NO","0","","","","","1889","2026-05-24T06:08:19.816Z"
"0x8f194007c56c519aab57154c82c29e1056f89eee","Ethereum / EVM","secp256k1 / ECDSA","NO","0","","","","","2742","2026-05-24T06:08:19.816Z"
"0x9d579b8d2f323d836b21fa10da8036dde77d6384","Ethereum / EVM","secp256k1 / ECDSA","NO","0","","","","","4592","2026-05-29T00:01:48.708Z"
"0x8f2e33f250c2b808d67ae06c1dc8f6de248e32e6","Ethereum / EVM","secp256k1 / ECDSA","NO","0","","","","","486","2026-05-24T06:08:19.816Z"
"0x8f3cf7ad23cd3cadbd9735aff958023239c6a063","Ethereum / EVM","secp256k1 / ECDSA","NO","0","","","","","760","2026-05-24T06:08:37.301Z"
"0x8f4d466606f280c7402153f1f0101928c1819dac","Ethereum / EVM","secp256k1 / ECDSA","NO","0","","","","","12695","2026-05-24T06:08:37.301Z"
"0x8f63671f713a2ccef2b82043c9cf9a2a549e343e","Ethereum / EVM","secp256k1 / ECDSA","NO","0","","","","","1047","2026-05-24T06:08:37.301Z"
"0x8f6f7956900188c3bdce22582a4aa43996628498","Ethereum / EVM","secp256k1 / ECDSA","NO","0","","","","","1100","2026-05-24T06:08:42.382Z"
"0x8f7d66186efc5c999c5b0cda40be74bf90eba655","Ethereum / EVM","secp256k1 / ECDSA","NO","0","","","","","1094","2026-05-24T06:08:42.382Z"
"0x8f833988076dd0474d906e034c9834da95b998b3","Ethereum / EVM","secp256k1 / ECDSA","NO","0","","","","","1063","2026-05-24T06:08:42.382Z"
"0x8f868d71958f64e8e414ea3467bf14c6380e142a","Ethereum / EVM","secp256k1 / ECDSA","NO","0","","","","","1061","2026-05-24T06:08:50.348Z"
"0x8f97895b3af763b908a976bf510037a0031c45e1","Ethereum / EVM","secp256k1 / ECDSA","NO","0","","","","","1066","2026-05-24T06:08:50.348Z"
"0x8fac0d3449a6d8013463728b7ecfc5365f407fd5","Ethereum / EVM","secp256k1 / ECDSA","NO","0","","","","","1067","2026-05-24T06:08:50.348Z"
"0x8fb66f38cf86a3d5e8768f8f1754a24a6c661fb8","Ethereum / EVM","secp256k1 / ECDSA","NO","0","","","","","1058","2026-05-24T06:08:58.629Z"
"0x8fbf2197cafd5af5a89c381178073552d25af0ac","Ethereum / EVM","secp256k1 / ECDSA","NO","0","","","","","1070","2026-05-24T06:08:58.629Z"
"0x8fec58e68a44a1279084fc2bb1cd2c7cd692b1b2","Ethereum / EVM","secp256k1 / ECDSA","NO","0","","","","","1073","2026-05-24T06:08:58.629Z"
"0x8fedc33222bfc2415c05c484e618905fe0b3a55e","Ethereum / EVM","secp256k1 / ECDSA","NO","0","","","","","1077","2026-05-24T06:09:07.907Z"
"0x8ffd3e88b2c1fd2973788585661b2468fe8fe23c","Ethereum / EVM","secp256k1 / ECDSA","NO","0","","","","","1066","2026-05-24T06:09:07.907Z"
"0x9008D19f58AAbD9eD0D60971565AA8510560ab41","Ethereum / EVM","secp256k1 / ECDSA","NO","0","","","","","1066","2026-05-24T06:09:07.907Z"
"0x901bd1ab9c705a4131d5e022a6e79da7b9dc88cc","Ethereum / EVM","secp256k1 / ECDSA","NO","0","","","","","1047","2026-05-24T06:09:14.975Z"
"0x903588e8bbda2e046da970d2167ece422898475c","Ethereum / EVM","secp256k1 / ECDSA","NO","0","","","","","1046","2026-05-24T06:09:14.975Z"
"0x904b0dfc00ebea26c7b8d3d138a407d9a7ae8181","Ethereum / EVM","secp256k1 / ECDSA","NO","0","","","","","1047","2026-05-24T06:09:14.975Z"
"0x90749e7f528b64d64336a5bc4550693b5ca77ad1","Ethereum / EVM","secp256k1 / ECDSA","NO","0","","","","","1066","2026-05-24T06:09:24.308Z"
"0x907a6e3c1bd5b4b8005f27e5e15cc248071b7acd","Ethereum / EVM","secp256k1 / ECDSA","NO","0","","","","","1069","2026-05-24T06:09:24.308Z"
"0x9099b7b8526652467d2e0189311da73ac9b7d0f1","Ethereum / EVM","secp256k1 / ECDSA","NO","0","","","","","1080","2026-05-24T06:09:24.308Z"
"0x90f253a33a403134494c2cfe8ae7b653648c8d55","Ethereum / EVM","secp256k1 / ECDSA","NO","0","","","","","1058","2026-05-24T06:09:31.194Z"
"0x90f715dfec0e383e288de4d044e1cb2da734b46b","Ethereum / EVM","secp256k1 / ECDSA","NO","0","","","","","1064","2026-05-24T06:09:31.194Z"
"0x90ff2b6b6a2eb3c68d883bc276f6736b1262fa50","Ethereum / EVM","secp256k1 / ECDSA","NO","0","","","","","1056","2026-05-24T06:09:31.194Z"
"0x910822dab2181fa559652d5311dc966382ea4a02","Ethereum / EVM","secp256k1 / ECDSA","NO","0","","","","","877","2026-05-24T06:09:54.622Z"
"0x910d0d8ad6ba4fcc50dbf6e183a62fa47a847742","Ethereum / EVM","secp256k1 / ECDSA","NO","0","","","","","11173","2026-05-24T06:09:54.622Z"
"0x910fa7ad7778dca0827d530983e00bde57407ff5","Ethereum / EVM","secp256k1 / ECDSA","NO","0","","","","","6606","2026-05-24T06:09:54.622Z"
"0x9125485b4796b68b884adcc4344515730d293363","Ethereum / EVM","secp256k1 / ECDSA","NO","0","","","","","1078","2026-05-24T06:10:05.058Z"
"0x912ce59144191c1204e64559fe8253a0e49e6548","Ethereum / EVM","secp256k1 / ECDSA","NO","0","","","","","1249","2026-05-24T06:10:05.058Z"
"0x91364516d3cad16e1666261dbdbb39c881dbe9ee","Ethereum / EVM","secp256k1 / ECDSA","NO","0","","","","","1227","2026-05-24T06:10:05.058Z"
"0x91377c1342e7e8f1e4e4413de6564336ac49e65d","Ethereum / EVM","secp256k1 / ECDSA","NO","0","","","","","1174","2026-05-24T06:10:13.148Z"
"0x914064c712a1650bc3d9dc269a6fbfe74c105b5a","Ethereum / EVM","secp256k1 / ECDSA","NO","0","","","","","1140","2026-05-24T06:10:13.148Z"
"0x91499379f28e467518a176161efc36bfc87932f2","Ethereum / EVM","secp256k1 / ECDSA","NO","0","","","","","1108","2026-05-24T06:10:13.148Z"
"0x914d9fd658569948c0288430c72a8c2778a8ef66","Ethereum / EVM","secp256k1 / ECDSA","NO","0","","","","","1078","2026-05-24T06:10:21.095Z"
"0x9158262fbe5e2e623437f78bb61e007ba08b30fc","Ethereum / EVM","secp256k1 / ECDSA","NO","0","","","","","1090","2026-05-24T06:10:21.095Z"
"0x9168765ee952de7c6f8fc6fad5ec209b960b7622","Ethereum / EVM","secp256k1 / ECDSA","NO","0","","","","","1097","2026-05-24T06:10:21.095Z"
"0x9194d724a29aa1bc40f8628d074ce212fd64cb14","Ethereum / EVM","secp256k1 / ECDSA","NO","0","","","","","1072","2026-05-24T06:10:29.182Z"
"0x919a32b12048387af49d91d43776fac720d99a33","Ethereum / EVM","secp256k1 / ECDSA","NO","0","","","","","1056","2026-05-24T06:10:29.182Z"
"0x91c56352ec75c7f03c362589281e16000a504a76","Ethereum / EVM","secp256k1 / ECDSA","NO","0","","","","","1062","2026-05-24T06:10:29.182Z"
"0x91d40e4818f4d4c57b4578d9eca6afc92ac8debe","Ethereum / EVM","secp256k1 / ECDSA","NO","0","","","","","1072","2026-05-24T06:10:38.482Z"
"0x91dca37856240e5e1906222ec79278b16420dc92","Ethereum / EVM","secp256k1 / ECDSA","NO","0","","","","","1074","2026-05-24T06:10:38.482Z"
"0x91e4987898e101d9f15882aa9bceed7771f5cadf","Ethereum / EVM","secp256k1 / ECDSA","NO","0","","","","","1057","2026-05-24T06:10:38.482Z"
"0x91edce7a284006bcd17e272765d9f51e12cd583b","Ethereum / EVM","secp256k1 / ECDSA","NO","0","","","","","1117","2026-05-24T06:10:45.667Z"
"0x91f3c2524959606d5b02d6b75b4da2e59b0b2a11","Ethereum / EVM","secp256k1 / ECDSA","NO","0","","","","","1043","2026-05-24T06:10:45.667Z"
"0x920536745f9a49a9257bc5b8119ae40d03e72227","Ethereum / EVM","secp256k1 / ECDSA","NO","0","","","","","1045","2026-05-24T06:10:45.667Z"
"0x921f328cb46ecf00d28e4b569d944a594b358418","Ethereum / EVM","secp256k1 / ECDSA","NO","0","","","","","1069","2026-05-24T06:10:53.834Z"
"0x92490332e1cd96a81c40e7830f57de94312a92bb","Ethereum / EVM","secp256k1 / ECDSA","NO","0","","","","","1051","2026-05-24T06:10:53.834Z"
"0x9249bc30cd2cadb1edc726f41ff4ed1cebfb92bb","Ethereum / EVM","secp256k1 / ECDSA","NO","0","","","","","1054","2026-05-24T06:10:53.834Z"
"0x924f017e98982892358a9a0a8721baece640cdae","Ethereum / EVM","secp256k1 / ECDSA","NO","0","","","","","1046","2026-05-24T06:11:02.038Z"
"0x92606fc2502ea624e10e98b64eccc60fda141a79","Ethereum / EVM","secp256k1 / ECDSA","NO","0","","","","","1045","2026-05-24T06:11:02.038Z"
"0x9270ecf87b21b56e83672a85b8b993ac3687e534","Ethereum / EVM","secp256k1 / ECDSA","NO","0","","","","","1053","2026-05-24T06:11:02.038Z"
"0x927cd0e72db09569598c267d84dad9b3c41e9b91","Ethereum / EVM","secp256k1 / ECDSA","NO","0","","","","","1061","2026-05-24T06:11:10.236Z"
"0x928564aded0003a654927830ae21fc128b4a4d94","Ethereum / EVM","secp256k1 / ECDSA","NO","0","","","","","1067","2026-05-24T06:11:10.236Z"
"0x92976646844ed0372da4afe6691a328ef3c07742","Ethereum / EVM","secp256k1 / ECDSA","NO","0","","","","","1066","2026-05-24T06:11:10.236Z"
"0x9297d0ca491c14bd425922a96344b66261c07742","Ethereum / EVM","secp256k1 / ECDSA","NO","0","","","","","1086","2026-05-24T06:11:30.415Z"
"0x9297e2110e93c3f11ac633c1fad84966b78c799b","Ethereum / EVM","secp256k1 / ECDSA","NO","0","","","","","9373","2026-05-24T06:11:30.415Z"
"0x929d39209059e884c12a6b9a4c4e819bc816b40d","Ethereum / EVM","secp256k1 / ECDSA","NO","0","","","","","4860","2026-05-24T06:11:30.415Z"
"0x92aa2b9912b2c1fc0fcbddfcb8a02eb948256d4d","Ethereum / EVM","secp256k1 / ECDSA","NO","0","","","","","1139","2026-05-24T06:11:35.380Z"
"0x92af18bbc83108ef018f6f94f7cb84741cdab923","Ethereum / EVM","secp256k1 / ECDSA","NO","0","","","","","1129","2026-05-24T06:11:35.380Z"
"0x92b92c3470854eab6cdf609125c6c36f39356890","Ethereum / EVM","secp256k1 / ECDSA","NO","0","","","","","1099","2026-05-24T06:11:35.380Z"
"0x92b9a0216f7797baebbb1d786534ea5f39356890","Ethereum / EVM","secp256k1 / ECDSA","NO","0","","","","","1085","2026-05-24T06:11:43.361Z"
"0x92b9ac4a1ba205dcf69aa201c4a6cc4f39356890","Ethereum / EVM","secp256k1 / ECDSA","NO","0","","","","","1081","2026-05-24T06:11:43.361Z"
"0x92c5fda94584ba09bbc281f982d7a47906cae3e8","Ethereum / EVM","secp256k1 / ECDSA","NO","0","","","","","1070","2026-05-24T06:11:43.361Z"
"0x92ca8bc823efba11b93f9637ac802ada0f8d8736","Ethereum / EVM","secp256k1 / ECDSA","NO","0","","","","","1102","2026-05-24T06:15:50.773Z"
"0x92d6c1e31e14520e676a687f0a93788b716beff5","Ethereum / EVM","secp256k1 / ECDSA","NO","0","","","","","1338","2026-05-24T06:15:50.773Z"
"0x92d8f3256dc45e1a17a92feef56c1e1e0ad5781b","Ethereum / EVM","secp256k1 / ECDSA","NO","0","","","","","240083","2026-05-24T06:15:50.773Z"
"0x92dd69c5f82e11c5dc2d24c53029d6bd8b84920e","Ethereum / EVM","secp256k1 / ECDSA","NO","0","","","","","30183","2026-05-24T06:16:33.748Z"
"0x92f3b2813be6e0ea6e4e5494374966057b2b5523","Ethereum / EVM","secp256k1 / ECDSA","NO","0","","","","","4449","2026-05-24T06:16:33.748Z"
"0x930cf646670405faa46ca9ae58f70c601f96c0b1","Ethereum / EVM","secp256k1 / ECDSA","NO","0","","","","","2608","2026-05-24T06:16:33.748Z"
"0x930efffbec4f0d1b23a0efdfc25d8c23b6381682","Ethereum / EVM","secp256k1 / ECDSA","NO","0","","","","","1417","2026-05-24T06:17:12.832Z"
"0x93228d328c9c74c2bfe9f97638bbb5ef322f2bd5","Ethereum / EVM","secp256k1 / ECDSA","NO","0","","","","","26701","2026-05-24T06:17:12.832Z"
"0x935d2e470284fb536227a76a723f96a94efae6a9","Ethereum / EVM","secp256k1 / ECDSA","NO","0","","","","","1237","2026-05-24T06:17:12.832Z"
"0x93600f40b2e4c15f666a356f60983ab716b35efa","Ethereum / EVM","secp256k1 / ECDSA","NO","0","","","","","1225","2026-05-24T06:17:18.798Z"
"0x937f958f6b5d12ac71f8a1feee780b46da9b1e81","Ethereum / EVM","secp256k1 / ECDSA","NO","0","","","","","1247","2026-05-24T06:17:18.798Z"
"0x938ad29920abd82842d5acc6b7b4fb4af9e83c8e","Ethereum / EVM","secp256k1 / ECDSA","NO","0","","","","","1341","2026-05-24T06:17:18.798Z"
"0x93905fd3f9b8732015f2b3ca6c16cbcb60ecf895","Ethereum / EVM","secp256k1 / ECDSA","NO","0","","","","","1051","2026-05-24T06:17:27.290Z"
"0x93abab8a114de22a69554deabfe8f95fbebf5d78","Ethereum / EVM","secp256k1 / ECDSA","NO","0","","","","","1046","2026-05-24T06:17:27.290Z"
"0x93d737c061423cf83b6e6d042d3c79e8db2ad71c","Ethereum / EVM","secp256k1 / ECDSA","NO","0","","","","","1092","2026-05-24T06:17:27.290Z"
"0x93e6b96747d5f4791917bd11050fab41dbe4afdd","Ethereum / EVM","secp256k1 / ECDSA","NO","0","","","","","1048","2026-05-24T06:17:34.396Z"
"0x93ea8a032f2113746cacd832a6dedefe57c657e8","Ethereum / EVM","secp256k1 / ECDSA","NO","0","","","","","1059","2026-05-24T06:17:34.396Z"
"0x93f720ba2133de903dc01ee0d6c319112eda9078","Ethereum / EVM","secp256k1 / ECDSA","NO","0","","","","","1109","2026-05-24T06:17:34.396Z"
"0x9400937f22345368803aa2f57a1442eecca852e2","Ethereum / EVM","secp256k1 / ECDSA","NO","0","","","","","6194","2026-05-24T06:18:01.343Z"
"0x940181a94a35a4569e4529a3cdfb74e38fd98631","Ethereum / EVM","secp256k1 / ECDSA","NO","0","","","","","1056","2026-05-24T06:18:01.343Z"
"0x94237b52518def64727500ee8f218ed38047e3ea","Ethereum / EVM","secp256k1 / ECDSA","NO","0","","","","","14764","2026-05-24T06:18:01.343Z"
"0x9423a107330c15d11df8853c14a7d217ed08bd4f","Ethereum / EVM","secp256k1 / ECDSA","NO","0","","","","","1055","2026-05-24T06:18:11.260Z"
"0x942dc378356397a1233374f77bf317b2a10ef5eb","Ethereum / EVM","secp256k1 / ECDSA","NO","0","","","","","1042","2026-05-24T06:18:11.260Z"
"0x942f58ec706502a540c34773e10f2ed9b8091695","Ethereum / EVM","secp256k1 / ECDSA","NO","0","","","","","1044","2026-05-24T06:18:11.260Z"
"0x9430801ebaf509ad49202aabc5f5bc6fd8a3daf8","Ethereum / EVM","secp256k1 / ECDSA","NO","0","","","","","1048","2026-05-24T06:18:19.381Z"
"0x94414ee9d0bde090778684856e08e2be5cdd6819","Ethereum / EVM","secp256k1 / ECDSA","NO","0","","","","","1053","2026-05-24T06:18:19.381Z"
"0x9447224cf53fa722aeab3a7dbae639dc35fc92fe","Ethereum / EVM","secp256k1 / ECDSA","NO","0","","","","","1058","2026-05-24T06:18:19.381Z"
"0x945436463e8d4c6818e732a2da1f537d33bb6f58","Ethereum / EVM","secp256k1 / ECDSA","NO","0","","","","","1039","2026-05-24T06:18:27.479Z"
"0x945bcf562085de2d5875b9e2012ed5fd5cfab927","Ethereum / EVM","secp256k1 / ECDSA","NO","0","","","","","1052","2026-05-24T06:18:27.479Z"
"0x946440814f454e8d9ef10816fd6d963bc3df8160","Ethereum / EVM","secp256k1 / ECDSA","NO","0","","","","","1051","2026-05-24T06:18:27.479Z"
"0x946bd1d4e64c1f9bf34d36e72f78aeb3cad4bba2","Ethereum / EVM","secp256k1 / ECDSA","NO","0","","","","","1226","2026-05-24T06:18:35.904Z"
"0x9477f488dfc7fb197ffd962ad935c4c35e8d5e0b","Ethereum / EVM","secp256k1 / ECDSA","NO","0","","","","","1111","2026-05-24T06:18:35.904Z"
"0x947a9b620f7611b82dc23f425c2e8a4c24d0e564","Ethereum / EVM","secp256k1 / ECDSA","NO","0","","","","","1096","2026-05-24T06:18:35.904Z"
"0x948219cac73eec61f4806dc9f54ea0f8d5f2e5c3","Ethereum / EVM","secp256k1 / ECDSA","NO","0","","","","","1063","2026-05-24T06:18:43.933Z"
"0x94a0c4ef1777eb23fa6050ba0bf701cb42d2cd92","Ethereum / EVM","secp256k1 / ECDSA","NO","0","","","","","1072","2026-05-24T06:18:43.933Z"
"0x94c22148cff700eda2598fcdaa205807e4895602","Ethereum / EVM","secp256k1 / ECDSA","NO","0","","","","","1089","2026-05-24T06:18:43.933Z"
"0x94c7c93d1c3e2ed9e8ede2835dd9660d3375be58","Ethereum / EVM","secp256k1 / ECDSA","NO","0","","","","","1077","2026-05-24T06:18:53.067Z"
"0x94df8cbd95b61328e024194d5ba74b2f69f12e81","Ethereum / EVM","secp256k1 / ECDSA","NO","0","","","","","1069","2026-05-24T06:18:53.067Z"
"0x94efff63ad90faee806b63d2ac2bfb0ec76f6c49","Ethereum / EVM","secp256k1 / ECDSA","NO","0","","","","","1072","2026-05-24T06:18:53.067Z"
"0x94f5a53605d6c06edb5a565e7273a2af81720092","Ethereum / EVM","secp256k1 / ECDSA","NO","0","","","","","1066","2026-05-24T06:18:59.981Z"
"0x94ff250e4315f2366fd7f554563ba0223af80815","Ethereum / EVM","secp256k1 / ECDSA","NO","0","","","","","1050","2026-05-24T06:18:59.981Z"
"0x9503cd0f532b9254894e2617f5b298c2ce367218","Ethereum / EVM","secp256k1 / ECDSA","NO","0","","","","","1055","2026-05-24T06:18:59.981Z"
"0x95051b76341ef087ca44a884658cc3da76042000","Ethereum / EVM","secp256k1 / ECDSA","NO","0","","","","","1058","2026-05-24T06:19:08.248Z"
"0x9509665d015bfe3c77aa5ad6ca20c8afa1d98989","Ethereum / EVM","secp256k1 / ECDSA","NO","0","","","","","1123","2026-05-24T06:19:08.248Z"
"0x95128d37c2a6086c2823e2d53b90f00f24364919","Ethereum / EVM","secp256k1 / ECDSA","NO","0","","","","","1088","2026-05-24T06:19:08.248Z"
"0x95422eb82947164eab05bdc0efe4ae753ed8094b","Ethereum / EVM","secp256k1 / ECDSA","NO","0","","","","","7139","2026-05-24T06:19:22.275Z"
"0x9565f103a0a4b6bcc1f9f1a6747b7f3ffbd45580","Ethereum / EVM","secp256k1 / ECDSA","NO","0","","","","","1056","2026-05-24T06:19:22.275Z"
"0x956903561ab90a3ebcfa3ae37f6e1cbdd4ad6d80","Ethereum / EVM","secp256k1 / ECDSA","NO","0","","","","","1053","2026-05-24T06:19:22.275Z"
"0x958c42d380097d5454030430794222cd7a375458","Ethereum / EVM","secp256k1 / ECDSA","NO","0","","","","","1077","2026-05-24T06:19:37.037Z"
"0x958cc4ab139991c384b65c756bef8880415b5458","Ethereum / EVM","secp256k1 / ECDSA","NO","0","","","","","1079","2026-05-24T06:19:37.037Z"
"0x95bdd535820d45eeb01d03ae76c1d3a0252e4cdf","Ethereum / EVM","secp256k1 / ECDSA","NO","0","","","","","5621","2026-05-24T06:19:37.037Z"
"0x95c55c616d22f4d2e45aefc7ba79dc7fe467ce5c","Ethereum / EVM","secp256k1 / ECDSA","NO","0","","","","","1045","2026-05-24T06:19:48.858Z"
"0x95c56dca8e77e932e55f1760e253497fe467ce5c","Ethereum / EVM","secp256k1 / ECDSA","NO","0","","","","","1036","2026-05-24T06:19:48.858Z"
"0x95d40d4b831c801250a2d1aa56a1f75b0ff501b3","Ethereum / EVM","secp256k1 / ECDSA","NO","0","","","","","1039","2026-05-24T06:19:48.858Z"
"0x95fc37a27a2f68e3a647cdc081f0a89bb47c3012","Ethereum / EVM","secp256k1 / ECDSA","NO","0","","","","","1077","2026-05-24T06:19:57.001Z"
"0x9615eb72675972734b91ee0b740aed3082684298","Ethereum / EVM","secp256k1 / ECDSA","NO","0","","","","","1061","2026-05-24T06:19:57.001Z"
"0x9623063377ad1b27544c965ccd7342f7ea7e88c7","Ethereum / EVM","secp256k1 / ECDSA","NO","0","","","","","1053","2026-05-24T06:19:57.001Z"
"0x96329e728f966932253f0ecc20e952c7edde57e9","Ethereum / EVM","secp256k1 / ECDSA","NO","0","","","","","4379","2026-05-24T07:04:34.241Z"
"0x963737c550e70ffe4d59464542a28604edb2ef9a","Ethereum / EVM","secp256k1 / ECDSA","NO","0","","","","Error: Scan timeout after 300s","720392","2026-05-24T07:04:34.241Z"
"0x9642b23ed1e01df1092b92641051881a322f5d4e","Ethereum / EVM","secp256k1 / ECDSA","NO","0","","","","Error: Scan timeout after 300s","800096","2026-05-24T07:04:34.241Z"
"0x9642d7845de47ddc2d90df3428c72d2dbbf3ede2","Ethereum / EVM","secp256k1 / ECDSA","NO","0","","","","Error: Scan timeout after 300s","929705","2026-05-24T07:36:17.669Z"
"0x9664748caa384fc2f8f8ed5e2d6eedab10c4d0ae","Ethereum / EVM","secp256k1 / ECDSA","NO","0","","","","","191","2026-05-24T07:36:17.669Z"
"0x96694143fe5aa7a759cb450feaed3eed45c55103","Ethereum / EVM","secp256k1 / ECDSA","NO","0","","","","","235931","2026-05-24T07:36:17.669Z"
"0x968498eb680b81bf685e1d4d0be619312f8d4589","Ethereum / EVM","secp256k1 / ECDSA","NO","0","","","","Error: Scan timeout after 300s","721515","2026-05-24T16:22:01.502Z"
"0x96915986af01c39018b6268f93025e5d9a6232d2","Ethereum / EVM","secp256k1 / ECDSA","NO","0","","","","","4635","2026-05-24T16:22:01.502Z"
"0x96937bca98db3e62b35af5856f8594a1cfe5f099","Ethereum / EVM","secp256k1 / ECDSA","NO","0","","","","","30494","2026-05-24T16:22:01.502Z"
"0x9696f59e4d72e237be84ffd425dcad154bf96976","Ethereum / EVM","secp256k1 / ECDSA","NO","0","","","","Error: Scan timeout after 300s","786821","2026-05-27T14:58:27.250Z"
"0x96af15c830d7fb17cbb2c61eac2acbf6f6a4f241","Ethereum / EVM","secp256k1 / ECDSA","NO","0","","","","","226","2026-05-27T14:58:27.250Z"
"0x96b1870322b34cce5dd89146f8792ba936502885","Ethereum / EVM","secp256k1 / ECDSA","NO","0","","","","","194","2026-05-27T14:58:27.250Z"
"0x96b598c964e23909460e0e50b5deac650a70c2d9","Ethereum / EVM","secp256k1 / ECDSA","NO","0","","","","","213","2026-05-27T14:58:35.322Z"
"0x96bc6bb2eb48d7c34fdda619a153bd6ea9a1603a","Ethereum / EVM","secp256k1 / ECDSA","NO","0","","","","","212","2026-05-27T14:58:35.322Z"
"0x96cfa408ca039d9afea0b8227be741ef52e8a037","Ethereum / EVM","secp256k1 / ECDSA","NO","0","","","","","251","2026-05-27T14:58:35.322Z"
"0x96e0879a783f8b95ebf5c304a459d68f78870024","Ethereum / EVM","secp256k1 / ECDSA","NO","0","","","","","208","2026-05-27T14:58:43.326Z"
"0x96f4f64fadc92ac4376ee914cf0d126634c26220","Ethereum / EVM","secp256k1 / ECDSA","NO","0","","","","","221","2026-05-27T14:58:43.326Z"
"0x970a23df65e0c81fdd3b556e588b126448bb36df","Ethereum / EVM","secp256k1 / ECDSA","NO","0","","","","","250","2026-05-27T14:58:43.326Z"
"0x970f8c01639c4574a3e03facadee58bd732c3d90","Ethereum / EVM","secp256k1 / ECDSA","NO","0","","","","","210","2026-05-27T14:58:51.332Z"
"0x973999d065fac628c62d78df16e63870181671ef","Ethereum / EVM","secp256k1 / ECDSA","NO","0","","","","","229","2026-05-27T14:58:51.332Z"
"0x974026e01660d11b5b5f08394806b619702ac35c","Ethereum / EVM","secp256k1 / ECDSA","NO","0","","","","","244","2026-05-27T14:58:51.332Z"
"0x9748f6a3ffe4feb29f809ad2ed79995069c35426","Ethereum / EVM","secp256k1 / ECDSA","NO","0","","","","","191","2026-05-27T14:58:59.316Z"
"0x974caa59e49682cda0ad2bbe82983419a2ecc400","Ethereum / EVM","secp256k1 / ECDSA","NO","0","","","","","231","2026-05-27T14:58:59.316Z"
"0x9756055ecdd3ab4e8a91e9f0a90ed5d1135c8949","Ethereum / EVM","secp256k1 / ECDSA","NO","0","","","","","245","2026-05-27T14:58:59.316Z"
"0x9767eac418c65fc514058e7d070de972b7d35123","Ethereum / EVM","secp256k1 / ECDSA","NO","0","","","","","206","2026-05-27T14:59:07.323Z"
"0x976ccb0c16aa66124d48b6302a38dd85cdee9b1a","Ethereum / EVM","secp256k1 / ECDSA","NO","0","","","","","214","2026-05-27T14:59:07.323Z"
"0x9776cbecf431869d7cce96819131476c2e0f4ed5","Ethereum / EVM","secp256k1 / ECDSA","NO","0","","","","","254","2026-05-27T14:59:07.323Z"
"0x978e2f5feb514e415ea72a78a054468679835f8b","Ethereum / EVM","secp256k1 / ECDSA","NO","0","","","","","221","2026-05-27T14:59:15.395Z"
"0x978e75381d64fb18af7112e42fa76a211a773456","Ethereum / EVM","secp256k1 / ECDSA","NO","0","","","","","219","2026-05-27T14:59:15.395Z"
"0x978ed397d811ac794e4fa14e03a668a679835f8b","Ethereum / EVM","secp256k1 / ECDSA","NO","0","","","","","306","2026-05-27T14:59:15.395Z"
"0x97ada1d31620fbc8596b43f52c6192bb2145d064","Ethereum / EVM","secp256k1 / ECDSA","NO","0","","","","","206","2026-05-27T14:59:23.329Z"
"0x97b18f995083c70f6a0ab0bea1772031a134b91f","Ethereum / EVM","secp256k1 / ECDSA","NO","0","","","","","223","2026-05-27T14:59:23.329Z"
"0x97b1b4fe3b85ae6cc85323bb91c62ac9f56aa9ad","Ethereum / EVM","secp256k1 / ECDSA","NO","0","","","","","250","2026-05-27T14:59:23.329Z"
"0x97b1f45f4eef4ca1d5584725426ecfe4269ab91f","Ethereum / EVM","secp256k1 / ECDSA","NO","0","","","","","695","2026-05-27T14:59:31.780Z"
"0x97b7eb424685ee1ee75938af8eef1746e69886de","Ethereum / EVM","secp256k1 / ECDSA","NO","0","","","","","180","2026-05-27T14:59:31.780Z"
"0x97d93008c88983a381d325085e9f14b98e0c0216","Ethereum / EVM","secp256k1 / ECDSA","NO","0","","","","","255","2026-05-27T14:59:31.780Z"
"0x97e51dbcd71a7389a358bebf801a154d0e21ba9b","Ethereum / EVM","secp256k1 / ECDSA","NO","0","","","","","205","2026-05-27T14:59:39.341Z"
"0x97f64e9c4b8ce74ca7b8d87431ba877b9a494c51","Ethereum / EVM","secp256k1 / ECDSA","NO","0","","","","","215","2026-05-27T14:59:39.341Z"
"0x98078db053902644191f93988341e31289e1c8fe","Ethereum / EVM","secp256k1 / ECDSA","NO","0","","","","","271","2026-05-27T14:59:39.341Z"
"0x98080fbc96385c5e9a93211f0a128f6bb9694aec","Ethereum / EVM","secp256k1 / ECDSA","NO","0","","","","","192","2026-05-27T14:59:47.314Z"
"0x9808a28ee129780dd5e46ce25644958a12694aec","Ethereum / EVM","secp256k1 / ECDSA","NO","0","","","","","242","2026-05-27T14:59:47.314Z"
"0x98098214ad5b1b08cc9d94e32f056e9a0de18110","Ethereum / EVM","secp256k1 / ECDSA","NO","0","","","","","229","2026-05-27T14:59:47.314Z"
"0x980b15a607e80a5d3717c06fda5c2b447f415399","Ethereum / EVM","secp256k1 / ECDSA","NO","0","","","","","275","2026-05-27T14:59:55.348Z"
"0x98116528df28c7e8af6f2917645cff74b2aafd10","Ethereum / EVM","secp256k1 / ECDSA","NO","0","","","","","208","2026-05-27T14:59:55.348Z"
"0x981b79553942d4aebc220d8392a836f87545769a","Ethereum / EVM","secp256k1 / ECDSA","NO","0","","","","","214","2026-05-27T14:59:55.348Z"
"0x98536d1545d81393b8d740cbbdee40e591a9039e","Ethereum / EVM","secp256k1 / ECDSA","NO","0","","","","","655","2026-05-27T15:00:04.474Z"
"0x9858c64bb89e599d6d5953220a46890b8703e9ce","Ethereum / EVM","secp256k1 / ECDSA","NO","0","","","","","710","2026-05-27T15:00:04.474Z"
"0x98871947169143829a94181b94fdd21e3c9641f9","Ethereum / EVM","secp256k1 / ECDSA","NO","0","","","","","264","2026-05-27T15:00:04.474Z"
"0x989468982b08aefa46e37cd0086142a86fa466d7","Ethereum / EVM","secp256k1 / ECDSA","NO","0","","","","","658","2026-05-27T15:00:12.425Z"
"0x98c049f114ba1e06cffd66ea0d46d44f6d0108e3","Ethereum / EVM","secp256k1 / ECDSA","NO","0","","","","","652","2026-05-27T15:00:12.425Z"
"0x98c23e9d8f34fefb1b7bd6a91b7ff122f4e16f5c","Ethereum / EVM","secp256k1 / ECDSA","NO","0","","","","","261","2026-05-27T15:00:12.425Z"
"0x98c4e3bb85eb0782508b72ccd08b5268b12c695a","Ethereum / EVM","secp256k1 / ECDSA","NO","0","","","","","645","2026-05-27T15:00:48.432Z"
"0x98f1c528c7e139d5d625837b5aa968f5fe59571b","Ethereum / EVM","secp256k1 / ECDSA","NO","0","","","","","27556","2026-05-27T15:00:48.432Z"
"0x990636ecb3ff04d33d92e970d3d588bf5cd8d086","Ethereum / EVM","secp256k1 / ECDSA","NO","0","","","","","1335","2026-05-27T15:00:48.432Z"
"0x99101f75cd4f1ee3569e8ee9f9cd1a4a856433d7","Ethereum / EVM","secp256k1 / ECDSA","NO","0","","","","","3800","2026-05-27T22:29:46.250Z"
"0x9913967305d64574bf9a2c4c1f552c8fdb3d4d85","Ethereum / EVM","secp256k1 / ECDSA","NO","0","","","","Error: Scan timeout after 300s","824793","2026-05-27T22:29:46.250Z"
"0x991e204e63ae59ad6306c1df157d09f287de18b4","Ethereum / EVM","secp256k1 / ECDSA","NO","0","","","","","110522","2026-05-27T22:29:46.250Z"
"0x9923f6026d95e6b17ed09237d25dae2c71e6ee39","Ethereum / EVM","secp256k1 / ECDSA","NO","0","","","","","342","2026-05-27T22:30:03.592Z"
"0x9930e22f95ffdf8181a809d5740523448eb6f333","Ethereum / EVM","secp256k1 / ECDSA","NO","0","","","","","409","2026-05-27T22:30:03.592Z"
"0x9949a1e59dc34b1ff2b9cbf647c29ba653d1b602","Ethereum / EVM","secp256k1 / ECDSA","NO","0","","","","","9569","2026-05-27T22:30:03.592Z"
"0x995053fefe588f9d7732fbe2a2f60b79909972f2","Ethereum / EVM","secp256k1 / ECDSA","NO","0","","","","","892","2026-05-27T22:30:12.351Z"
"0x995063df7041c8b40d63d079a24ac2b9909972f2","Ethereum / EVM","secp256k1 / ECDSA","NO","0","","","","","392","2026-05-27T22:30:12.351Z"
"0x99506f84a518628eafae86776b8449a9909972f2","Ethereum / EVM","secp256k1 / ECDSA","NO","0","","","","","219","2026-05-27T22:30:12.351Z"
"0x995093f2c088f2660edab90498623aa9909972f2","Ethereum / EVM","secp256k1 / ECDSA","NO","0","","","","","389","2026-05-27T22:30:19.929Z"
"0x995099f74f2957d32dde4b9a5872d239909972f2","Ethereum / EVM","secp256k1 / ECDSA","NO","0","","","","","460","2026-05-27T22:30:19.929Z"
"0x9950a379f1c09557e7e3a708372ea3a9909972f2","Ethereum / EVM","secp256k1 / ECDSA","NO","0","","","","","221","2026-05-27T22:30:19.929Z"
"0x9950b9494c98053bf3ca762444d49169909972f2","Ethereum / EVM","secp256k1 / ECDSA","NO","0","","","","","203","2026-05-27T22:40:23.893Z"
"0x99537e2aa2ec8fe8ad02224e2c6dd4cc15db6403","Ethereum / EVM","secp256k1 / ECDSA","NO","0","","","","","398","2026-05-27T22:40:23.893Z"
"0x996290c17c874d989d6e3db7dc0b2ef0a9fb876d","Ethereum / EVM","secp256k1 / ECDSA","NO","0","","","","Error: Scan timeout after 300s","596458","2026-05-27T22:40:23.893Z"
"0x9962d4cdab36af3b0e1ba417be5afa7a85fb5a12","Ethereum / EVM","secp256k1 / ECDSA","NO","0","","","","","4632","2026-05-27T22:40:44.094Z"
"0x9965d56afe4c0d07d5f039844cf53c8dcb8c6f65","Ethereum / EVM","secp256k1 / ECDSA","NO","0","","","","","5096","2026-05-27T22:40:44.094Z"
"0x996f0e19602bc251ed1c329f0c78fa1f113c62b0","Ethereum / EVM","secp256k1 / ECDSA","NO","0","","","","","1136","2026-05-27T22:40:44.094Z"
"0x99794a30eac50663f79e16cba223e2764f701cd4","Ethereum / EVM","secp256k1 / ECDSA","NO","0","","","","","1143","2026-05-27T22:40:51.949Z"
"0x9982c407c21c7b5e0a13fe3bb6a2474d045cfaf1","Ethereum / EVM","secp256k1 / ECDSA","NO","0","","","","","1141","2026-05-27T22:40:51.949Z"
"0x998f207845419ca45fdf25a0950d156b96bab1fb","Ethereum / EVM","secp256k1 / ECDSA","NO","0","","","","","1137","2026-05-27T22:40:51.949Z"
"0x9996636e2152e6f944406c0e023331fa5dff8587","Ethereum / EVM","secp256k1 / ECDSA","NO","0","","","","","1278","2026-05-27T22:41:00.222Z"
"0x99a58482bd75cbab83b27ec03ca68ff489b5788f","Ethereum / EVM","secp256k1 / ECDSA","NO","0","","","","","1248","2026-05-27T22:41:00.222Z"
"0x99c537d8a637519a0ee34e26618641e4ed0da1dd","Ethereum / EVM","secp256k1 / ECDSA","NO","0","","","","","1054","2026-05-27T22:41:00.222Z"
"0x99ca2211b8715cc810ad3901bf8b21054dc460f3","Ethereum / EVM","secp256k1 / ECDSA","NO","0","","","","","1159","2026-05-27T22:41:09.174Z"
"0x99dfde431b40321a35deb6aeb55cf338ddd6eccd","Ethereum / EVM","secp256k1 / ECDSA","NO","0","","","","","1136","2026-05-27T22:41:09.174Z"
"0x99e6de58c9ac195bd4ab88032c2b190f404704d4","Ethereum / EVM","secp256k1 / ECDSA","NO","0","","","","","1092","2026-05-27T22:41:09.174Z"
"0x99f2669e2cbe0d0818392f7951396db85c45889f","Ethereum / EVM","secp256k1 / ECDSA","NO","0","","","","","1079","2026-05-27T22:41:16.028Z"
"0x99fbbfb44c53ba981e1d835313bd5e0043441c3e","Ethereum / EVM","secp256k1 / ECDSA","NO","0","","","","","1126","2026-05-27T22:41:16.028Z"
"0x9a0054a39b4f36d8b5d7ebeda40b9ef8fadc376f","Ethereum / EVM","secp256k1 / ECDSA","NO","0","","","","","1077","2026-05-27T22:41:16.028Z"
"0x9a3854ce9f17ceccdba37e57493612b82d8fce16","Ethereum / EVM","secp256k1 / ECDSA","NO","0","","","","","1073","2026-05-27T22:41:24.126Z"
"0x9a4f29dc60589a6240f43618f58844707746b26c","Ethereum / EVM","secp256k1 / ECDSA","NO","0","","","","","1080","2026-05-27T22:41:24.126Z"
"0x9a4f3d26a45129e0d3fce84547ba19f3861eb26c","Ethereum / EVM","secp256k1 / ECDSA","NO","0","","","","","1069","2026-05-27T22:41:24.126Z"
"0x9a4fcc05bb4812af85f57e50422aed490966b26c","Ethereum / EVM","secp256k1 / ECDSA","NO","0","","","","","1065","2026-05-27T22:41:32.152Z"
"0x9a5e0bce51bdcedbf867d590e11b13541369aa27","Ethereum / EVM","secp256k1 / ECDSA","NO","0","","","","","1066","2026-05-27T22:41:32.152Z"
"0x9a632cd9cb44f9383bf6f3117056c2455b30a6e0","Ethereum / EVM","secp256k1 / ECDSA","NO","0","","","","","1064","2026-05-27T22:41:32.152Z"
"0x9a638ac4ee98a7f007249be37424c74453f7dfb2","Ethereum / EVM","secp256k1 / ECDSA","NO","0","","","","","1125","2026-05-27T22:41:40.507Z"
"0x9a6eb571d318ddd6648868a4514e7cb3f1554d8e","Ethereum / EVM","secp256k1 / ECDSA","NO","0","","","","","1130","2026-05-27T22:41:40.507Z"
"0x9a7197f7b43c81fe464a5d052f626fbe9d20cd1b","Ethereum / EVM","secp256k1 / ECDSA","NO","0","","","","","1059","2026-05-27T22:41:40.507Z"
"0x9a721b20043f11861c1aeb49368ceb99d166ba73","Ethereum / EVM","secp256k1 / ECDSA","NO","0","","","","","1078","2026-05-27T22:41:48.495Z"
"0x9a721f3e58a285787d9eae2170459b7adb06ba73","Ethereum / EVM","secp256k1 / ECDSA","NO","0","","","","","1079","2026-05-27T22:41:48.495Z"
"0x9a7226c3f2c4663af5786bdca118ce1d8d06ba73","Ethereum / EVM","secp256k1 / ECDSA","NO","0","","","","","1055","2026-05-27T22:41:48.495Z"
"0x9a72370b38ec75f08c2d0f059defa119ec64ba73","Ethereum / EVM","secp256k1 / ECDSA","NO","0","","","","","1050","2026-05-27T22:41:56.667Z"
"0x9a725effbc14412747871b4509b8038c6874ba73","Ethereum / EVM","secp256k1 / ECDSA","NO","0","","","","","1059","2026-05-27T22:41:56.667Z"
"0x9a72643e82b7ed8db3d575c02621e91d8d06ba73","Ethereum / EVM","secp256k1 / ECDSA","NO","0","","","","","1051","2026-05-27T22:41:56.667Z"
"0x9a729de567b8f8dca18fe05fe6464935dc8e5a73","Ethereum / EVM","secp256k1 / ECDSA","NO","0","","","","","5583","2026-05-27T22:42:21.502Z"
"0x9a7775179faf32aa0cc515f56df8dde0c149ba73","Ethereum / EVM","secp256k1 / ECDSA","NO","0","","","","","13370","2026-05-27T22:42:21.502Z"
"0x9a7f54b0aa58e0ac02e4834970cac4f5064c6840","Ethereum / EVM","secp256k1 / ECDSA","NO","0","","","","","1053","2026-05-27T22:42:21.502Z"
"0x9a86469c06263eef097ee50244e7871325ec1188","Ethereum / EVM","secp256k1 / ECDSA","NO","0","","","","","1071","2026-05-27T22:42:29.971Z"
"0x9a8a1fca1caa63bc551b46dba1df70da90882be7","Ethereum / EVM","secp256k1 / ECDSA","NO","0","","","","","1061","2026-05-27T22:42:29.971Z"
"0x9a91ce4dca81c0972cd07cb9afbdf1cbd7cf5533","Ethereum / EVM","secp256k1 / ECDSA","NO","0","","","","","1059","2026-05-27T22:42:29.971Z"
"0x9aa99d33b79f188a0209d592139f11a85416ad3e","Ethereum / EVM","secp256k1 / ECDSA","NO","0","","","","","1068","2026-05-27T22:42:38.025Z"
"0x9ab030f1b25ec30027bda6222b0bbfefae963b02","Ethereum / EVM","secp256k1 / ECDSA","NO","0","","","","","1067","2026-05-27T22:42:38.025Z"
"0x9ac5637d295fea4f51e086c329d791cc157b1c84","Ethereum / EVM","secp256k1 / ECDSA","NO","0","","","","","1085","2026-05-27T22:42:38.025Z"
"0x9ac7c326715e0350c533f66b297d389742ef4a72","Ethereum / EVM","secp256k1 / ECDSA","NO","0","","","","","1056","2026-05-27T22:42:46.016Z"
"0x9ad7226a49451d397b79920a1fd6e7ac30873864","Ethereum / EVM","secp256k1 / ECDSA","NO","0","","","","","1069","2026-05-27T22:42:46.016Z"
"0x9af2f7293c5306d0ec5ae4e2936108f270eac6da","Ethereum / EVM","secp256k1 / ECDSA","NO","0","","","","","1059","2026-05-27T22:42:46.016Z"
"0x9af3b7dc29d3c4b1a5731408b6a9656fa7ac3b72","Ethereum / EVM","secp256k1 / ECDSA","NO","0","","","","","1052","2026-05-27T22:42:54.202Z"
"0x9af62d02732d7f7588c9cfa9e65acc13af55fb61","Ethereum / EVM","secp256k1 / ECDSA","NO","0","","","","","1061","2026-05-27T22:42:54.202Z"
"0x9afe7910ae4a3c7ee0384b442f48a0aac6908ca0","Ethereum / EVM","secp256k1 / ECDSA","NO","0","","","","","1066","2026-05-27T22:42:54.202Z"
"0x9b0b101def7368552f559eea47ba47a5af7ae813","Ethereum / EVM","secp256k1 / ECDSA","NO","0","","","","","30490","2026-05-28T22:41:09.074Z"
"0x9b0c45d46d386cedd98873168c36efd0dcba8d46","Ethereum / EVM","secp256k1 / ECDSA","NO","0","","","","Error: Scan timeout after 300s","944947","2026-05-28T22:41:09.074Z"
"0x9b1497ea52bb8725b6504cd0652c2f459e740ef6","Ethereum / EVM","secp256k1 / ECDSA","NO","0","","","","","113481","2026-05-28T22:41:09.074Z"
"0x9b1b80d1123afb0e1db98ac65e80fbb0e7a58974","Ethereum / EVM","secp256k1 / ECDSA","NO","0","","","","","3527","2026-05-28T22:41:39.722Z"
"0x9b1d0ba047e4df277d6a2792ec7ae43f071b8974","Ethereum / EVM","secp256k1 / ECDSA","NO","0","","","","","323","2026-05-28T22:41:39.722Z"
"0x9b2aa18edf8e2be2ba70fff2e8feae0c2c135ca0","Ethereum / EVM","secp256k1 / ECDSA","NO","0","","","","","23643","2026-05-28T22:41:39.722Z"
"0x9b3f77a5ce1919e1a2060139e50e87491bbdb68a","Ethereum / EVM","secp256k1 / ECDSA","NO","0","","","","","70975","2026-05-28T22:43:46.190Z"
"0x9b438516a14a250ca113460b755238fef6517714","Ethereum / EVM","secp256k1 / ECDSA","NO","0","","","","","49700","2026-05-28T22:43:46.190Z"
"0x9b5f519e071a12ba2a28326fbe2acdf5b9db290e","Ethereum / EVM","secp256k1 / ECDSA","NO","0","","","","","4376","2026-05-28T22:43:46.190Z"
"0x9b616ac1d31f17be9b23560d93699ca7732e2808","Ethereum / EVM","secp256k1 / ECDSA","NO","0","","","","Error: Scan timeout after 300s","300114","2026-05-28T22:48:59.258Z"
"0x9b64203878f24eb0cdf55c8c6fa7d08ba0cf77e5","Ethereum / EVM","secp256k1 / ECDSA","NO","0","","","","","737","2026-05-28T22:48:59.258Z"
"0x9b7654073276290900130dc5b9cf8321a9655b90","Ethereum / EVM","secp256k1 / ECDSA","NO","0","","","","","8638","2026-05-28T22:48:59.258Z"
"0x9b7c5bc3a832454cef80b0856be4130375887415","Ethereum / EVM","secp256k1 / ECDSA","NO","0","","","","","7895","2026-05-28T22:49:21.720Z"
"0x9b86d04f967c3dfea8ad141b784bf494b5352220","Ethereum / EVM","secp256k1 / ECDSA","NO","0","","","","","2978","2026-05-28T22:49:21.720Z"
"0x9b91a4b8c55ea14fd97ae60c0dc938129096faa6","Ethereum / EVM","secp256k1 / ECDSA","NO","0","","","","","5432","2026-05-28T22:49:21.720Z"
"0x9b9fd485e94c73af3bc8b9a630c4de7203bc96cb","Ethereum / EVM","secp256k1 / ECDSA","NO","0","","","","","7050","2026-05-28T22:49:39.201Z"
"0x9bb9a0f32dcc282d7004466628bbe8955b011cb9","Ethereum / EVM","secp256k1 / ECDSA","NO","0","","","","","286","2026-05-28T22:49:39.201Z"
"0x9c0311409648315e5f5a9b4ed618d157a94d7fc5","Ethereum / EVM","secp256k1 / ECDSA","NO","0","","","","","1058","2026-05-28T22:49:39.201Z"
"0x9c19b0497997fe9e75862688a295168070456951","Ethereum / EVM","secp256k1 / ECDSA","NO","0","","","","","1091","2026-05-28T22:49:49.595Z"
"0x9c1ebdc31e6579fdac14de2600fc72074a41bdb9","Ethereum / EVM","secp256k1 / ECDSA","NO","0","","","","","1108","2026-05-28T22:49:49.595Z"
"0x9c3a3031cff0d846eeef8d165da7c6f3c581cc6a","Ethereum / EVM","secp256k1 / ECDSA","NO","0","","","","","1078","2026-05-28T22:49:49.595Z"
"0x9c403ea9784d8cd1d7b18c9d438d905b718b9efc","Ethereum / EVM","secp256k1 / ECDSA","NO","0","","","","","1113","2026-05-28T22:49:57.406Z"
"0x9c4046a484b88993b302864b10a1dab036d19efc","Ethereum / EVM","secp256k1 / ECDSA","NO","0","","","","","1076","2026-05-28T22:49:57.406Z"
"0x9c465ca38491b89d57e6c74ef26da1514fa79efc","Ethereum / EVM","secp256k1 / ECDSA","NO","0","","","","","1076","2026-05-28T22:49:57.406Z"
"0x9c4ec768c28520b50860ea7a15bd7213a9ff58bf","Ethereum / EVM","secp256k1 / ECDSA","NO","0","","","","","1071","2026-05-28T22:50:06.332Z"
"0x9c6708958abbf22e9105f893e441dad888b75127","Ethereum / EVM","secp256k1 / ECDSA","NO","0","","","","","1079","2026-05-28T22:50:06.332Z"
"0x9c6750d463ad17deec97a630af766f0a78f95127","Ethereum / EVM","secp256k1 / ECDSA","NO","0","","","","","794","2026-05-28T22:50:06.332Z"
"0x9c67b0ad0dab24a54810ff4aaafa988f49505127","Ethereum / EVM","secp256k1 / ECDSA","NO","0","","","","","1045","2026-05-28T22:50:13.467Z"
"0x9c67c863606446197e75d227070443a5b9695127","Ethereum / EVM","secp256k1 / ECDSA","NO","0","","","","","937","2026-05-28T22:50:13.467Z"
"0x9c67ea0271d68566c4ee0adab9d1c65cf2f35127","Ethereum / EVM","secp256k1 / ECDSA","NO","0","","","","","1160","2026-05-28T22:50:13.467Z"
"0x9c70456899fe193891b61c9ee15004d557f6595d","Ethereum / EVM","secp256k1 / ECDSA","NO","0","","","","","2101","2026-05-28T23:26:12.521Z"
"0x9c87e5efc511e27739abc88ad2bd8db304de3e27","Ethereum / EVM","secp256k1 / ECDSA","NO","0","","","","Error: Scan timeout after 300s","773203","2026-05-28T23:26:12.521Z"
"0x9c8cc7d9dd29ccb00e9a3895194e1e9dcac96373","Ethereum / EVM","secp256k1 / ECDSA","NO","0","","","","","879","2026-05-28T23:26:12.521Z"
"0x9c9fbe16a33cd9701103277c58176bc099287ed8","Ethereum / EVM","secp256k1 / ECDSA","NO","0","","","","","1822","2026-05-28T23:26:22.259Z"
"0x9ca2a439810524250e543ba8fb6e88578af242bc","Ethereum / EVM","secp256k1 / ECDSA","NO","0","","","","","365","2026-05-28T23:26:22.259Z"
"0x9cbdbd7fa768ad6e9546ff57238722fa9b925329","Ethereum / EVM","secp256k1 / ECDSA","NO","0","","","","","430","2026-05-28T23:26:22.259Z"
"0x9cf56b25d59616e594f0a9e20147fb14c1b99aea","Ethereum / EVM","secp256k1 / ECDSA","NO","0","","","","","324","2026-05-28T23:26:31.185Z"
"0x9d0349de0980b565df86c24fc24e282fd4d50eb9","Ethereum / EVM","secp256k1 / ECDSA","NO","0","","","","","2735","2026-05-28T23:26:31.185Z"
"0x9d2231a04fc9f15527fe648e332e0f5dbf75253d","Ethereum / EVM","secp256k1 / ECDSA","NO","0","","","","","231","2026-05-28T23:26:31.185Z"
"0x9d22a15a5be76dba196f2bf5dc2aea734ddd7c90","Ethereum / EVM","secp256k1 / ECDSA","NO","0","","","","","126329","2026-05-28T23:28:47.543Z"
"0x9d271a4e9523d74572b618ec10419a0a330e1bf0","Ethereum / EVM","secp256k1 / ECDSA","NO","0","","","","","392","2026-05-28T23:28:47.543Z"
"0x9d2bf67e8fb8c08217a6a0f0ff0108954eb17429","Ethereum / EVM","secp256k1 / ECDSA","NO","0","","","","","4995","2026-05-28T23:28:47.543Z"
"0x9d2fa29ab828fd9cf899218a29ebcc2d8876c83c","Ethereum / EVM","secp256k1 / ECDSA","NO","0","","","","","481","2026-05-28T23:43:35.052Z"
"0x9d301e1e7e1d21280bc3e31e68cdcba549a464c7","Ethereum / EVM","secp256k1 / ECDSA","NO","0","","","","","438","2026-05-28T23:43:35.052Z"
"0x9d3084d0fdabce20f1bd3271d86b0e4f630c64c7","Ethereum / EVM","secp256k1 / ECDSA","NO","0","","","","Error: Scan timeout after 300s","885667","2026-05-28T23:43:35.052Z"
"0x9d422a556214439931ba61c11bebdcc58409b9e3","Ethereum / EVM","secp256k1 / ECDSA","NO","0","","","","Error: Scan timeout after 300s","768908","2026-05-28T23:56:34.030Z"
"0x9d42fee2e1a1c046aa94dda3946c23e33b7b3033","Ethereum / EVM","secp256k1 / ECDSA","NO","0","","","","","1738","2026-05-28T23:56:34.030Z"
"0x9d45081706102e7aaddd0973268457527722e274","Ethereum / EVM","secp256k1 / ECDSA","NO","0","","","","","387","2026-05-28T23:56:34.030Z"
"0x9d4f93660bdeff951522ed52f7a396b162721d2c","Ethereum / EVM","secp256k1 / ECDSA","NO","0","","","","","4031","2026-05-29T00:01:48.708Z"
"0x9d630e58521abce4bc097c12f39d013f35e30ae1","Ethereum / EVM","secp256k1 / ECDSA","NO","0","","","","","4462","2026-05-29T00:02:04.284Z"
"0x9d83c09b10e96a837b119615fc9c426afc58c945","Ethereum / EVM","secp256k1 / ECDSA","NO","0","","","","","208","2026-05-29T00:02:04.284Z"
"0x9d83c8cfb7025714a875994b2fe9f647a9b8c945","Ethereum / EVM","secp256k1 / ECDSA","NO","0","","","","","6069","2026-05-29T00:02:04.284Z"
"0x9d88f5ffc0872d8db38f29645d58948bc5a4d904","Ethereum / EVM","secp256k1 / ECDSA","NO","0","","","","","21810","2026-05-29T00:02:33.921Z"
"0x9d9b73860477876f6efc6406fd039af18f810a36","Ethereum / EVM","secp256k1 / ECDSA","NO","0","","","","","1106","2026-05-29T00:02:33.921Z"
"0x9db1b94517ce69497fc1df7a41d4d9cf9e858bbe","Ethereum / EVM","secp256k1 / ECDSA","NO","0","","","","","1129","2026-05-29T00:02:33.921Z"
"0x9db622fda1f74d77674344b4b199dbb21ddd947e","Ethereum / EVM","secp256k1 / ECDSA","NO","0","","","","","1128","2026-05-29T00:02:40.127Z"
"0x9dc0828d6e4a53e2a09dcd21bf6b58a698b77743","Ethereum / EVM","secp256k1 / ECDSA","NO","0","","","","","1134","2026-05-29T00:02:40.127Z"
"0x9dccac3cabeb3d969ee3b98fa4f7a41ca1f81154","Ethereum / EVM","secp256k1 / ECDSA","NO","0","","","","","1123","2026-05-29T00:02:40.127Z"
"0x9de13fbf0139236823b39e35f2ef500c7e270ecc","Ethereum / EVM","secp256k1 / ECDSA","NO","0","","","","","1133","2026-05-29T00:02:47.649Z"
"0x9de256a0266dcaa39afb31056dc101e2e9dcffc9","Ethereum / EVM","secp256k1 / ECDSA","NO","0","","","","","853","2026-05-29T00:02:47.649Z"
"0x9e0d5185791ba456bd4bf32968afc3d805c13adc","Ethereum / EVM","secp256k1 / ECDSA","NO","0","","","","","838","2026-05-29T00:02:47.649Z"
"0x9e19cf6e1673cd5946aa600ba37a950a7f98a4cf","Ethereum / EVM","secp256k1 / ECDSA","NO","0","","","","","78515","2026-05-29T00:04:26.353Z"
"0x9e207c853a494a11de58d4a273ddfd0abf4e5989","Ethereum / EVM","secp256k1 / ECDSA","NO","0","","","","","10118","2026-05-29T00:04:26.353Z"
"0x9e2b6378ee8ad2a4a95fe481d63caba8fb0ebbf9","Ethereum / EVM","secp256k1 / ECDSA","NO","0","","","","","1056","2026-05-29T00:04:26.353Z"
"0x9e2ba7d7964b29df5be30884c508ec34acb9d483","Ethereum / EVM","secp256k1 / ECDSA","NO","0","","","","","11941","2026-05-29T00:04:50.827Z"
"0x9e3ad77ad3516ac16baf29a9089234acb8854aac","Ethereum / EVM","secp256k1 / ECDSA","NO","0","","","","","3235","2026-05-29T00:04:50.827Z"
"0x9e50e00fb40e29191530e669c1455abaa2973598","Ethereum / EVM","secp256k1 / ECDSA","NO","0","","","","","3685","2026-05-29T00:04:50.827Z"
"0x9e52fad130a41a9c5b97442768c6b20e4f3ad40d","Ethereum / EVM","secp256k1 / ECDSA","NO","0","","","","","5836","2026-05-29T00:05:06.677Z"
"0x9e5cc3af2c87527fdb48eb783e84e0fd9a59918a","Ethereum / EVM","secp256k1 / ECDSA","NO","0","","","","","654","2026-05-29T00:05:06.677Z"
"0x9E7328fcf68B6306f9d2E5957f9A902F46aE6Eba","Ethereum / EVM","secp256k1 / ECDSA","NO","0","","","","","942","2026-05-29T00:05:06.677Z"
"0x9e7acfa1ade460a6e53c3ab5d632822da925f7ed","Ethereum / EVM","secp256k1 / ECDSA","NO","0","","","","","134157","2026-05-29T00:08:35.671Z"
"0x9e8058fd6009bfbb26a77569d811eb40cb4ad38c","Ethereum / EVM","secp256k1 / ECDSA","NO","0","","","","","70665","2026-05-29T00:08:35.671Z"
"0x9e9877b743bb74e6d508259e730a86096c89f1f8","Ethereum / EVM","secp256k1 / ECDSA","NO","0","","","","","3530","2026-05-29T00:08:35.671Z"
"0x9eadbe35f3ee3bf3e28180070c429298a1b02f93","Ethereum / EVM","secp256k1 / ECDSA","NO","0","","","","","492","2026-05-29T00:09:37.089Z"
"0x9ec2528f233976d2c416b2251e1a2c36874debac","Ethereum / EVM","secp256k1 / ECDSA","NO","0","","","","","55753","2026-05-29T00:09:37.089Z"
"0x9edace30af43452c8e8ddd34ea1ab17284d8215b","Ethereum / EVM","secp256k1 / ECDSA","NO","0","","","","","3162","2026-05-29T00:09:37.089Z"
"0x9ee14b0b99be5a02bbf2de0138159a9638f9f57c","Ethereum / EVM","secp256k1 / ECDSA","NO","0","","","","","34360","2026-05-29T00:10:43.083Z"
"0x9ef258f3053159de2bfb531e6a18a18bfe014ea6","Ethereum / EVM","secp256k1 / ECDSA","NO","0","","","","","26857","2026-05-29T00:10:43.083Z"
"0x9efdc68d3773f0190994970378edf1ef7ae5eca6","Ethereum / EVM","secp256k1 / ECDSA","NO","0","","","","","611","2026-05-29T00:10:43.083Z"
"0x9f0491b32dbce587c50c4c43ab303b06478193a7","Ethereum / EVM","secp256k1 / ECDSA","NO","0","","","","","328","2026-05-29T00:27:08.431Z"
"0x9f09bcf29cb0699690df51de7b45600b2e79020c","Ethereum / EVM","secp256k1 / ECDSA","NO","0","","","","Error: Scan timeout after 300s","516120","2026-05-29T00:27:08.431Z"
"0x9f09df220b2e9e1ba494d70bda08ac7dc96e57ae","Ethereum / EVM","secp256k1 / ECDSA","NO","0","","","","","4375","2026-05-29T00:27:08.431Z"
"0x9f2667521dc1df1f3713a85e7b4d49ee7221bc17","Ethereum / EVM","secp256k1 / ECDSA","NO","0","","","","","721","2026-05-29T00:55:33.866Z"
"0x9f2fa8543a0458c5e33c83693f5889237a8fec60","Ethereum / EVM","secp256k1 / ECDSA","NO","0","","","","Error: Scan timeout after 300s","869388","2026-05-29T00:55:33.866Z"
"0x9f484dc01018c0119773d8819249284e69265adb","Ethereum / EVM","secp256k1 / ECDSA","NO","0","","","","","13378","2026-05-29T00:55:33.866Z"
"0x9f4a09892d5b263f0455549a056a9ec976743cfb","Ethereum / EVM","secp256k1 / ECDSA","NO","0","","","","","77531","2026-05-29T00:57:00.155Z"
"0xa038a6050ad426a6eac4e5ca9dc78b15bc4d64e9","Ethereum / EVM","secp256k1 / ECDSA","NO","0","","","","","1124","2026-05-29T00:59:34.394Z"
"0xa06171c34b4a761975023968848f5d4bcf85ea6a","Ethereum / EVM","secp256k1 / ECDSA","NO","0","","","","","1104","2026-05-29T00:59:34.394Z"
"0x9f52381a5843ebc0e3f31a1fc2505c040d4e2164","Ethereum / EVM","secp256k1 / ECDSA","NO","0","","","","","1321","2026-05-29T00:57:00.155Z"
"0x9f6218959f3a1d0f5e55c974678dae820087b315","Ethereum / EVM","secp256k1 / ECDSA","NO","0","","","","","417","2026-05-29T00:57:00.155Z"
"0x9f7968de728ac7a6769141f63dca03fd8b03a76f","Ethereum / EVM","secp256k1 / ECDSA","NO","0","","","","","456","2026-05-29T00:58:27.137Z"
"0x9f7df6103e1313b66ee573eadebce8f53d6f764d","Ethereum / EVM","secp256k1 / ECDSA","NO","0","","","","","80478","2026-05-29T00:58:27.137Z"
"0x9f8f72aa9304c8b593d555f12ef6589cc3a579a2","Ethereum / EVM","secp256k1 / ECDSA","NO","0","","","","","498","2026-05-29T00:58:27.137Z"
"0x9fa0f9a15711f1ee114e8bbcb9d16c5e1ff17dba","Ethereum / EVM","secp256k1 / ECDSA","NO","0","","","","","8242","2026-05-29T00:58:57.900Z"
"0x9fb99504d18d30535dfcd723cf44ca45ff974455","Ethereum / EVM","secp256k1 / ECDSA","NO","0","","","","","4540","2026-05-29T00:58:57.900Z"
"0x9fe1617633ef7e0b2c81b86498a452e46d7f3524","Ethereum / EVM","secp256k1 / ECDSA","NO","0","","","","","10413","2026-05-29T00:58:57.900Z"
"0x9fe3488c7c1ff3fd2f2ae84fb9c80bc9ad87b065","Ethereum / EVM","secp256k1 / ECDSA","NO","0","","","","","8715","2026-05-29T00:59:17.631Z"
"0xa01aa2196724a39290f465b3925e5dcafe7f2256","Ethereum / EVM","secp256k1 / ECDSA","NO","0","","","","","1171","2026-05-29T00:59:17.631Z"
"0xa023f08c70a23abc7edfc5b6b5e171d78dfc947e","Ethereum / EVM","secp256k1 / ECDSA","NO","0","","","","","1158","2026-05-29T00:59:17.631Z"
"0xa02be917889005c59efdc3dfe3654cecf831c3fe","Ethereum / EVM","secp256k1 / ECDSA","NO","0","","","","","1234","2026-05-29T00:59:26.578Z"
"0xa03400e098f4421b34a3a44a1b4e571419517687","Ethereum / EVM","secp256k1 / ECDSA","NO","0","","","","","1169","2026-05-29T00:59:26.578Z"
"0xa034da4830f0adf1c20e2dc178a925d1625eba68","Ethereum / EVM","secp256k1 / ECDSA","NO","0","","","","","1201","2026-05-29T00:59:26.578Z"
"0xa037943770307280dbad40be332f1edab1c598bb","Ethereum / EVM","secp256k1 / ECDSA","NO","0","","","","","1124","2026-05-29T00:59:34.394Z"
"0xa072dcf6bec138ddb4874f9e6bdb8b10cb3f831f","Ethereum / EVM","secp256k1 / ECDSA","NO","0","","","","","1112","2026-05-29T00:59:42.400Z"
"0xa0736a89beba3b9be43e7b46b0980d3d946258ac","Ethereum / EVM","secp256k1 / ECDSA","NO","0","","","","","1088","2026-05-29T00:59:42.400Z"
"0xa086a451d757c386d48feb36b1d7b74fc3ad7c5c","Ethereum / EVM","secp256k1 / ECDSA","NO","0","","","","","1093","2026-05-29T00:59:42.400Z"
"0xa087283c4c61bda0e9d7cdfd4db881f2833b0832","Ethereum / EVM","secp256k1 / ECDSA","NO","0","","","","","1071","2026-05-29T00:59:54.718Z"
"0xa08a8fd86e406e20b1269baa80587eda98694e43","Ethereum / EVM","secp256k1 / ECDSA","NO","0","","","","","1101","2026-05-29T00:59:54.718Z"
"0xa09be0fcaaa19da3c9780f768ca8c31f3905b6ea","Ethereum / EVM","secp256k1 / ECDSA","NO","0","","","","","5309","2026-05-29T00:59:54.718Z"
"0xa0a08082103a5b7cec58614fe51269ab94c5e80c","Ethereum / EVM","secp256k1 / ECDSA","NO","0","","","","","4034","2026-05-29T01:14:39.706Z"
"0xa0b86991c6218b36c1d19d4a2e9eb0ce3606eb48","Ethereum / EVM","secp256k1 / ECDSA","NO","0","","","","","424","2026-05-29T01:14:39.706Z"
"0xa0ba601c986493416713b5423d30b2a390e55d73","Ethereum / EVM","secp256k1 / ECDSA","NO","0","","","","Error: Scan timeout after 300s","871367","2026-05-29T01:14:39.706Z"
"0xa0bb1ebf52a9307f30509d3b385754c33b7f2e26","Ethereum / EVM","secp256k1 / ECDSA","NO","0","","","","","877","2026-05-29T01:21:29.893Z"
"0xa0c177f851b84225607a3fa03dbecd77f7e517a3","Ethereum / EVM","secp256k1 / ECDSA","NO","0","","","","","41411","2026-05-29T01:21:29.893Z"
"0xa0ce0c0380ac07444f442cdea024c0e6735c3660","Ethereum / EVM","secp256k1 / ECDSA","NO","0","","","","","35063","2026-05-29T01:21:29.893Z"
"0xa0d8b8cc20f9b071a2303d3c9769c63fd8aad8c4","Ethereum / EVM","secp256k1 / ECDSA","NO","0","","","","","6937","2026-05-29T01:21:59.736Z"
"0xa11726bd728153f67c961fe9bc4812543ce361a7","Ethereum / EVM","secp256k1 / ECDSA","NO","0","","","","","15318","2026-05-29T01:21:59.736Z"
"0xa13a3c78d5a49ed234bde204990c57375db9be7d","Ethereum / EVM","secp256k1 / ECDSA","NO","0","","","","","773","2026-05-29T01:21:59.736Z"
"0xa23fbd41db6f785db4c0f1105174eaf1d1768f00","Ethereum / EVM","secp256k1 / ECDSA","NO","0","","","","","10918","2026-05-29T02:20:26.097Z"
"0xa3cf9dae90d5c0f7d51099c1b98dea56bdc4e339","Ethereum / EVM","secp256k1 / ECDSA","NO","0","","","","","1027","2026-05-29T07:16:30.566Z"
"0xa16285fe96ec297bcd8522e25ad7550b31c8fb91","Ethereum / EVM","secp256k1 / ECDSA","NO","0","","","","","3443","2026-05-29T01:24:27.548Z"
"0xa16a7c1f305082bb4d008ee970a196d389616169","Ethereum / EVM","secp256k1 / ECDSA","NO","0","","","","","202","2026-05-29T01:24:27.548Z"
"0xa17ed641772769a55237a39d5e797f0e3b9424b9","Ethereum / EVM","secp256k1 / ECDSA","NO","0","","","","","140822","2026-05-29T01:24:27.548Z"
"0xa18ca3390e348feeb47d71f888334f552fa1d04f","Ethereum / EVM","secp256k1 / ECDSA","NO","0","","","","","263","2026-05-29T02:05:49.648Z"
"0xa18ced6a6567c25e2437c7e43e8e5726c80fd04f","Ethereum / EVM","secp256k1 / ECDSA","NO","0","","","","","391","2026-05-29T02:05:49.648Z"
"0xa1abfa21f80ecf401bd41365adbb6fef6fefdf09","Ethereum / EVM","secp256k1 / ECDSA","NO","0","","","","Error: Scan timeout after 300s","300002","2026-05-29T02:05:49.648Z"
"0xa1b18d734c3defa7dc61803417cf878517a56c57","Ethereum / EVM","secp256k1 / ECDSA","NO","0","","","","Error: Scan timeout after 300s","696506","2026-05-29T02:17:27.288Z"
"0xa1bd65a95cf7248ad20e4897f523c3bedbea77c9","Ethereum / EVM","secp256k1 / ECDSA","NO","0","","","","","413","2026-05-29T02:17:27.288Z"
"0xa1bea5fe917450041748dbbbe7e9ac57a4bbebab","Ethereum / EVM","secp256k1 / ECDSA","NO","0","","","","","385","2026-05-29T02:17:27.288Z"
"0xa1c57f48f0deb89f569dfbe6e2b7f46d33606fd4","Ethereum / EVM","secp256k1 / ECDSA","NO","0","","","","","481","2026-05-29T02:18:49.969Z"
"0xa1cacef3a431838af3a5392fa89d533c793abd95","Ethereum / EVM","secp256k1 / ECDSA","NO","0","","","","","3097","2026-05-29T02:18:49.969Z"
"0xa1d36736bc7ec58305acbd66ec6607bcf1a6d615","Ethereum / EVM","secp256k1 / ECDSA","NO","0","","","","","2544","2026-05-29T02:18:49.969Z"
"0xa1dcbb4c33a20e4e4557d607d2625eb4a9f5a4da","Ethereum / EVM","secp256k1 / ECDSA","NO","0","","","","","4069","2026-05-29T02:19:43.334Z"
"0xa1dcd3b5f303a71f6fdc0b66080240a44b0a7081","Ethereum / EVM","secp256k1 / ECDSA","NO","0","","","","","8696","2026-05-29T02:19:43.334Z"
"0xa209c6193dfdbb94b1cb39c194acac0ba7305a1d","Ethereum / EVM","secp256k1 / ECDSA","NO","0","","","","","37787","2026-05-29T02:19:43.334Z"
"0xa20a6fdba9ca361b28ddf4f1176fa37fe6eec09e","Ethereum / EVM","secp256k1 / ECDSA","NO","0","","","","","10323","2026-05-29T02:20:05.952Z"
"0xa215bfa1d3c6701f451edefbdcf1905bece08538","Ethereum / EVM","secp256k1 / ECDSA","NO","0","","","","","4170","2026-05-29T02:20:05.952Z"
"0xa21ece44cc5dac03e3805362bd3f68f22a49ea1e","Ethereum / EVM","secp256k1 / ECDSA","NO","0","","","","","406","2026-05-29T02:20:05.952Z"
"0xa22bac86e8f721875c6be26c1fc0b021442f7279","Ethereum / EVM","secp256k1 / ECDSA","NO","0","","","","","414","2026-05-29T02:20:26.097Z"
"0xa249523f1fa48791c51fdba7c284659d3d23ddad","Ethereum / EVM","secp256k1 / ECDSA","NO","0","","","","","5983","2026-05-29T02:20:26.097Z"
"0xa24ea1aeb52c655b651e3ef57a1c7fc1a7c5c1f2","Ethereum / EVM","secp256k1 / ECDSA","NO","0","","","","","1157","2026-05-29T02:20:36.854Z"
"0xa2956bd3e8fc19b9f62261517ead306b665533e6","Ethereum / EVM","secp256k1 / ECDSA","NO","0","","","","","1146","2026-05-29T02:20:36.854Z"
"0xa29ec5191260329f140d2f81fd681cb8a76f8da4","Ethereum / EVM","secp256k1 / ECDSA","NO","0","","","","","1146","2026-05-29T02:20:36.854Z"
"0xa2a4245aa38f8d7411790026dddd265f63a3b449","Ethereum / EVM","secp256k1 / ECDSA","NO","0","","","","","1166","2026-05-29T02:20:44.922Z"
"0xa2a48070f25c62ff4e585fd1f4e61bef63a3b449","Ethereum / EVM","secp256k1 / ECDSA","NO","0","","","","","1153","2026-05-29T02:20:44.922Z"
"0xa2a489e28ed535a92e3fd054e9151f7f63a3b449","Ethereum / EVM","secp256k1 / ECDSA","NO","0","","","","","1168","2026-05-29T02:20:44.922Z"
"0xa2a85f9a456e1106084609712cc09e2cb785b4ea","Ethereum / EVM","secp256k1 / ECDSA","NO","0","","","","","5643","2026-05-29T02:20:56.386Z"
"0xa2b50423d1c3419c4b360020e3e89c663ed66f72","Ethereum / EVM","secp256k1 / ECDSA","NO","0","","","","","314","2026-05-29T02:20:56.386Z"
"0xa2b8a3ff768572e130c354f568ca5239eed66f72","Ethereum / EVM","secp256k1 / ECDSA","NO","0","","","","","947","2026-05-29T02:20:56.386Z"
"0xa2cc44f039bed83b82aeb5227c658974e8dd7f7e","Ethereum / EVM","secp256k1 / ECDSA","NO","0","","","","","19225","2026-05-29T02:21:37.785Z"
"0xa2d03f508653f77f8b3f15ef3d3945a2f3f2b24c","Ethereum / EVM","secp256k1 / ECDSA","NO","0","","","","","4661","2026-05-29T02:21:37.785Z"
"0xa2d54461ea1f11cf18759f3f2e0478cb98904333","Ethereum / EVM","secp256k1 / ECDSA","NO","0","","","","","16412","2026-05-29T02:21:37.785Z"
"0xa3cf57f1fae61b39909f96c31453690187e4e339","Ethereum / EVM","secp256k1 / ECDSA","NO","0","","","","Error: Scan timeout after 300s","510001","2026-05-29T07:15:26.897Z"
"0xa3cf90b5874d93699c1b87107ba15dcd2821e339","Ethereum / EVM","secp256k1 / ECDSA","NO","0","","","","","1741","2026-05-29T07:15:26.897Z"
"0xa3cf96b9e1408c20998108b8c5bc115630571339","Ethereum / EVM","secp256k1 / ECDSA","NO","0","","","","","28601","2026-05-29T07:15:26.897Z"
"0xa2e6ec3bb8362240f4b646ca73b20f7ad96ce6eb","Ethereum / EVM","secp256k1 / ECDSA","NO","0","","","","","6934","2026-05-29T02:22:16.450Z"
"0xa2eae310a929b2638e236e818caaec4ffbdf58b9","Ethereum / EVM","secp256k1 / ECDSA","NO","0","","","","","10056","2026-05-29T02:22:16.450Z"
"0xa2f73f3d8284acc87c3672dc43312e6f531cab8f","Ethereum / EVM","secp256k1 / ECDSA","NO","0","","","","","15382","2026-05-29T02:22:16.450Z"
"0xa2f9cfa0a02bec436aca86754b89ff9bad24ebd3","Ethereum / EVM","secp256k1 / ECDSA","NO","0","","","","","46296","2026-05-29T02:27:28.030Z"
"0xa3067f74f78e25a5b98042330f1c6500416a9aaa","Ethereum / EVM","secp256k1 / ECDSA","NO","0","","","","","240460","2026-05-29T02:27:28.030Z"
"0xa30e952e5fbacb6ae4896cdc22cb28c78f15bc52","Ethereum / EVM","secp256k1 / ECDSA","NO","0","","","","","17677","2026-05-29T02:27:28.030Z"
"0xa31231e727ca53ff95f0d00a06c645110c4ab647","Ethereum / EVM","secp256k1 / ECDSA","NO","0","","","","Error: Scan timeout after 300s","951754","2026-05-29T06:34:17.808Z"
"0xa316b4350503974fa48455c4b98da0da270d51bf","Ethereum / EVM","secp256k1 / ECDSA","NO","0","","","","","49212","2026-05-29T06:34:17.808Z"
"0xa31b8850a59f804067ad4115320d9639a5d6337a","Ethereum / EVM","secp256k1 / ECDSA","NO","0","","","","Error: Scan timeout after 300s","527400","2026-05-29T06:34:17.808Z"
"0xa3222357a0eccf60c73606170be6c99adecb59b3","Ethereum / EVM","secp256k1 / ECDSA","NO","0","","","","","336","2026-05-29T06:34:57.787Z"
"0xa354f35829ae975e850e23e9615b11da1b3dc4de","Ethereum / EVM","secp256k1 / ECDSA","NO","0","","","","","471","2026-05-29T06:34:57.787Z"
"0xa36a19f4570200ab84168b408799fd8079fce8d4","Ethereum / EVM","secp256k1 / ECDSA","NO","0","","","","","30876","2026-05-29T06:34:57.787Z"
"0xa3835194a2fc45bbba69b98d91e32f5e4b77fbfd","Ethereum / EVM","secp256k1 / ECDSA","NO","0","","","","","834","2026-05-29T06:35:10.279Z"
"0xa383638574d1c1791e91cce467f87ce10dc6fbfd","Ethereum / EVM","secp256k1 / ECDSA","NO","0","","","","","6690","2026-05-29T06:35:10.279Z"
"0xa38384623358a6f9ec212807a743f5ffcb9cfbfd","Ethereum / EVM","secp256k1 / ECDSA","NO","0","","","","","1012","2026-05-29T06:35:10.279Z"
"0xa383a72e000c056cceaa9305b7b5d2d90887fbfd","Ethereum / EVM","secp256k1 / ECDSA","NO","0","","","","Error: Scan timeout after 300s","1026484","2026-05-29T07:06:10.442Z"
"0xa3b7e585430f02eeb5d3eadbc47cbeaeb482c033","Ethereum / EVM","secp256k1 / ECDSA","NO","0","","","","Error: Scan timeout after 300s","824615","2026-05-29T07:06:10.442Z"
"0xa3c07766d6c35c2db4833b277ccc3d91d9c2e339","Ethereum / EVM","secp256k1 / ECDSA","NO","0","","","","","1340","2026-05-29T07:06:10.442Z"
"0xa3c322ad15218fbfaed26ba7f616249f7705d945","Ethereum / EVM","secp256k1 / ECDSA","NO","0","","","","","1159","2026-05-29T07:06:19.675Z"
"0xa3cf220aa99ba1d2c5f1a2b3c886ac007ee5e339","Ethereum / EVM","secp256k1 / ECDSA","NO","0","","","","","822","2026-05-29T07:06:19.675Z"
"0xa3cf4dbe7784823f5abfc5eea3cb68425cb0e339","Ethereum / EVM","secp256k1 / ECDSA","NO","0","","","","","332","2026-05-29T07:06:19.675Z"
"0xa3cfae15dffbfebe1e2d8c378ad00f3abf6fe339","Ethereum / EVM","secp256k1 / ECDSA","NO","0","","","","","4124","2026-05-29T07:16:30.566Z"
"0xa3cfc363dcebbbb3367f43da9357093e92abe339","Ethereum / EVM","secp256k1 / ECDSA","NO","0","","","","","50382","2026-05-29T07:16:30.566Z"
"0xa3cfe08f4c3e2f5ebe67e37ddf40f7dcaef54539","Ethereum / EVM","secp256k1 / ECDSA","NO","0","","","","","1263","2026-05-29T07:16:41.052Z"
"0xa3cfe3a07ece12c5ac7b7e6b7b39b6186f34e339","Ethereum / EVM","secp256k1 / ECDSA","NO","0","","","","","1251","2026-05-29T07:16:41.052Z"
"0xa3d9c179429cd7405bb6bf4afe2ddbe30e178080","Ethereum / EVM","secp256k1 / ECDSA","NO","0","","","","","1230","2026-05-29T07:16:41.052Z"
"0xa3dc2c056452f725beab8088091d9ebec7725b4f","Ethereum / EVM","secp256k1 / ECDSA","NO","0","","","","","8207","2026-05-29T07:16:59.785Z"
"0xa3e030a60482be8fc9d6a89429965db267567bd0","Ethereum / EVM","secp256k1 / ECDSA","NO","0","","","","","3891","2026-05-29T07:16:59.785Z"
"0xa3e59ae04257c7efe905eb079b19aacbd8ee9cbd","Ethereum / EVM","secp256k1 / ECDSA","NO","0","","","","","2446","2026-05-29T07:16:59.785Z"
"0xa3e70f32cd026c731aa0e0a082a49830c080a9fb","Ethereum / EVM","secp256k1 / ECDSA","NO","0","","","","","187","2026-05-29T07:17:09.693Z"
"0xa3e75326d06a2ad8e68ef2bc6b9dc79ff1a0a9fb","Ethereum / EVM","secp256k1 / ECDSA","NO","0","","","","","381","2026-05-29T07:17:09.693Z"
"0xa3ea1e339bd8887fd0cb907d1ec1df0478cbfb67","Ethereum / EVM","secp256k1 / ECDSA","NO","0","","","","","7770","2026-05-29T07:17:09.693Z"
"0xa3ef5ab9fd2e0c6049a8e662121dc0defe6fcb37","Ethereum / EVM","secp256k1 / ECDSA","NO","0","","","","Error: Scan timeout after 300s","618369","2026-05-29T07:27:39.853Z"
"0xa4021f4ea7285b509977926e61d2e2ce254f2fa1","Ethereum / EVM","secp256k1 / ECDSA","NO","0","","","","","1754","2026-05-29T07:27:39.853Z"
"0xa4046848c739b76d5cdb843556d789d9d2f75b5b","Ethereum / EVM","secp256k1 / ECDSA","NO","0","","","","","2123","2026-05-29T07:27:39.853Z"
"0xa40a21f7e053edc53087413636e035618cac3f07","Ethereum / EVM","secp256k1 / ECDSA","NO","0","","","","","3854","2026-05-29T07:28:34.373Z"
"0xa427bcdd5da3f75359a8a2281e30808f3447e3aa","Ethereum / EVM","secp256k1 / ECDSA","NO","0","","","","","45022","2026-05-29T07:28:34.373Z"
"0xa43750dedb4303f2f9a1cc7564d340680b7bae43","Ethereum / EVM","secp256k1 / ECDSA","NO","0","","","","","1375","2026-05-29T07:28:34.373Z"
"0xa4435982b4db7725279361231961a178867c1b78","Ethereum / EVM","secp256k1 / ECDSA","NO","0","","","","","1379","2026-05-29T07:28:42.291Z"
"0xa44e8370b2afb2a4a3e42e81dbfe98df41d31b78","Ethereum / EVM","secp256k1 / ECDSA","NO","0","","","","","1387","2026-05-29T07:28:42.291Z"
"0xa47218ab875cc142b310db2058a529471bbd62d1","Ethereum / EVM","secp256k1 / ECDSA","NO","0","","","","","1387","2026-05-29T07:28:42.291Z"
"0xa489faf6e337d997b8a23e2b6f3a8880b1b61e19","Ethereum / EVM","secp256k1 / ECDSA","NO","0","","","","","1375","2026-05-29T07:28:50.581Z"
"0xa48c30a3fbcd08c8d3eda23e2d9a32de47a54822","Ethereum / EVM","secp256k1 / ECDSA","NO","0","","","","","1407","2026-05-29T07:28:50.581Z"
"0xa48e76fc74f8b974a25fefd0502032c30b6ceca5","Ethereum / EVM","secp256k1 / ECDSA","NO","0","","","","","1409","2026-05-29T07:28:50.581Z"
"0xa49e6a72a76f72471782b2cff91a48555b887a41","Ethereum / EVM","secp256k1 / ECDSA","NO","0","","","","","1369","2026-05-29T07:28:58.522Z"
"0xa4a7c16f05791e373cd2a2dd10b225768ffd4307","Ethereum / EVM","secp256k1 / ECDSA","NO","0","","","","","1374","2026-05-29T07:28:58.522Z"
"0xa4aae3f0ae2932307756b6dac05cbc279e1f5307","Ethereum / EVM","secp256k1 / ECDSA","NO","0","","","","","1365","2026-05-29T07:28:58.522Z"
"0xa4b76d7cae384c9a5fd5f573cef74bfdb980e966","Ethereum / EVM","secp256k1 / ECDSA","NO","0","","","","","1415","2026-05-29T07:29:06.903Z"
"0xa4c245a7236ed20303a6634115f5cd63848e8794","Ethereum / EVM","secp256k1 / ECDSA","NO","0","","","","","1485","2026-05-29T07:29:06.903Z"
"0xa4ce0930c40a47252824a09d356a0cdb14788794","Ethereum / EVM","secp256k1 / ECDSA","NO","0","","","","","1386","2026-05-29T07:29:06.903Z"
"0xa4d65fd5017bb20904603f0a174bbbd04f81757c","Ethereum / EVM","secp256k1 / ECDSA","NO","0","","","","","1194","2026-05-29T07:29:14.419Z"
"0xa4d94019934d8333ef880abffbf2fdd611c762bd","Ethereum / EVM","secp256k1 / ECDSA","NO","0","","","","","1190","2026-05-29T07:29:14.419Z"
"0xa4e5a5713cfb4f661332f09ca9bb51bf6e3d3f0a","Ethereum / EVM","secp256k1 / ECDSA","NO","0","","","","","1210","2026-05-29T07:29:14.419Z"
"0xa4fc6a789d4c2287a3ea0be3c9d3fb746d4e3ff0","Ethereum / EVM","secp256k1 / ECDSA","NO","0","","","","","3322","2026-05-29T07:29:39.724Z"
"0xa525dd952645910e88179a80d27ca4b21d044c0f","Ethereum / EVM","secp256k1 / ECDSA","NO","0","","","","","8160","2026-05-29T07:29:39.724Z"
"0xa52993fdde3d0e1b7a5630ee952c10c7895674f7","Ethereum / EVM","secp256k1 / ECDSA","NO","0","","","","","9546","2026-05-29T07:29:39.724Z"
"0xa52d5412f851a355f34260ebc853d524f0e0fbce","Ethereum / EVM","secp256k1 / ECDSA","NO","0","","","","","14199","2026-05-29T07:30:02.696Z"
"0xa52fa68da1416d14826dd222e0c11299ce24d6c4","Ethereum / EVM","secp256k1 / ECDSA","NO","0","","","","","1242","2026-05-29T07:30:02.696Z"
"0xa53f1f9b6558f65931b093e859a74b82af51f86d","Ethereum / EVM","secp256k1 / ECDSA","NO","0","","","","","1224","2026-05-29T07:30:02.696Z"
"0xa55f8ee8ed5ef18feb7414327dadcbf8463662c5","Ethereum / EVM","secp256k1 / ECDSA","NO","0","","","","","1475","2026-05-29T07:30:16.499Z"
"0xa566b7c2493e1b48363cce6f862dc83678c86f03","Ethereum / EVM","secp256k1 / ECDSA","NO","0","","","","","1491","2026-05-29T07:30:16.499Z"
"0xa573be20a7238e614d591bd4d149f5b0781b9645","Ethereum / EVM","secp256k1 / ECDSA","NO","0","","","","","1473","2026-05-29T07:30:16.499Z"
"0xa5859b3317d518bef546f5f640c41d918ce22ec7","Ethereum / EVM","secp256k1 / ECDSA","NO","0","","","","","1192","2026-05-29T07:30:22.278Z"
"0xa58f22e0766b3764376c92915ba545d583c19dbc","Ethereum / EVM","secp256k1 / ECDSA","NO","0","","","","","1258","2026-05-29T07:30:22.278Z"
"0xa59412d3986f74b14069855718ea6bc3db207e42","Ethereum / EVM","secp256k1 / ECDSA","NO","0","","","","","1201","2026-05-29T07:30:22.278Z"
"0xa5a514a975b90ca0c05cdf8d913021960ba7aef2","Ethereum / EVM","secp256k1 / ECDSA","NO","0","","","","","1196","2026-05-29T07:30:30.250Z"
"0xa5a56777ceba34662b6f56ceb477fa31a10aaef2","Ethereum / EVM","secp256k1 / ECDSA","NO","0","","","","","1214","2026-05-29T07:30:30.250Z"
"0xa5ad8f2504e3a4fb70e8a0818f6bdeeaae4e824a","Ethereum / EVM","secp256k1 / ECDSA","NO","0","","","","","1190","2026-05-29T07:30:30.250Z"
"0xa5bc445378359596774be736855ce59ab6a96eaa","Ethereum / EVM","secp256k1 / ECDSA","NO","0","","","","","1233","2026-05-29T07:30:38.407Z"
"0xa5bf766304a62420bcebe87aa451d0b0cc223727","Ethereum / EVM","secp256k1 / ECDSA","NO","0","","","","","1211","2026-05-29T07:30:38.407Z"
"0xa5cc3e44ed97f8c94df27822c85303a3bd4e8134","Ethereum / EVM","secp256k1 / ECDSA","NO","0","","","","","1196","2026-05-29T07:30:38.407Z"
"0xa5d0d0880cba9cd78b9350243688d2e34c20f661","Ethereum / EVM","secp256k1 / ECDSA","NO","0","","","","","1183","2026-05-29T07:30:46.543Z"
"0xa5fcad90ab70d27185a4486b9e183d6b0a9d5eca","Ethereum / EVM","secp256k1 / ECDSA","NO","0","","","","","1227","2026-05-29T07:30:46.543Z"
"0xa60113f7d43130919802b0863abdcdb956664fd5","Ethereum / EVM","secp256k1 / ECDSA","NO","0","","","","","1252","2026-05-29T07:30:46.543Z"
"0xa61421362269ebb5f9a4e035d011ba60d4f6027e","Ethereum / EVM","secp256k1 / ECDSA","NO","0","","","","","1109","2026-05-29T07:30:57.703Z"
"0xa6372b65391e74f81ff900a89311428c85cfb208","Ethereum / EVM","secp256k1 / ECDSA","NO","0","","","","","5339","2026-05-29T07:30:57.703Z"
"0xa6380bfda5986782a15e3e285a1743aee8523f97","Ethereum / EVM","secp256k1 / ECDSA","NO","0","","","","","251","2026-05-29T07:30:57.703Z"
"0xa63da4066bcadb12c96e3892eca822c894af9ac2","Ethereum / EVM","secp256k1 / ECDSA","NO","0","","","","","223203","2026-05-29T07:34:44.865Z"
"0xa63e8dda009e9079124c1e3678f4932bb8061f4d","Ethereum / EVM","secp256k1 / ECDSA","NO","0","","","","","1360","2026-05-29T07:34:44.865Z"
"0xa656f7d2a93a6f5878aa768f24eb38ec8c827fe2","Ethereum / EVM","secp256k1 / ECDSA","NO","0","","","","","1328","2026-05-29T07:34:44.865Z"
"0xa66427fc191544f02c38420f2deddeac9ebf0303","Ethereum / EVM","secp256k1 / ECDSA","NO","0","","","","Error: Scan timeout after 300s","516551","2026-05-29T07:43:32.890Z"
"0xa669e7a0d4b3e4fa48af2de86bd4cd7126be4e13","Ethereum / EVM","secp256k1 / ECDSA","NO","0","","","","","1075","2026-05-29T07:43:32.890Z"
"0xa6795ce0b8b4ad68b542507f8bca04014e77bca4","Ethereum / EVM","secp256k1 / ECDSA","NO","0","","","","","5861","2026-05-29T07:43:32.890Z"
"0xa679b693fffc4c5da3fda9ef4bd3963876ea8676","Ethereum / EVM","secp256k1 / ECDSA","NO","0","","","","","8536","2026-05-29T07:43:49.541Z"
"0xa69f80524381275a7ffdb3ae01c54150644c8792","Ethereum / EVM","secp256k1 / ECDSA","NO","0","","","","","1326","2026-05-29T07:43:49.541Z"
"0xa6a33a400ec474e144425fcbb0fa5ca981b446a1","Ethereum / EVM","secp256k1 / ECDSA","NO","0","","","","","4304","2026-05-29T07:43:49.541Z"
"0xa6bc83d22f24fb69eda6aec5e38cdddda36251fa","Ethereum / EVM","secp256k1 / ECDSA","NO","0","","","","","1032","2026-05-29T07:43:54.170Z"
"0xa6cc6606228ebff6df94481fce8a258618b17d63","Ethereum / EVM","secp256k1 / ECDSA","NO","0","","","","","1020","2026-05-29T07:43:54.170Z"
"0xa6d2af65d31cb62458e1e0c4d6ac961df08da6d1","Ethereum / EVM","secp256k1 / ECDSA","NO","0","","","","","1020","2026-05-29T07:43:54.170Z"
"0xa6dc6e58414388bf1ddbdb17094942fa71824452","Ethereum / EVM","secp256k1 / ECDSA","NO","0","","","","","1042","2026-05-29T07:44:02.431Z"
"0xa6eea5759b84ed56a9e06286c9d9f2cb9c24bb90","Ethereum / EVM","secp256k1 / ECDSA","NO","0","","","","","1043","2026-05-29T07:44:02.431Z"
"0xa70d458a4d9bc0e6571565faee18a48da5c0d593","Ethereum / EVM","secp256k1 / ECDSA","NO","0","","","","","1022","2026-05-29T07:44:02.431Z"
"0xa7145e00c87414c8d6cdd03ce1fdecff7cd07b0f","Ethereum / EVM","secp256k1 / ECDSA","NO","0","","","","","1075","2026-05-29T07:44:10.505Z"
"0xa7209796063fc93d1a50124fb62f67252580e470","Ethereum / EVM","secp256k1 / ECDSA","NO","0","","","","","1031","2026-05-29T07:44:10.505Z"
"0xa7233d878f6db35bb94eec6e75aa1b87e4ecc33a","Ethereum / EVM","secp256k1 / ECDSA","NO","0","","","","","1014","2026-05-29T07:44:10.505Z"
"0xa72e5fadcfde1a5782e86cd015b586c5b7c1c54d","Ethereum / EVM","secp256k1 / ECDSA","NO","0","","","","","9890","2026-05-29T07:44:57.006Z"
"0xa72ea469235f3202df525f291b7d7153cf86adff","Ethereum / EVM","secp256k1 / ECDSA","NO","0","","","","","1053","2026-05-29T07:44:57.006Z"
"0xa73408cb946cd81ba7dcfbee3e92f986e6deb1c0","Ethereum / EVM","secp256k1 / ECDSA","NO","0","","","","","29335","2026-05-29T07:44:57.006Z"
"0xa734a046b78224bbd55cb88de9bee06ee9b1d20a","Ethereum / EVM","secp256k1 / ECDSA","NO","0","","","","","1206","2026-05-29T07:45:04.568Z"
"0xa7467696cf741e30ee14461d5a891f579b99b6ea","Ethereum / EVM","secp256k1 / ECDSA","NO","0","","","","","1288","2026-05-29T07:45:04.568Z"
"0xa74c0a2e70c8598eccc00c11e209f562676c0198","Ethereum / EVM","secp256k1 / ECDSA","NO","0","","","","","1197","2026-05-29T07:45:04.568Z"
"0xa7695a6fb16b0d20d7aa4eb6615ed86f33c3e01a","Ethereum / EVM","secp256k1 / ECDSA","NO","0","","","","","1202","2026-05-29T07:45:17.582Z"
"0xa77af9bd11679157c60d2fc46a01a9f58b9e1816","Ethereum / EVM","secp256k1 / ECDSA","NO","0","","","","","6110","2026-05-29T07:45:17.582Z"
"0xa786d0c21a6bef9768297f5787e7598e1edb068d","Ethereum / EVM","secp256k1 / ECDSA","NO","0","","","","","1189","2026-05-29T07:45:17.582Z"
"0xa787f09349999a61434cfb75118c6a9d0cac9406","Ethereum / EVM","secp256k1 / ECDSA","NO","0","","","","","12215","2026-05-29T07:45:39.816Z"
"0xa78ac196ecaa2c3ead6c9d4ab9359bce3ac10c44","Ethereum / EVM","secp256k1 / ECDSA","NO","0","","","","","1042","2026-05-29T07:45:39.816Z"
"0xa78b912ac6e21e6fa8fa4e17f105a50a01234b40","Ethereum / EVM","secp256k1 / ECDSA","NO","0","","","","","1147","2026-05-29T07:45:39.816Z"
"0xa790aa5faa837842546a7973d952a380e3c4ae4b","Ethereum / EVM","secp256k1 / ECDSA","NO","0","","","","","1013","2026-05-29T07:45:51.553Z"
"0xa793357a74c29dd9ebf245fe74f2e68c82d71a52","Ethereum / EVM","secp256k1 / ECDSA","NO","0","","","","","1008","2026-05-29T07:45:51.553Z"
"0xa7a3b240eb8c79247dd6e06ce314876e0347d982","Ethereum / EVM","secp256k1 / ECDSA","NO","0","","","","","7907","2026-05-29T07:45:51.553Z"
"0xa7a49196d11fe00fd99a2bbd0f03f1412a34ff90","Ethereum / EVM","secp256k1 / ECDSA","NO","0","","","","","5262","2026-05-29T07:46:13.719Z"
"0xa7a503d31465a99b71079afce56f40431048e24e","Ethereum / EVM","secp256k1 / ECDSA","NO","0","","","","","4891","2026-05-29T07:46:13.719Z"
"0xa7b5d1d7369b4fce80356ab3e5430902ea0e34f8","Ethereum / EVM","secp256k1 / ECDSA","NO","0","","","","","4554","2026-05-29T07:46:13.719Z"
"0xa7b7d4ebf1f5035f3b289139bada62f981f2916e","Ethereum / EVM","secp256k1 / ECDSA","NO","0","","","","Error: Scan timeout after 300s","899300","2026-05-29T08:03:12.101Z"
"0xa7b7fa4c1ac1fec31dc1b9f795f97a211096438b","Ethereum / EVM","secp256k1 / ECDSA","NO","0","","","","","106449","2026-05-29T08:03:12.101Z"
"0xa7c0c238f8d01b0d500ec6c5bb66d88b5453a081","Ethereum / EVM","secp256k1 / ECDSA","NO","0","","","","","4322","2026-05-29T08:03:12.101Z"
"0xa7c5516d130b4393c49b06d2312ae0efe0463fbe","Ethereum / EVM","secp256k1 / ECDSA","NO","0","","","","","12001","2026-05-29T08:19:31.410Z"
"0xa7c60ee5c707d4bd67319c17745851b42a2e4578","Ethereum / EVM","secp256k1 / ECDSA","NO","0","","","","Error: Scan timeout after 300s","913565","2026-05-29T08:19:31.410Z"
"0xa7cc81863080688ee878e80e3665503515a66bf0","Ethereum / EVM","secp256k1 / ECDSA","NO","0","","","","","50253","2026-05-29T08:19:31.410Z"
"0xa7e31bb026570ae8f0dd17da51568402b3d2241f","Ethereum / EVM","secp256k1 / ECDSA","NO","0","","","","","830","2026-05-29T08:19:56.528Z"
"0xa7e8b3a1ba27839977d30189ed05104dfe69f61f","Ethereum / EVM","secp256k1 / ECDSA","NO","0","","","","","369","2026-05-29T08:19:56.528Z"
"0xa7eaffea3ba2777b7fa42c87a016f41dd9eff019","Ethereum / EVM","secp256k1 / ECDSA","NO","0","","","","","16941","2026-05-29T08:19:56.528Z"
"0xa7efae728d2936e78bda97dc267687568dd593f3","Ethereum / EVM","secp256k1 / ECDSA","NO","0","","","","Error: Scan timeout after 300s","1024422","2026-05-29T08:37:24.308Z"
"0xa7fbd1efd02dacd06b92038821288dd9b14126a8","Ethereum / EVM","secp256k1 / ECDSA","NO","0","","","","","5936","2026-05-29T08:37:24.308Z"
"0xa80c356a773fe90edd8d71547944013652b62b55","Ethereum / EVM","secp256k1 / ECDSA","NO","0","","","","","10175","2026-05-29T08:37:24.308Z"
"0xa8182bdea5697c39904003a05a7791b64e8aeea0","Ethereum / EVM","secp256k1 / ECDSA","NO","0","","","","","966","2026-05-29T08:37:44.357Z"
"0xa819a9cf4284bd2d9d8015868f7618dfb37f620a","Ethereum / EVM","secp256k1 / ECDSA","NO","0","","","","","10320","2026-05-29T08:37:44.357Z"
"0xa83b11093c858c86321fbc4c20fe82cdbd58e09e","Ethereum / EVM","secp256k1 / ECDSA","NO","0","","","","","1028","2026-05-29T08:37:44.357Z"
"0xa84f4c8ba92171a9362641e21dde558eb79676b8","Ethereum / EVM","secp256k1 / ECDSA","NO","0","","","","","1028","2026-05-29T08:37:52.530Z"
"0xa85c29b94f8a22a7268facee89ef4eca051be2ce","Ethereum / EVM","secp256k1 / ECDSA","NO","0","","","","","1250","2026-05-29T08:37:52.530Z"
"0xa85c4b327659bb27be8df2b2cf4b4ace7d88e2ce","Ethereum / EVM","secp256k1 / ECDSA","NO","0","","","","","1745","2026-05-29T08:37:52.530Z"
"0xa85c756297abc2581749bc8dd1962c19be2fe2ce","Ethereum / EVM","secp256k1 / ECDSA","NO","0","","","","","1518","2026-05-29T08:38:01.588Z"
"0xa85cd6c35c3d336eb9b4773e145cfddd78cbe2ce","Ethereum / EVM","secp256k1 / ECDSA","NO","0","","","","","1005","2026-05-29T08:38:01.588Z"
"0xa85cf30bcd51a616133c0f481ad82ec8e402e2ce","Ethereum / EVM","secp256k1 / ECDSA","NO","0","","","","","1522","2026-05-29T08:38:01.588Z"
"0xa85cfb2964dd2d1b0c030e78fbd3b256e96ae2ce","Ethereum / EVM","secp256k1 / ECDSA","NO","0","","","","","834","2026-05-29T08:45:29.349Z"
"0xa85cfe2a2a1336da80c06c2e6a091bd2f9f7e2ce","Ethereum / EVM","secp256k1 / ECDSA","NO","0","","","","","4677","2026-05-29T08:45:29.349Z"
"0xa85f36481976f7c9734e7fd92e1895c79a866a48","Ethereum / EVM","secp256k1 / ECDSA","NO","0","","","","Error: Scan timeout after 300s","438606","2026-05-29T08:45:29.349Z"
"0xa8753563298059b8386f7d3fb3a2beb34e83e244","Ethereum / EVM","secp256k1 / ECDSA","NO","0","","","","","1129","2026-05-29T08:46:01.984Z"
"0xa88f35cac2c8b5c5430ad3714548f7ffc9214f1e","Ethereum / EVM","secp256k1 / ECDSA","NO","0","","","","","6591","2026-05-29T08:46:01.984Z"
"0xa890d9c485f11d8dbeaabd36a7ff647166129753","Ethereum / EVM","secp256k1 / ECDSA","NO","0","","","","","17336","2026-05-29T08:46:01.984Z"
"0xa8a9db08556b7a15ab8caf5580fa3bda1e3fa5fe","Ethereum / EVM","secp256k1 / ECDSA","NO","0","","","","","3059","2026-05-29T08:47:09.538Z"
"0xa8b8d33f17457393c51d6d5b37dcbdc37c45649b","Ethereum / EVM","secp256k1 / ECDSA","NO","0","","","","","42215","2026-05-29T08:47:09.538Z"
"0xa8bd2071275105ce9a2bf655126bc7d0334a1a18","Ethereum / EVM","secp256k1 / ECDSA","NO","0","","","","","14658","2026-05-29T08:47:09.538Z"
"0xa8bd3cad9d581ba2f0b01855b9d04be0af5b1a18","Ethereum / EVM","secp256k1 / ECDSA","NO","0","","","","","1467","2026-05-29T08:47:25.151Z"
"0xa92f4c20cb290eb443e9686f08d4e2f06f34d574","Ethereum / EVM","secp256k1 / ECDSA","NO","0","","","","","1368","2026-05-29T08:48:33.401Z"
"0xa8bd4847d5c4bd91ce1060de8b5ff08080681a18","Ethereum / EVM","secp256k1 / ECDSA","NO","0","","","","","3821","2026-05-29T08:47:25.151Z"
"0xa8bd4c24ac8c6acd52bd5588cf7decfd83d21a18","Ethereum / EVM","secp256k1 / ECDSA","NO","0","","","","","4079","2026-05-29T08:47:25.151Z"
"0xa8bd626935a7299772d8f12f0dfd826d83d21a18","Ethereum / EVM","secp256k1 / ECDSA","NO","0","","","","","7521","2026-05-29T08:48:01.763Z"
"0xa8bd77769c875f8490e4b49f4c02a1dd83d21a18","Ethereum / EVM","secp256k1 / ECDSA","NO","0","","","","","20285","2026-05-29T08:48:01.763Z"
"0xa8bdfe102c03110e13f63be53c0805dd83d21a18","Ethereum / EVM","secp256k1 / ECDSA","NO","0","","","","","1549","2026-05-29T08:48:01.763Z"
"0xa8d52929426ea9c9660e0188ff3d4328c079668c","Ethereum / EVM","secp256k1 / ECDSA","NO","0","","","","","1546","2026-05-29T08:48:09.514Z"
"0xa8dd0d33d5df71e87cbf50ad192664ca5d53f72b","Ethereum / EVM","secp256k1 / ECDSA","NO","0","","","","","1541","2026-05-29T08:48:09.514Z"
"0xa8dd6149d4eeed24959a11b8566622d0eabeb31b","Ethereum / EVM","secp256k1 / ECDSA","NO","0","","","","","1563","2026-05-29T08:48:09.514Z"
"0xa8e1960ab9234f56df6031dde4561a42c15812df","Ethereum / EVM","secp256k1 / ECDSA","NO","0","","","","","1671","2026-05-29T08:48:17.792Z"
"0xa8e2b00a16c735dce4ec80336ad55800b0ce89dd","Ethereum / EVM","secp256k1 / ECDSA","NO","0","","","","","1559","2026-05-29T08:48:17.792Z"
"0xa8e5e75fc1863b4f628e8b04817a395a81033b79","Ethereum / EVM","secp256k1 / ECDSA","NO","0","","","","","1542","2026-05-29T08:48:17.792Z"
"0xa8ff9a74b14825a2d34d50dad71a0a9586ee7827","Ethereum / EVM","secp256k1 / ECDSA","NO","0","","","","","1410","2026-05-29T08:48:26.884Z"
"0xa906a5ac2a1ead5a261a116e70ae11301a4c2a00","Ethereum / EVM","secp256k1 / ECDSA","NO","0","","","","","1391","2026-05-29T08:48:26.884Z"
"0xa90ab2b0ecf050cf8f402c4135335d7ad79fe5ca","Ethereum / EVM","secp256k1 / ECDSA","NO","0","","","","","1373","2026-05-29T08:48:26.884Z"
"0xa910f92acdaf488fa6ef02174fb86208ad7722ba","Ethereum / EVM","secp256k1 / ECDSA","NO","0","","","","","1357","2026-05-29T08:48:33.401Z"
"0xa91ccc510ea95164920e6879d58af3a97c68fc3c","Ethereum / EVM","secp256k1 / ECDSA","NO","0","","","","","1362","2026-05-29T08:48:33.401Z"
"0xa9353128b637ff630a3673f3dcf4a2d5cd283330","Ethereum / EVM","secp256k1 / ECDSA","NO","0","","","","","1357","2026-05-29T08:48:41.667Z"
"0xa93883254c03c76f5e8fdac5e50600506db05b38","Ethereum / EVM","secp256k1 / ECDSA","NO","0","","","","","1375","2026-05-29T08:48:41.667Z"
"0xa93b51ae50a42678c54643c62c244282b7baeae2","Ethereum / EVM","secp256k1 / ECDSA","NO","0","","","","","1383","2026-05-29T08:48:41.667Z"
"0xa93d7d95be86ef24b1b6561eb3f120fa56bfdf4b","Ethereum / EVM","secp256k1 / ECDSA","NO","0","","","","","1197","2026-05-29T08:48:49.185Z"
"0xa93e1401f3ebabcff60140f5e853ddc3618d0d26","Ethereum / EVM","secp256k1 / ECDSA","NO","0","","","","","1203","2026-05-29T08:48:49.185Z"
"0xa94dbb8b0cc95e6d45071d9248d1609c686b49b6","Ethereum / EVM","secp256k1 / ECDSA","NO","0","","","","","1207","2026-05-29T08:48:49.185Z"
"0xa95b83af96d0b8a90bd507f2bd82ad8f3dbb86bc","Ethereum / EVM","secp256k1 / ECDSA","NO","0","","","","","1198","2026-05-29T08:48:57.279Z"
"0xa95f24913e3d1e327e59236f423573cd248353a0","Ethereum / EVM","secp256k1 / ECDSA","NO","0","","","","","1195","2026-05-29T08:48:57.279Z"
"0xa9865358047460c834a6cd10e6126c335e3f4668","Ethereum / EVM","secp256k1 / ECDSA","NO","0","","","","","1197","2026-05-29T08:48:57.279Z"
"0xa988b8fa419c10bf3d4c2923ad20a39cb3849fae","Ethereum / EVM","secp256k1 / ECDSA","NO","0","","","","","1253","2026-05-29T08:49:05.351Z"
"0xa98a99d785e57857884e5a0ffff1b6322d5cfd84","Ethereum / EVM","secp256k1 / ECDSA","NO","0","","","","","1213","2026-05-29T08:49:05.351Z"
"0xa98f4fb81a1282d3af7ce2a61a4509039523d72c","Ethereum / EVM","secp256k1 / ECDSA","NO","0","","","","","1122","2026-05-29T08:49:05.351Z"
"0xa9964cf597bcdc71c343882c10e559371ca13aeb","Ethereum / EVM","secp256k1 / ECDSA","NO","0","","","","","6530","2026-05-29T08:49:18.773Z"
"0xa9982ee65b644c4fe6e81dcf9581e3c2ca3d071e","Ethereum / EVM","secp256k1 / ECDSA","NO","0","","","","","1229","2026-05-29T08:49:18.773Z"
"0xa99d960e154eb845901da8ee4fd7987d60fc1877","Ethereum / EVM","secp256k1 / ECDSA","NO","0","","","","","1262","2026-05-29T08:49:18.773Z"
"0xa9ac43f5b5e38155a288d1a01d2cbc4478e14573","Ethereum / EVM","secp256k1 / ECDSA","NO","0","","","","Error: Scan timeout after 300s","986025","2026-05-29T09:05:56.656Z"
"0xa9aca3959e34c4938620f6ed1249da8dc9d24573","Ethereum / EVM","secp256k1 / ECDSA","NO","0","","","","","214","2026-05-29T09:05:56.656Z"
"0xa9d1e08c7793af67e9d92fe308d5697fb81d3e43","Ethereum / EVM","secp256k1 / ECDSA","NO","0","","","","","412","2026-05-29T09:24:35.976Z"
"0xa9d90f0eb0993390bd02a2c50cee658ebd01b48e","Ethereum / EVM","secp256k1 / ECDSA","NO","0","","","","","131549","2026-05-29T09:24:35.976Z"
"0xa9ed88b125bf2e9355f61fb2fc43e7549e72ba14","Ethereum / EVM","secp256k1 / ECDSA","NO","0","","","","","220653","2026-05-29T09:28:43.602Z"
"0xa9fed1eb41fecb0067c62ede7655127d01cc26f6","Ethereum / EVM","secp256k1 / ECDSA","NO","0","","","","","7831","2026-05-29T09:28:43.602Z"
"0xaa04843e3b43ab9519efbb78f2fede622443788f","Ethereum / EVM","secp256k1 / ECDSA","NO","0","","","","","12829","2026-05-29T09:28:43.602Z"
"0xaa3adf4fb48779c501e360411244e2f38caea45a","Ethereum / EVM","secp256k1 / ECDSA","NO","0","","","","","5371","2026-05-29T10:25:10.037Z"
"0xaa3d85ad9d128dfecb55424085754f6dfa643eb1","Ethereum / EVM","secp256k1 / ECDSA","NO","0","","","","Error: Scan timeout after 300s","927600","2026-05-29T10:25:10.037Z"
"0xaa4cef5a77879ab2a9992211991d65a87a6ce1c9","Ethereum / EVM","secp256k1 / ECDSA","NO","0","","","","","59707","2026-05-29T10:25:10.037Z"
"0xaa7377b4badeda85dfd26545d90f843fe51243c2","Ethereum / EVM","secp256k1 / ECDSA","NO","0","","","","","43687","2026-05-29T10:43:25.126Z"
"0xaa75989c2c349b9d84a020bedc122ee06703b7de","Ethereum / EVM","secp256k1 / ECDSA","NO","0","","","","Error: Scan timeout after 300s","1043530","2026-05-29T10:43:25.126Z"
"0xaa7f03dee84967dce7c2bbc6a060ba5a9227ddf9","Ethereum / EVM","secp256k1 / ECDSA","NO","0","","","","","1958","2026-05-29T10:43:25.126Z"
"0xaa8ba7d4611437141192e7ceced531bc0a133efb","Ethereum / EVM","secp256k1 / ECDSA","NO","0","","","","Error: Scan timeout after 300s","1037927","2026-05-29T11:01:02.848Z"
"0xaaa8ffd2cbbe0d3fe8a180a9e5b1792e6d82414a","Ethereum / EVM","secp256k1 / ECDSA","NO","0","","","","","12626","2026-05-29T11:01:02.848Z"
"0xaaaebe6fe48e54f431b0c390cfaf0b017d09d42d","Ethereum / EVM","secp256k1 / ECDSA","NO","0","","","","","1061","2026-05-29T11:01:02.848Z"
"0xaac8ed1ae0b18d6c943a6a285452eac78397b7e8","Ethereum / EVM","secp256k1 / ECDSA","NO","0","","","","","334","2026-05-29T11:01:10.212Z"
"0xaae31b50f87141799e12fe0ce63078709b9c85ee","Ethereum / EVM","secp256k1 / ECDSA","NO","0","","","","","754","2026-05-29T11:01:10.212Z"
"0xaae80c50ec71dd5035ad6dbef03e63b5efda85ee","Ethereum / EVM","secp256k1 / ECDSA","NO","0","","","","","366","2026-05-29T11:01:10.212Z"
"0xaae853f21a8c30c60f223ff385ea5dcba22db1e2","Ethereum / EVM","secp256k1 / ECDSA","NO","0","","","","","2893","2026-05-29T11:01:22.320Z"
"0xaae869f049e914798fc3e9c2a128858c209c85ee","Ethereum / EVM","secp256k1 / ECDSA","NO","0","","","","","374","2026-05-29T11:01:22.320Z"
"0xaae8d1c7152fdba2373f603e7dc2f000b09c85ee","Ethereum / EVM","secp256k1 / ECDSA","NO","0","","","","","2252","2026-05-29T11:01:22.320Z"
"0xab0c42fbc83c678a365c24f7b363057b94c8e54d","Ethereum / EVM","secp256k1 / ECDSA","NO","0","","","","","472","2026-05-29T11:01:29.008Z"
"0xabd34b442d318c9000525a22f427a0a6a6836ffd","Ethereum / EVM","secp256k1 / ECDSA","NO","0","","","","","1202","2026-05-29T11:02:36.266Z"
"0xab0c8fbec583f20c97f9fda6a2af647b94c8e54d","Ethereum / EVM","secp256k1 / ECDSA","NO","0","","","","","2973","2026-05-29T11:01:29.008Z"
"0xab0c9d6c78aa1aac508711e7c040c2e05a6ae54d","Ethereum / EVM","secp256k1 / ECDSA","NO","0","","","","","695","2026-05-29T11:01:29.008Z"
"0xab2fd3e36ef716d2839df3b197adc12fb78e793f","Ethereum / EVM","secp256k1 / ECDSA","NO","0","","","","","12367","2026-05-29T11:01:59.541Z"
"0xab44d2f03aa9d38407fbb8c4f9e808c6164d875c","Ethereum / EVM","secp256k1 / ECDSA","NO","0","","","","","12797","2026-05-29T11:01:59.541Z"
"0xab4f2fdca7521012edfee6e916778c6dae719bd3","Ethereum / EVM","secp256k1 / ECDSA","NO","0","","","","","1391","2026-05-29T11:01:59.541Z"
"0xab4f69602546fc585fc68e7181a381e130877b9f","Ethereum / EVM","secp256k1 / ECDSA","NO","0","","","","","1364","2026-05-29T11:02:12.129Z"
"0xab4fa35b93156b9e492635ae149886026d315855","Ethereum / EVM","secp256k1 / ECDSA","NO","0","","","","","1372","2026-05-29T11:02:12.129Z"
"0xab56e6a94b3f8c7e33b9c4a1fac60c4568d085b9","Ethereum / EVM","secp256k1 / ECDSA","NO","0","","","","","1359","2026-05-29T11:02:12.129Z"
"0xab58f3b584c5af56c077e9fd83b6764ccb94035d","Ethereum / EVM","secp256k1 / ECDSA","NO","0","","","","","1354","2026-05-29T11:02:20.259Z"
"0xab792b3a2841fe4662e9b593f732c0d1e495d913","Ethereum / EVM","secp256k1 / ECDSA","NO","0","","","","","1358","2026-05-29T11:02:20.259Z"
"0xab7c18a30336dc6f0e7e1dfd011720b3706e0a8d","Ethereum / EVM","secp256k1 / ECDSA","NO","0","","","","","1344","2026-05-29T11:02:20.259Z"
"0xab7c4290e6fd2613635e971df53370521fcad55e","Ethereum / EVM","secp256k1 / ECDSA","NO","0","","","","","1654","2026-05-29T11:02:29.515Z"
"0xab7cc3b4460e741591df84eaff2dd717d1bb5336","Ethereum / EVM","secp256k1 / ECDSA","NO","0","","","","","1669","2026-05-29T11:02:29.515Z"
"0xab97925eb84fe0260779f58b7cb08d77dcb1ee2b","Ethereum / EVM","secp256k1 / ECDSA","NO","0","","","","","1627","2026-05-29T11:02:29.515Z"
"0xabc76604ddd072a6fbd4d6cb43dbe8688e917f00","Ethereum / EVM","secp256k1 / ECDSA","NO","0","","","","","1306","2026-05-29T11:02:36.266Z"
"0xabe511c2bb9a16fcf849bf301a8853f0942cb2db","Ethereum / EVM","secp256k1 / ECDSA","NO","0","","","","","1241","2026-05-29T11:02:36.266Z"
"0xabea9132b05a70803a4e85094fd0e1800777fbef","Ethereum / EVM","secp256k1 / ECDSA","NO","0","","","","","1171","2026-05-29T11:02:44.137Z"
"0xabec4bd07360875762c6ce3b941d4e41e2bc45f6","Ethereum / EVM","secp256k1 / ECDSA","NO","0","","","","","1177","2026-05-29T11:02:44.137Z"
"0xac1a64115a7c9bf19115fff56203b0491880e6ad","Ethereum / EVM","secp256k1 / ECDSA","NO","0","","","","","1174","2026-05-29T11:02:44.137Z"
"0xac1b450406e7649799953dcf710e311bc0e25c36","Ethereum / EVM","secp256k1 / ECDSA","NO","0","","","","","7756","2026-05-29T11:04:19.802Z"
"0xac47b156e3c4d113818234b586fcc8c3effd4f91","Ethereum / EVM","secp256k1 / ECDSA","NO","0","","","","","82355","2026-05-29T11:04:19.802Z"
"0xac6536efb5fa0509dc2468d23ea52a4f5bb8c066","Ethereum / EVM","secp256k1 / ECDSA","NO","0","","","","","1020","2026-05-29T11:04:19.802Z"
"0xac69e65ee0b7c59797f5d06e44721577104810e5","Ethereum / EVM","secp256k1 / ECDSA","NO","0","","","","","69358","2026-05-29T11:06:25.987Z"
"0xac8e115612b30100579a0fba249df7b9f5ca8215","Ethereum / EVM","secp256k1 / ECDSA","NO","0","","","","","51168","2026-05-29T11:06:25.987Z"
"0xac9c8659ecccca7af43c2d2a293c5cdb6c7feac1","Ethereum / EVM","secp256k1 / ECDSA","NO","0","","","","","1182","2026-05-29T11:06:25.987Z"
"0xaca5a51420f62f9a10fffafa269d799e58d13914","Ethereum / EVM","secp256k1 / ECDSA","NO","0","","","","","1223","2026-05-29T11:06:32.298Z"
"0xaca5e3068c63a044467e5345171c4a444d5c3914","Ethereum / EVM","secp256k1 / ECDSA","NO","0","","","","","1207","2026-05-29T11:06:32.298Z"
"0xacc594040b7f6367c004ec50b6420349496937b9","Ethereum / EVM","secp256k1 / ECDSA","NO","0","","","","","1193","2026-05-29T11:06:32.298Z"
"0xacc72bf0a87485601f72c166ff89a83d5c08200e","Ethereum / EVM","secp256k1 / ECDSA","NO","0","","","","","1531","2026-05-29T11:07:03.120Z"
"0xacc74cfaa8ad730194c1828cc179c78d5c08200e","Ethereum / EVM","secp256k1 / ECDSA","NO","0","","","","","23723","2026-05-29T11:07:03.120Z"
"0xACd1F4E274d1a4Bb686A41549a90253cf152dd6d","Ethereum / EVM","secp256k1 / ECDSA","NO","0","","","","","1193","2026-05-29T11:07:03.120Z"
"0xacd28769465a404394d14a9ab4114995d61fb89e","Ethereum / EVM","secp256k1 / ECDSA","NO","0","","","","","1189","2026-05-29T11:07:12.326Z"
"0xad30f7eebd9bd5150a256f47da41d4403033cdf0","Ethereum / EVM","secp256k1 / ECDSA","NO","0","","","","","1186","2026-05-29T11:07:12.326Z"
"0xad4ca7521ceda1edc896b95ec00cd4b70a71065e","Ethereum / EVM","secp256k1 / ECDSA","NO","0","","","","","1202","2026-05-29T11:07:12.326Z"
"0xad7a28390f3256fef876ea8cb7eea39e2af34a60","Ethereum / EVM","secp256k1 / ECDSA","NO","0","","","","","1191","2026-05-29T11:07:20.565Z"
"0xad7d8120687e4d3de5e9f112c2b3ea670dbac4d3","Ethereum / EVM","secp256k1 / ECDSA","NO","0","","","","","1172","2026-05-29T11:07:20.565Z"
"0xad85405cbb1476825b78a021fa9e543bf7937549","Ethereum / EVM","secp256k1 / ECDSA","NO","0","","","","","1177","2026-05-29T11:07:20.565Z"
"0xadbbdcff40bf9c656f818085c2261896fd099a51","Ethereum / EVM","secp256k1 / ECDSA","NO","0","","","","","1191","2026-05-29T11:07:28.839Z"
"0xadc1c6b8a15207d5ad9d3af950eff78e207d0f33","Ethereum / EVM","secp256k1 / ECDSA","NO","0","","","","","1189","2026-05-29T11:07:28.839Z"
"0xadddf4ace76d58b3455dbd477ad015f9ca997dd5","Ethereum / EVM","secp256k1 / ECDSA","NO","0","","","","","1191","2026-05-29T11:07:28.839Z"
"0xadee131fde02fc9778740e15a53be7e376871168","Ethereum / EVM","secp256k1 / ECDSA","NO","0","","","","","1161","2026-05-29T11:07:43.829Z"
"0xadefa7897f3a53d8744ebe4f6f2043d313ad7b80","Ethereum / EVM","secp256k1 / ECDSA","NO","0","","","","","8228","2026-05-29T11:07:43.829Z"
"0xae048ef84239cad00e7ad85e67c646e297bfb3c6","Ethereum / EVM","secp256k1 / ECDSA","NO","0","","","","","1164","2026-05-29T11:07:43.829Z"
"0xae072d21ab6d8792a97bfac9eaead033c656d55d","Ethereum / EVM","secp256k1 / ECDSA","NO","0","","","","","1163","2026-05-29T11:07:53.410Z"
"0xae0ee0a63a2ce6baeeffe56e7714fb4efe48d419","Ethereum / EVM","secp256k1 / ECDSA","NO","0","","","","","1267","2026-05-29T11:07:53.410Z"
"0xae1639f5566b54f99b4a23b28a08da80894b068c","Ethereum / EVM","secp256k1 / ECDSA","NO","0","","","","","1214","2026-05-29T11:07:53.410Z"
"0xae207b8106726aef3647aacdc228be1485898390","Ethereum / EVM","secp256k1 / ECDSA","NO","0","","","","","1181","2026-05-29T11:08:01.264Z"
"0xae5ce207136d4741f9b40a623cac065c37ed295b","Ethereum / EVM","secp256k1 / ECDSA","NO","0","","","","","1152","2026-05-29T11:08:01.264Z"
"0xae5f0783ad508d4a0367dee2ebf89c7ccc4d8af0","Ethereum / EVM","secp256k1 / ECDSA","NO","0","","","","","1144","2026-05-29T11:08:01.264Z"
"0xae7ab96520de3a18e5e111b5eaab095312d7fe84","Ethereum / EVM","secp256k1 / ECDSA","NO","0","","","","","1210","2026-05-29T11:08:41.866Z"
"0xae815264088b9b866185cd4f5631c16da4577fa0","Ethereum / EVM","secp256k1 / ECDSA","NO","0","","","","","33532","2026-05-29T11:08:41.866Z"
"0xae8cbb7e810f59fd0dd939b2b6623756d91b174a","Ethereum / EVM","secp256k1 / ECDSA","NO","0","","","","","1224","2026-05-29T11:08:41.866Z"
"0xae9746a85f7e08cbfd08db00edf9b6c21f592fec","Ethereum / EVM","secp256k1 / ECDSA","NO","0","","","","","1002","2026-05-29T11:10:21.728Z"
"0xaea46a60368a7bd060eec7df8cba43b7ef41ad85","Ethereum / EVM","secp256k1 / ECDSA","NO","0","","","","","1235","2026-05-29T11:10:21.728Z"
"0xaea6291cb48d9675b120f74e2f0b0de01db47a00","Ethereum / EVM","secp256k1 / ECDSA","NO","0","","","","","91096","2026-05-29T11:10:21.728Z"
"0xaeb0c00d0125a8a788956ade4f4f12ead9f65ddf","Ethereum / EVM","secp256k1 / ECDSA","NO","0","","","","","1017","2026-05-29T11:14:31.221Z"
"0xaefa93fc271dc55ae67fa6c37d5528b0a2620734","Ethereum / EVM","secp256k1 / ECDSA","NO","0","","","","","7126","2026-05-29T11:14:31.221Z"
"0xaf30c65d1c6d5034c658dff8ef784c556ae3aaac","Ethereum / EVM","secp256k1 / ECDSA","NO","0","","","","","236528","2026-05-29T11:14:31.221Z"
"0xaf3799185b4280665bf49afd034c16a9d2d39ab0","Ethereum / EVM","secp256k1 / ECDSA","NO","0","","","","","2205","2026-05-29T11:43:06.932Z"
"0xaf40b4e2c6c740077e7c1c84f405b46f745cb0a6","Ethereum / EVM","secp256k1 / ECDSA","NO","0","","","","Error: Scan timeout after 300s","933169","2026-05-29T11:43:06.932Z"
"0xaf49757898d6c8c8ee894f03090230cdeb05fcd2","Ethereum / EVM","secp256k1 / ECDSA","NO","0","","","","","3227","2026-05-29T11:43:06.932Z"
"0xaf4aae3d00533fc1c51e44a76d8183cc03e0a0a9","Ethereum / EVM","secp256k1 / ECDSA","NO","0","","","","Error: Scan timeout after 300s","699391","2026-05-29T11:54:52.688Z"
"0xaf4cc41ffec74a2b73ed74aeca82fd4cc7b3f82e","Ethereum / EVM","secp256k1 / ECDSA","NO","0","","","","","1212","2026-05-29T11:54:52.688Z"
"0xaf5191b0de278c7286d6c7cc6ab6bb8a73ba2cd6","Ethereum / EVM","secp256k1 / ECDSA","NO","0","","","","","335","2026-05-29T11:54:52.688Z"
"0xaf5fda927a95ddcde78f0b57686d059019d1b331","Ethereum / EVM","secp256k1 / ECDSA","NO","0","","","","","4481","2026-05-29T12:06:43.093Z"
"0xaf688171f9a426d8c78a907f78a9cc3da23c7230","Ethereum / EVM","secp256k1 / ECDSA","NO","0","","","","Error: Scan timeout after 300s","357544","2026-05-29T12:06:43.093Z"
"0xaf7573b5a37cfffe26f79f56b00914fd5cf93fd1","Ethereum / EVM","secp256k1 / ECDSA","NO","0","","","","","3206","2026-05-29T12:06:43.093Z"
"0xaf7da006168593a29352f606b4ddc52e7b308899","Ethereum / EVM","secp256k1 / ECDSA","NO","0","","","","","614","2026-05-29T12:06:49.608Z"
"0xaf83ce8d461e8834de03a3803c968615013c6b3d","Ethereum / EVM","secp256k1 / ECDSA","NO","0","","","","","738","2026-05-29T12:06:49.608Z"
"0xaf88d065e77c8cc2239327c5edb3a432268e5831","Ethereum / EVM","secp256k1 / ECDSA","NO","0","","","","","333","2026-05-29T12:06:49.608Z"
"0xaf91e8ac46fd92002c9c979ae3104b97dc99f944","Ethereum / EVM","secp256k1 / ECDSA","NO","0","","","","","139274","2026-05-29T12:09:54.259Z"
"0xafc628ae96e4d964222a3c7c4fad92bac72c26cd","Ethereum / EVM","secp256k1 / ECDSA","NO","0","","","","","404","2026-05-29T12:09:54.259Z"
"0xafd1e5c04caba6033a110457903d169bedfcf525","Ethereum / EVM","secp256k1 / ECDSA","NO","0","","","","","38640","2026-05-29T12:09:54.259Z"
"0xafd7686268a677fcd61523cafe708809047ec43b","Ethereum / EVM","secp256k1 / ECDSA","NO","0","","","","","60608","2026-05-29T12:50:25.370Z"
"0xafd8fa99061e1b1aa660003bfcebd6adae600670","Ethereum / EVM","secp256k1 / ECDSA","NO","0","","","","","5746","2026-05-29T12:50:25.370Z"
"0xafee34f5064539b53e5b7102f8b3bb2951b3591a","Ethereum / EVM","secp256k1 / ECDSA","NO","0","","","","","280497","2026-05-29T12:50:25.370Z"
"0xafee421482faea92292ed3ffe29371742542ad72","Ethereum / EVM","secp256k1 / ECDSA","NO","0","","","","","1007","2026-05-29T13:06:26.918Z"
"0xaffa2a5bb34b35f7a80ad142d6ed96b030e3bde0","Ethereum / EVM","secp256k1 / ECDSA","NO","0","","","","","4696","2026-05-29T13:06:26.918Z"
"0xb00b58ffb0237128b93c9b38a1fce991c6a20a94","Ethereum / EVM","secp256k1 / ECDSA","NO","0","","","","Error: Scan timeout after 300s","953320","2026-05-29T13:06:26.918Z"
"0xb01b65a12e1ebb24875b895348e9c1e2193bc371","Ethereum / EVM","secp256k1 / ECDSA","NO","0","","","","","1621","2026-05-30T22:24:55.389Z"
"0xb01caea8c6c47bbf4f4b4c5080ca642043359c2e","Ethereum / EVM","secp256k1 / ECDSA","NO","0","","","","Error: Scan timeout after 300s","729318","2026-05-30T22:24:55.389Z"
"0xb01FEd2f701695992A4F7ffdB53f3aF099e140d7","Ethereum / EVM","secp256k1 / ECDSA","NO","0","","","","","16808","2026-05-30T22:24:55.389Z"
"0xb028b84783a0381d51dcf0e8ef04b5e502958618","Ethereum / EVM","secp256k1 / ECDSA","NO","0","","","","Error: Scan timeout after 300s","781394","2026-05-30T22:39:13.456Z"
"0xb0488b83d39ddf0c923960f9b8ab81943f49f4a8","Ethereum / EVM","secp256k1 / ECDSA","NO","0","","","","","68264","2026-05-30T22:39:13.456Z"
"0xb0695efa98edf0d0a1261691080bc68fa01dc8ff","Ethereum / EVM","secp256k1 / ECDSA","NO","0","","","","","2022","2026-05-30T22:39:13.456Z"
"0xb0873c46937d34e98615e8c868bd3580bc6dcd47","Ethereum / EVM","secp256k1 / ECDSA","NO","0","","","","","708","2026-05-30T22:39:23.227Z"
"0xb0897686c545045afc77cf20ec7a532e3120e0f1","Ethereum / EVM","secp256k1 / ECDSA","NO","0","","","","","454","2026-05-30T22:39:23.227Z"
"0xb091d1bcdc6be345f3be6866a419b031aa867f01","Ethereum / EVM","secp256k1 / ECDSA","NO","0","","","","","3900","2026-05-30T22:39:23.227Z"
"0xb0a27099582833c0cb8c7a0565759ff145113d64","Ethereum / EVM","secp256k1 / ECDSA","NO","0","","","","Error: Scan timeout after 300s","744782","2026-05-31T02:03:06.729Z"
"0xb0c5fc58010d79eafad34854f4346dbd8068d0e1","Ethereum / EVM","secp256k1 / ECDSA","NO","0","","","","","81132","2026-05-31T02:03:06.729Z"
"0xb0ce414cdaf332482203b03f8651bdb801cd8585","Ethereum / EVM","secp256k1 / ECDSA","NO","0","","","","Error: Scan timeout after 300s","433656","2026-05-31T02:03:06.729Z"
"0xb0d20e09e37b96a935f9d22224726716864a9c7a","Ethereum / EVM","secp256k1 / ECDSA","NO","0","","","","","390","2026-05-31T02:15:51.974Z"
"0xb0d29de6a3f1c7d6d0aa0fe20dc045119c579c7a","Ethereum / EVM","secp256k1 / ECDSA","NO","0","","","","","391","2026-05-31T02:15:51.974Z"
"0xb0e005280819219df7b229ec19a47b22fd65881a","Ethereum / EVM","secp256k1 / ECDSA","NO","0","","","","Error: Scan timeout after 300s","756457","2026-05-31T02:15:51.974Z"
"0xb12dd73e3c567bab44e66ef5789e07aee05124fa","Ethereum / EVM","secp256k1 / ECDSA","NO","0","","","","","2629","2026-05-31T02:16:15.027Z"
"0xb1375b561bdd7068d3698b268a7b8cd4b49a7a1d","Ethereum / EVM","secp256k1 / ECDSA","NO","0","","","","","11590","2026-05-31T02:16:15.027Z"
"0xb142074e309dd31d1c5647d7c2ab7fc2323d0c48","Ethereum / EVM","secp256k1 / ECDSA","NO","0","","","","","871","2026-05-31T02:16:15.027Z"
"0xb1492ed595f50d7edf9851ac4d0bc10385039168","Ethereum / EVM","secp256k1 / ECDSA","NO","0","","","","","7501","2026-05-31T02:16:52.413Z"
"0xb1544e40c0ecc3b1cea2931546edf346f5120537","Ethereum / EVM","secp256k1 / ECDSA","NO","0","","","","","23314","2026-05-31T02:16:52.413Z"
"0xb16f7c382b77a70fb91692f4e2e1fd765e951d97","Ethereum / EVM","secp256k1 / ECDSA","NO","0","","","","","1138","2026-05-31T02:16:52.413Z"
"0xb1748c79709f4ba2dd82834b8c82d4a505003f27","Ethereum / EVM","secp256k1 / ECDSA","NO","0","","","","","1138","2026-05-31T02:17:00.326Z"
"0xb1886ee8e108ca9293883534f027006a5380c4a8","Ethereum / EVM","secp256k1 / ECDSA","NO","0","","","","","1143","2026-05-31T02:17:00.326Z"
"0xb1a89a8a034777bb1da555830648ffd7c4ca46be","Ethereum / EVM","secp256k1 / ECDSA","NO","0","","","","","1123","2026-05-31T02:17:00.326Z"
"0xb1b271ce0b3740366c9183f374c2d167db975077","Ethereum / EVM","secp256k1 / ECDSA","NO","0","","","","","1134","2026-05-31T02:17:09.659Z"
"0xb1bda79776d754f735bd6577a2fafa8f7f69823f","Ethereum / EVM","secp256k1 / ECDSA","NO","0","","","","","1120","2026-05-31T02:17:09.659Z"
"0xb1c02198fe5be1f1b9c00e5d557f306ebfe7986a","Ethereum / EVM","secp256k1 / ECDSA","NO","0","","","","","1142","2026-05-31T02:17:09.659Z"
"0xb1c7b3f3f36973164aa0c402b74f2a1984910603","Ethereum / EVM","secp256k1 / ECDSA","NO","0","","","","","1117","2026-05-31T02:17:16.665Z"
"0xb1d217dd0709454c4347344e4a4ab7cc50c3b27f","Ethereum / EVM","secp256k1 / ECDSA","NO","0","","","","","1136","2026-05-31T02:17:16.665Z"
"0xb1e742367a5520660e4d02cea5cf6a587e436d8c","Ethereum / EVM","secp256k1 / ECDSA","NO","0","","","","","1125","2026-05-31T02:17:16.665Z"
"0xb2174b23d68073d70d4bde1a9bfee9fd68b87e18","Ethereum / EVM","secp256k1 / ECDSA","NO","0","","","","","11577","2026-05-31T02:17:35.262Z"
"0xb23360ccdd9ed1b15d45e5d3824bb409c8d7c460","Ethereum / EVM","secp256k1 / ECDSA","NO","0","","","","","1106","2026-05-31T02:17:35.262Z"
"0xb244fc6adf8a833e0e28423b330b39e3545d7a57","Ethereum / EVM","secp256k1 / ECDSA","NO","0","","","","","1154","2026-05-31T02:17:35.262Z"
"0xb257493a99f8a8ec47121f060cec60cd9cf66695","Ethereum / EVM","secp256k1 / ECDSA","NO","0","","","","","6099","2026-05-31T02:17:47.821Z"
"0xb28643e3bacdb16a639436720f51c72433bd154f","Ethereum / EVM","secp256k1 / ECDSA","NO","0","","","","","1116","2026-05-31T02:17:47.821Z"
"0xb29f3459cf40ced6b4a92d9a02f2e3889ae8d822","Ethereum / EVM","secp256k1 / ECDSA","NO","0","","","","","1128","2026-05-31T02:17:47.821Z"
"0xb2b4bdb3ceb6fb643bdd2784818e302ec333b382","Ethereum / EVM","secp256k1 / ECDSA","NO","0","","","","","1186","2026-05-31T02:17:59.133Z"
"0xb2b4f6d55cb1098b5b296862fb8926336ff52257","Ethereum / EVM","secp256k1 / ECDSA","NO","0","","","","","1128","2026-05-31T02:17:59.133Z"
"0xb2c9dc83b8cf556acdb879106ae436a759b52912","Ethereum / EVM","secp256k1 / ECDSA","NO","0","","","","","1105","2026-05-31T02:17:59.133Z"
"0xb2eda4259f40f15db8baf8672cbf10cbb83cfe9f","Ethereum / EVM","secp256k1 / ECDSA","NO","0","","","","","21502","2026-05-31T02:18:34.341Z"
"0xb2f7d27b21a69a033f85c42d5eb079043baadc81","Ethereum / EVM","secp256k1 / ECDSA","NO","0","","","","","933","2026-05-31T02:18:34.341Z"
"0xb32d25866e0c64bdeb1d6e619ebbe5027ce1fd09","Ethereum / EVM","secp256k1 / ECDSA","NO","0","","","","","8202","2026-05-31T02:18:34.341Z"
"0xb334a61a6209f14b5fa5f1684a4ed7621f66e1ef","Ethereum / EVM","secp256k1 / ECDSA","NO","0","","","","","1040","2026-05-31T02:18:42.684Z"
"0xb33d806a94b6770c9d309e0842a75f8e6edcd5a6","Ethereum / EVM","secp256k1 / ECDSA","NO","0","","","","","1042","2026-05-31T02:18:42.684Z"
"0xb33eaad8d922b1083446dc23f610c2567fb5180f","Ethereum / EVM","secp256k1 / ECDSA","NO","0","","","","","1040","2026-05-31T02:18:42.684Z"
"0xb36e9d2786005235ba9036585ecd4c40174555f3","Ethereum / EVM","secp256k1 / ECDSA","NO","0","","","","","1103","2026-05-31T02:18:50.901Z"
"0xb372ce9ad1e814fbd4f88c696b5afd83de8c59d2","Ethereum / EVM","secp256k1 / ECDSA","NO","0","","","","","1057","2026-05-31T02:18:50.901Z"
"0xb38e8c17e38363af6ebdcb3dae12e0243582891d","Ethereum / EVM","secp256k1 / ECDSA","NO","0","","","","","1063","2026-05-31T02:18:50.901Z"
"0xb397dfd3ad99cc69ce8244577c734272601a7c94","Ethereum / EVM","secp256k1 / ECDSA","NO","0","","","","","1069","2026-05-31T02:18:59.109Z"
"0xb39a36867b8cb34f2a5c45efc8f4f5f54fbc83d2","Ethereum / EVM","secp256k1 / ECDSA","NO","0","","","","","1080","2026-05-31T02:18:59.109Z"
"0xb3b85188feed86f03548e7fb6d6c9148d5f3103c","Ethereum / EVM","secp256k1 / ECDSA","NO","0","","","","","1054","2026-05-31T02:18:59.109Z"
"0xb3c755f3311227106f44ee59371ad3293962c606","Ethereum / EVM","secp256k1 / ECDSA","NO","0","","","","","3383","2026-05-31T04:00:45.775Z"
"0xb3ce49d689bb5d7996c82b08398418337af876cf","Ethereum / EVM","secp256k1 / ECDSA","NO","0","","","","","2422","2026-05-31T04:00:45.775Z"
"0xb3cee618b848db8ecc36e861d26e99e8bd2fcfc1","Ethereum / EVM","secp256k1 / ECDSA","NO","0","","","","Error: Scan timeout after 300s","371176","2026-05-31T04:00:45.775Z"
"0xb3e84b6c6409826dc45432b655d8c9489a14a0d7","Ethereum / EVM","secp256k1 / ECDSA","NO","0","","","","","65149","2026-05-31T04:02:17.855Z"
"0xb40eed68d7d6b3b6d6f4e93de6239b7c53efc786","Ethereum / EVM","secp256k1 / ECDSA","NO","0","","","","","1005","2026-05-31T04:02:17.855Z"
"0xb4144b629b592aa658e5c9561d842dbd175e787a","Ethereum / EVM","secp256k1 / ECDSA","NO","0","","","","","17318","2026-05-31T04:02:17.855Z"
"0xb429d0a65d1bdda1cb14569b24ce46bcc78dc1d1","Ethereum / EVM","secp256k1 / ECDSA","NO","0","","","","","1260","2026-05-31T04:10:53.852Z"
"0xb434615b1c15b19412d6b2f0edc02f7fa347ed2c","Ethereum / EVM","secp256k1 / ECDSA","NO","0","","","","Error: Scan timeout after 300s","501991","2026-05-31T04:10:53.852Z"
"0xb43ea9e7474476d56f5f36ceb1a431ae923faa2f","Ethereum / EVM","secp256k1 / ECDSA","NO","0","","","","","6467","2026-05-31T04:10:53.852Z"
"0xb44892d396b2e6471fb9c0b57b40138fb28e5dda","Ethereum / EVM","secp256k1 / ECDSA","NO","0","","","","","9391","2026-05-31T04:11:10.949Z"
"0xb4625df7d1bbce0547fe37a4c4e5bab22df529f4","Ethereum / EVM","secp256k1 / ECDSA","NO","0","","","","","1011","2026-05-31T04:11:10.949Z"
"0xb46b1d97dc1addc909ed43bf5b8c8e6eb5944058","Ethereum / EVM","secp256k1 / ECDSA","NO","0","","","","","4843","2026-05-31T04:11:10.949Z"
"0xb46dc383696c49e30f23ecd516cac1bf23a3b6a2","Ethereum / EVM","secp256k1 / ECDSA","NO","0","","","","","36279","2026-05-31T04:11:54.557Z"
"0xb48522f1b6863f897d4a6dd04ef6a16c69499db1","Ethereum / EVM","secp256k1 / ECDSA","NO","0","","","","","1769","2026-05-31T04:11:54.557Z"
"0xb485a81b220071e00d3ca4730b1ed569fd6dddb1","Ethereum / EVM","secp256k1 / ECDSA","NO","0","","","","","4543","2026-05-31T04:11:54.557Z"
"0xb49f07ad7dab9a9198c652764c89cfb70d52cb37","Ethereum / EVM","secp256k1 / ECDSA","NO","0","","","","","1030","2026-05-31T04:12:04.170Z"
"0xb4cc15ccc5db1f310f279413d06a5d78e96ba010","Ethereum / EVM","secp256k1 / ECDSA","NO","0","","","","","1020","2026-05-31T04:12:04.170Z"
"0xb4e16d0168e52d35cacd2c6185b44281ec28c9dc","Ethereum / EVM","secp256k1 / ECDSA","NO","0","","","","","1504","2026-05-31T04:12:04.170Z"
"0xb50d64640b608a0898cefabeca28ad04ebd231ff","Ethereum / EVM","secp256k1 / ECDSA","NO","0","","","","","24708","2026-06-01T00:50:34.288Z"
"0xb51bf9029d778899d42e96ebcdc0498bd061006d","Ethereum / EVM","secp256k1 / ECDSA","NO","0","","","","Error: Scan timeout after 300s","745723","2026-06-01T00:50:34.288Z"
"0xb52af0d21b4cdc15892c13ff403f84a527698b38","Ethereum / EVM","secp256k1 / ECDSA","NO","0","","","","","3302","2026-06-01T00:50:34.288Z"
"0xb5584bfdb0f869f35764f975da6c482e29e871c0","Ethereum / EVM","secp256k1 / ECDSA","NO","0","","","","Error: Scan timeout after 300s","729850","2026-06-01T01:03:21.463Z"
"0xb5616dcaaaee96e21d125201e1965ca829a9db96","Ethereum / EVM","secp256k1 / ECDSA","NO","0","","","","","2305","2026-06-01T01:03:21.463Z"
"0xb572523b4b41290fb148f91d80cd29725c76b9d6","Ethereum / EVM","secp256k1 / ECDSA","NO","0","","","","","26386","2026-06-01T01:03:21.463Z"
"0xb57be4ab4304c5aadc9e5ea2b0b34f1f04413232","Ethereum / EVM","secp256k1 / ECDSA","NO","0","","","","","105630","2026-06-01T01:05:16.923Z"
"0xb5885b4bb63928f77e1f669785dae2f3cc7562d7","Ethereum / EVM","secp256k1 / ECDSA","NO","0","","","","","912","2026-06-01T01:05:16.923Z"
"0xb5a97324ae68d51c03e2730b8b75663170c77425","Ethereum / EVM","secp256k1 / ECDSA","NO","0","","","","","1442","2026-06-01T01:05:16.923Z"
"0xb5bc80ef00b26ee59a7332cedae13c49e2fb082e","Ethereum / EVM","secp256k1 / ECDSA","NO","0","","","","Error: Scan timeout after 300s","331173","2026-06-01T01:11:34.602Z"
"0xb5c2d6f24eafa29d654a67a0ccf491b1314d6048","Ethereum / EVM","secp256k1 / ECDSA","NO","0","","","","","40709","2026-06-01T01:11:34.602Z"
"0xb5d53b5b35f334cf2be34a9ec841bf66221886a1","Ethereum / EVM","secp256k1 / ECDSA","NO","0","","","","","455","2026-06-01T01:11:34.602Z"
"0xb5d5f11373515224ded154468812d9c32441f6a1","Ethereum / EVM","secp256k1 / ECDSA","NO","0","","","","","2727","2026-06-01T01:25:49.478Z"
"0xb5d7bf2a7ed2871f0eb30a37edc8d4c1e31886a1","Ethereum / EVM","secp256k1 / ECDSA","NO","0","","","","","1656","2026-06-01T01:25:49.478Z"
"0xb5d85cbf7cb3ee0d56b3bb207d5fc4b82f43f511","Ethereum / EVM","secp256k1 / ECDSA","NO","0","","","","Error: Scan timeout after 300s","843521","2026-06-01T01:25:49.478Z"
"0xb5dc80798f9a0a59d4d21872b5510a327bf4224d","Ethereum / EVM","secp256k1 / ECDSA","NO","0","","","","","1112","2026-06-01T01:26:44.352Z"
"0xb5def53ee141f511b657317f2b711d86d819f714","Ethereum / EVM","secp256k1 / ECDSA","NO","0","","","","","45800","2026-06-01T01:26:44.352Z"
"0xb5e7ba7fcaa81dec79d2c630133f58d479409761","Ethereum / EVM","secp256k1 / ECDSA","NO","0","","","","","329","2026-06-01T01:26:44.352Z"
"0xb5e7c8c9995d084e235f21131b272d9d95299761","Ethereum / EVM","secp256k1 / ECDSA","NO","0","","","","","298","2026-06-01T01:26:56.626Z"
"0xb5ef0246152fa35c0af8435cee0145fe68709804","Ethereum / EVM","secp256k1 / ECDSA","NO","0","","","","","6219","2026-06-01T01:26:56.626Z"
"0xb5f42ddbed9809305ff29c6eabcffbcaa1363eff","Ethereum / EVM","secp256k1 / ECDSA","NO","0","","","","","568","2026-06-01T01:26:56.626Z"
"0xb5ff67417065fbf0d261905a6b5192fabdce0ab9","Ethereum / EVM","secp256k1 / ECDSA","NO","0","","","","","2805","2026-06-01T01:28:10.930Z"
"0xb61064bf3af6d754045cdc2e5661dfa1d5538d82","Ethereum / EVM","secp256k1 / ECDSA","NO","0","","","","","3054","2026-06-01T01:28:10.930Z"
"0xb614e326cd7c1b368873b00e88256dade32b07b1","Ethereum / EVM","secp256k1 / ECDSA","NO","0","","","","","67426","2026-06-01T01:28:10.930Z"
"0xb61eedacbe935e235b1f42716bcdccda60114c63","Ethereum / EVM","secp256k1 / ECDSA","NO","0","","","","","6915","2026-06-01T01:28:38.111Z"
"0xb63cd17a681b6729e13a58119938cd30be7ac61b","Ethereum / EVM","secp256k1 / ECDSA","NO","0","","","","","11401","2026-06-01T01:28:38.111Z"
"0xb64ee039c568583a6267093c35d1cc63083c5ba0","Ethereum / EVM","secp256k1 / ECDSA","NO","0","","","","","5632","2026-06-01T01:28:38.111Z"
"0xb661ad7f74efe1e144c414d14687b8fe98d24b86","Ethereum / EVM","secp256k1 / ECDSA","NO","0","","","","","7774","2026-06-01T01:29:09.343Z"
"0xb66e436c6749fc41111f2bc0c952f8952ad274bd","Ethereum / EVM","secp256k1 / ECDSA","NO","0","","","","","13777","2026-06-01T01:29:09.343Z"
"0xb684962f4c8dd416fbc5ee7760890f99b74c250d","Ethereum / EVM","secp256k1 / ECDSA","NO","0","","","","","1330","2026-06-01T01:29:09.343Z"
"0xb6a888ef0ef9e732afa5cc0ec5b61d341790a83c","Ethereum / EVM","secp256k1 / ECDSA","NO","0","","","","","1306","2026-06-01T01:29:14.831Z"
"0xb6a93e1a81ef0a850b5fc48186817803aed28cdf","Ethereum / EVM","secp256k1 / ECDSA","NO","0","","","","","1285","2026-06-01T01:29:14.831Z"
"0xb6b01192d05c1db585ebd4d7b5e73fe538bed3d8","Ethereum / EVM","secp256k1 / ECDSA","NO","0","","","","","1279","2026-06-01T01:29:14.831Z"
"0xb6c0c00b3fdcad0c3994257a7c668b8feeef467e","Ethereum / EVM","secp256k1 / ECDSA","NO","0","","","","","1306","2026-06-01T01:29:22.902Z"
"0xb6c5e33c81dd9b6e722b3f74677eb94dfdb5585a","Ethereum / EVM","secp256k1 / ECDSA","NO","0","","","","","1290","2026-06-01T01:29:22.902Z"
"0xb70f98e53bee56a2e18a15bcd826579f495076f0","Ethereum / EVM","secp256k1 / ECDSA","NO","0","","","","","1289","2026-06-01T01:29:22.902Z"
"0xb71b5bded5663c5b74cada1cfdbf6491885a080d","Ethereum / EVM","secp256k1 / ECDSA","NO","0","","","","","1134","2026-06-01T01:29:30.426Z"
"0xb72ec7c52ef40e0197b3d946984c8b20f4bf15ae","Ethereum / EVM","secp256k1 / ECDSA","NO","0","","","","","1151","2026-06-01T01:29:30.426Z"
"0xb739d0895772dbb71a89a3754a160269068f0d45","Ethereum / EVM","secp256k1 / ECDSA","NO","0","","","","","1138","2026-06-01T01:29:30.426Z"
"0xb742104d15b853785cd4cc51b9040a973f9fa9d8","Ethereum / EVM","secp256k1 / ECDSA","NO","0","","","","","1141","2026-06-01T01:29:39.806Z"
"0xb74a8ea265051385a7e2acaee7f05da296ac1e64","Ethereum / EVM","secp256k1 / ECDSA","NO","0","","","","","1145","2026-06-01T01:29:39.806Z"
"0xb7826f5de3477019d75c19b06f81b0f642ccc245","Ethereum / EVM","secp256k1 / ECDSA","NO","0","","","","","1137","2026-06-01T01:29:39.806Z"
"0xb785c219a9dde2ddd5cdf93ebfa492cb3e8e560e","Ethereum / EVM","secp256k1 / ECDSA","NO","0","","","","","1137","2026-06-01T01:29:53.664Z"
"0xb7868a274896e1006bec2a94f6214c2c54a1a244","Ethereum / EVM","secp256k1 / ECDSA","NO","0","","","","","1128","2026-06-01T01:29:53.664Z"
"0xb79b5804a979800ff0dbfb979537fabf08cb675b","Ethereum / EVM","secp256k1 / ECDSA","NO","0","","","","","7881","2026-06-01T01:29:53.664Z"
"0xb7a868198a6590fe5162dac1fb5c98f009059a35","Ethereum / EVM","secp256k1 / ECDSA","NO","0","","","","","421","2026-06-01T05:45:19.973Z"
"0xb7dc1c26f1b893d4183d8014e341d1c6feb0b257","Ethereum / EVM","secp256k1 / ECDSA","NO","0","","","","Error: Scan timeout after 300s","958928","2026-06-01T05:45:19.973Z"
"0xb7dc684826826c1beda0aa44687ab12201059758","Ethereum / EVM","secp256k1 / ECDSA","NO","0","","","","","4308","2026-06-01T05:45:19.973Z"
"0xb7dd20c3077458269c1adfeebb853c3453b4068c","Ethereum / EVM","secp256k1 / ECDSA","NO","0","","","","","45942","2026-06-01T18:35:07.434Z"
"0xb7decc4f01825d6e6cd78985559e3552cd8644a0","Ethereum / EVM","secp256k1 / ECDSA","NO","0","","","","","7270","2026-06-01T18:35:07.434Z"
"0xb7ec5b6ba457f22bd482b5ca4ec57771f3c1a372","Ethereum / EVM","secp256k1 / ECDSA","NO","0","","","","Error: Scan timeout after 300s","765758","2026-06-01T18:35:07.434Z"
"0xb8ba36e591facee901ffd3d5d82df491551ad7ef","Ethereum / EVM","secp256k1 / ECDSA","NO","0","","","","","1137","2026-06-01T18:50:22.626Z"
"0xb7f271da2bf7cc7e86bf5b99631b9e9d78e55aa9","Ethereum / EVM","secp256k1 / ECDSA","NO","0","","","","","1594","2026-06-01T18:49:06.354Z"
"0xb7fd32d16d92224bf05dadd0610937bc50f33a31","Ethereum / EVM","secp256k1 / ECDSA","NO","0","","","","","2095","2026-06-01T18:49:06.354Z"
"0xb8001c3ec9aa1985f6c747e25c28324e4a361ec1","Ethereum / EVM","secp256k1 / ECDSA","NO","0","","","","Error: Scan timeout after 300s","827271","2026-06-01T18:49:06.354Z"
"0xb801b52b8780a51ab776af35d55ad3b01d9a1db0","Ethereum / EVM","secp256k1 / ECDSA","NO","0","","","","","8411","2026-06-01T18:49:26.755Z"
"0xb81136941d00b69e112e52819eb93f799df687db","Ethereum / EVM","secp256k1 / ECDSA","NO","0","","","","","3490","2026-06-01T18:49:26.755Z"
"0xb82720ee693372db93c06dc76e4032c2e3f259eb","Ethereum / EVM","secp256k1 / ECDSA","NO","0","","","","","546","2026-06-01T18:49:26.755Z"
"0xb83e26b534e130cb8cb531751c0ad888a5b27758","Ethereum / EVM","secp256k1 / ECDSA","NO","0","","","","","5977","2026-06-01T18:49:53.487Z"
"0xb841e1591c27bfa1c7c9658c8134c811664c9460","Ethereum / EVM","secp256k1 / ECDSA","NO","0","","","","","14769","2026-06-01T18:49:53.487Z"
"0xb8543466ac506b93a14d3b620e26197c3616d8d9","Ethereum / EVM","secp256k1 / ECDSA","NO","0","","","","","1134","2026-06-01T18:49:53.487Z"
"0xb8615ad742c604e2920a82fdfcdd6cd93c56b4b7","Ethereum / EVM","secp256k1 / ECDSA","NO","0","","","","","1150","2026-06-01T18:49:58.336Z"
"0xb878de3c783fc1846ae8467002cc2cf79ed8db63","Ethereum / EVM","secp256k1 / ECDSA","NO","0","","","","","1135","2026-06-01T18:49:58.336Z"
"0xb87d9ed1e1841d1eeb5824778f2848f00a3f9b44","Ethereum / EVM","secp256k1 / ECDSA","NO","0","","","","","1137","2026-06-01T18:49:58.336Z"
"0xb8867f9813ae52f7a4028034b73e377436ac88f5","Ethereum / EVM","secp256k1 / ECDSA","NO","0","","","","","1132","2026-06-01T18:50:06.321Z"
"0xb889ce7b7faa6faaa09704bcd232493044505727","Ethereum / EVM","secp256k1 / ECDSA","NO","0","","","","","1136","2026-06-01T18:50:06.321Z"
"0xb88cdeba793e13fa39ee19ad34cfe69916b81fa0","Ethereum / EVM","secp256k1 / ECDSA","NO","0","","","","","1141","2026-06-01T18:50:06.321Z"
"0xb88e51b89062f66377d386fa6d129d8e2c3f27ad","Ethereum / EVM","secp256k1 / ECDSA","NO","0","","","","","1140","2026-06-01T18:50:14.632Z"
"0xb8901acb165ed027e32754e0ffe830802919727f","Ethereum / EVM","secp256k1 / ECDSA","NO","0","","","","","1144","2026-06-01T18:50:14.632Z"
"0xb8935d71b1b0629cf4f024e6ee004026f2b187f1","Ethereum / EVM","secp256k1 / ECDSA","NO","0","","","","","1157","2026-06-01T18:50:14.632Z"
"0xb8bea51d21487f76066f32088d6bcc4521e591f7","Ethereum / EVM","secp256k1 / ECDSA","NO","0","","","","","1139","2026-06-01T18:50:22.626Z"
"0xb8d20e94d0240c99d810cfbb91056a357673ffa6","Ethereum / EVM","secp256k1 / ECDSA","NO","0","","","","","1136","2026-06-01T18:50:22.626Z"
"0xb8e6d31e7b212b2b7250ee9c26c56cebbfbe6b23","Ethereum / EVM","secp256k1 / ECDSA","NO","0","","","","","1126","2026-06-01T18:50:36.429Z"
"0xb90345d8370f344f4c8235c960414c36e2caf4c1","Ethereum / EVM","secp256k1 / ECDSA","NO","0","","","","","6699","2026-06-01T18:50:36.429Z"
"0xb906abd579163a411e58874811c2e272cb343888","Ethereum / EVM","secp256k1 / ECDSA","NO","0","","","","","1144","2026-06-01T18:50:36.429Z"
"0xb9092002edef84b98561b7cd860816729ca5a06e","Ethereum / EVM","secp256k1 / ECDSA","NO","0","","","","","1150","2026-06-01T18:50:47.266Z"
"0xb90e06e8a02dc0d4f76285537782a42c5982f4c1","Ethereum / EVM","secp256k1 / ECDSA","NO","0","","","","","1153","2026-06-01T18:50:47.266Z"
"0xb90efd766b72fc116af10975cb05e8afeda2f4c1","Ethereum / EVM","secp256k1 / ECDSA","NO","0","","","","","1137","2026-06-01T18:50:47.266Z"
"0xb92fe925dc43a0ecde6c8b1a2709c170ec4fff4f","Ethereum / EVM","secp256k1 / ECDSA","NO","0","","","","","1219","2026-06-01T18:50:54.893Z"
"0xb931d3132c906ffeb82513b0392e7c4da1a33352","Ethereum / EVM","secp256k1 / ECDSA","NO","0","","","","","1208","2026-06-01T18:50:54.893Z"
"0xb936525a77ba0529f6c0feab28f8b0ae6c0398c7","Ethereum / EVM","secp256k1 / ECDSA","NO","0","","","","","483","2026-06-01T18:50:54.893Z"
"0xb93a3b0cf59cb00a4eb453ee82b1570702a1c095","Ethereum / EVM","secp256k1 / ECDSA","NO","0","","","","","26205","2026-06-01T18:58:45.284Z"
"0xb944f2659e7b9ccb84ce26f51185ba54f70609d9","Ethereum / EVM","secp256k1 / ECDSA","NO","0","","","","","5224","2026-06-01T18:58:45.284Z"
"0xb948162f20230d4b4ff18fea3d240b167907348b","Ethereum / EVM","secp256k1 / ECDSA","NO","0","","","","Error: Scan timeout after 300s","433597","2026-06-01T18:58:45.284Z"
"0xb9487d2134825b67bb27b5d9e0b8b6d2b86037fc","Ethereum / EVM","secp256k1 / ECDSA","NO","0","","","","","2339","2026-06-01T19:00:14.306Z"
"0xba12222222228d8ba445958a75a0704d566bf2c8","Ethereum / EVM","secp256k1 / ECDSA","NO","0","","","","","1138","2026-06-01T19:14:47.705Z"
"0xba177065d5f7c30c42286615350c2cd1fd872268","Ethereum / EVM","secp256k1 / ECDSA","NO","0","","","","","1126","2026-06-01T19:14:47.705Z"
"0xb95acbe3617e596aadccb66cc49b6eb807e1378d","Ethereum / EVM","secp256k1 / ECDSA","NO","0","","","","","1676","2026-06-01T19:00:14.306Z"
"0xb96e286b4fee4c17e260156e6f827e1606891e64","Ethereum / EVM","secp256k1 / ECDSA","NO","0","","","","","77059","2026-06-01T19:00:14.306Z"
"0xb973c236f2bc5241e1a26990faec0ae87ec48e2b","Ethereum / EVM","secp256k1 / ECDSA","NO","0","","","","","362","2026-06-01T19:00:39.999Z"
"0xb97b197c9181850c1c7e4761d19d6c00d3e541b3","Ethereum / EVM","secp256k1 / ECDSA","NO","0","","","","","11462","2026-06-01T19:00:39.999Z"
"0xb97e4a61c03245ddb3cef4d0324fc4debd085601","Ethereum / EVM","secp256k1 / ECDSA","NO","0","","","","","8214","2026-06-01T19:00:39.999Z"
"0xb97f756e00ea71876e07a50b4ff8d891b364d277","Ethereum / EVM","secp256k1 / ECDSA","NO","0","","","","","2700","2026-06-01T19:00:52.709Z"
"0xb98424e784cf63872b76c3920d3eedc93c7b0872","Ethereum / EVM","secp256k1 / ECDSA","NO","0","","","","","363","2026-06-01T19:00:52.709Z"
"0xb98473857e3aa19006e64a4102e4949ee95c0872","Ethereum / EVM","secp256k1 / ECDSA","NO","0","","","","","3052","2026-06-01T19:00:52.709Z"
"0xb9866c85b56b027548dcd0a7d58923f9c7af3872","Ethereum / EVM","secp256k1 / ECDSA","NO","0","","","","","3379","2026-06-01T19:01:02.221Z"
"0xb986765a00798135255677066ead4433a3d3a872","Ethereum / EVM","secp256k1 / ECDSA","NO","0","","","","","3577","2026-06-01T19:01:02.221Z"
"0xb98e32331c96b896541bf17727519f790a77a872","Ethereum / EVM","secp256k1 / ECDSA","NO","0","","","","","474","2026-06-01T19:01:02.221Z"
"0xba1951df0c0a52af23857c5ab48b4c43a57e7ed1","Ethereum / EVM","secp256k1 / ECDSA","NO","0","","","","","1164","2026-06-01T19:14:47.705Z"
"0xb98e43afac373d2bad03f13752ce82944237a872","Ethereum / EVM","secp256k1 / ECDSA","NO","0","","","","","4725","2026-06-01T19:01:22.450Z"
"0xb98e55091ad6c662c67f5f1fc4fb379c9477a872","Ethereum / EVM","secp256k1 / ECDSA","NO","0","","","","","5456","2026-06-01T19:01:22.450Z"
"0xb98e83d55cb5100789bbaad6380201ed2b96a872","Ethereum / EVM","secp256k1 / ECDSA","NO","0","","","","","1133","2026-06-01T19:01:22.450Z"
"0xb98E8eeFBa0f7476B85Cd9716Cb5b38a935AA872","Ethereum / EVM","secp256k1 / ECDSA","NO","0","","","","","1127","2026-06-01T19:01:30.912Z"
"0xb99016836cf7ddea74801d5c3d89137c5540c7fe","Ethereum / EVM","secp256k1 / ECDSA","NO","0","","","","","1125","2026-06-01T19:01:30.912Z"
"0xb9905129c51280691e20e69e5e771a4cff9b2b0a","Ethereum / EVM","secp256k1 / ECDSA","NO","0","","","","","1128","2026-06-01T19:01:30.912Z"
"0xb9a507f407c4a78026e55ce54de8aedc5d687f0a","Ethereum / EVM","secp256k1 / ECDSA","NO","0","","","","","1184","2026-06-01T19:14:02.721Z"
"0xb9b270b26c85fd641639a0cec1975f91a852e1d3","Ethereum / EVM","secp256k1 / ECDSA","NO","0","","","","","960","2026-06-01T19:14:02.721Z"
"0xb9c42bfd2ac4599ad3ac46789cf70bfd1fa8ff7f","Ethereum / EVM","secp256k1 / ECDSA","NO","0","","","","Error: Scan timeout after 300s","744380","2026-06-01T19:14:02.721Z"
"0xb9cf1db820e59253a2cc60b1cfcceb913ecd1b81","Ethereum / EVM","secp256k1 / ECDSA","NO","0","","","","","4236","2026-06-01T19:14:17.513Z"
"0xb9cf40d679e6d7ab7a9875de8f34b618cbba1b81","Ethereum / EVM","secp256k1 / ECDSA","NO","0","","","","","2649","2026-06-01T19:14:17.513Z"
"0xb9d7fa19c415792a5b8c1fab52a9986d37944c3a","Ethereum / EVM","secp256k1 / ECDSA","NO","0","","","","","407","2026-06-01T19:14:17.513Z"
"0xb9e64922702b52eb59b78f6b299d63e773322d3e","Ethereum / EVM","secp256k1 / ECDSA","NO","0","","","","","7025","2026-06-01T19:14:34.048Z"
"0xb9fb5261eeca47538c8d14227c288a74342538a4","Ethereum / EVM","secp256k1 / ECDSA","NO","0","","","","","7520","2026-06-01T19:14:34.048Z"
"0xba0b3cea2982bff11ff4624d8ca894eb18c94ae9","Ethereum / EVM","secp256k1 / ECDSA","NO","0","","","","","1143","2026-06-01T19:14:34.048Z"
"0xba1b0fb387bcf317b7b1eb0d7040128f76e14792","Ethereum / EVM","secp256k1 / ECDSA","NO","0","","","","","1128","2026-06-01T19:14:54.575Z"
"0xba22c355c9ae1ced77090a9361bd3879df0a9387","Ethereum / EVM","secp256k1 / ECDSA","NO","0","","","","","1145","2026-06-01T19:14:54.575Z"
"0xba24d1c1a09b8d924ee592e0f1ff50e322f9df9e","Ethereum / EVM","secp256k1 / ECDSA","NO","0","","","","","1139","2026-06-01T19:14:54.575Z"
"0xba2b05b7a91121ca7382360f4d25ea3f003c57b1","Ethereum / EVM","secp256k1 / ECDSA","NO","0","","","","","1138","2026-06-01T19:15:02.839Z"
"0xba349b2d104073a9e7eb5fc6064e05b90a7886bd","Ethereum / EVM","secp256k1 / ECDSA","NO","0","","","","","1149","2026-06-01T19:15:02.839Z"
"0xba3cb449bd2b4adddbc894d8697f5170800eadec","Ethereum / EVM","secp256k1 / ECDSA","NO","0","","","","","1141","2026-06-01T19:15:02.839Z"
"0xba470432de1f7cc406137379debb0192284a3031","Ethereum / EVM","secp256k1 / ECDSA","NO","0","","","","","1131","2026-06-01T19:15:11.090Z"
"0xba5c4adc5331729e107fefd422753a294a5549c4","Ethereum / EVM","secp256k1 / ECDSA","NO","0","","","","","1170","2026-06-01T19:15:11.090Z"
"0xba5e35e26ae59c7aea6f029b68c6460de2d13eb6","Ethereum / EVM","secp256k1 / ECDSA","NO","0","","","","","1129","2026-06-01T19:15:11.090Z"
"0xba6426fed30a7522f9643fca1f68b1a9c2592130","Ethereum / EVM","secp256k1 / ECDSA","NO","0","","","","","1117","2026-06-01T19:15:20.453Z"
"0xba643d4f8223f8a1e9fd3f99a74cced9c2592130","Ethereum / EVM","secp256k1 / ECDSA","NO","0","","","","","1143","2026-06-01T19:15:20.453Z"
"0xba647863c18a86862fad17abf8ca3ea9c2592130","Ethereum / EVM","secp256k1 / ECDSA","NO","0","","","","","1152","2026-06-01T19:15:20.453Z"
"0xba64957d708c7ab17f03d9e701c00469c2592130","Ethereum / EVM","secp256k1 / ECDSA","NO","0","","","","","1150","2026-06-01T19:15:27.538Z"
"0xba64996600489734a8c16bdc35943239c2592130","Ethereum / EVM","secp256k1 / ECDSA","NO","0","","","","","1137","2026-06-01T19:15:27.538Z"
"0xba64b4ac6bf189f704df4ae4c42e4f09c2592130","Ethereum / EVM","secp256k1 / ECDSA","NO","0","","","","","1125","2026-06-01T19:15:27.538Z"
"0xba6efde9d60eb5d666ce38d182af59a38439e130","Ethereum / EVM","secp256k1 / ECDSA","NO","0","","","","","1164","2026-06-01T19:15:35.550Z"
"0xba76d776cd368e8df26f5444c4c4c8bc352ffa59","Ethereum / EVM","secp256k1 / ECDSA","NO","0","","","","","1146","2026-06-01T19:15:35.550Z"
"0xba8f6a2961b38522ed29d52eaea630e7a2c49c7f","Ethereum / EVM","secp256k1 / ECDSA","NO","0","","","","","1113","2026-06-01T19:15:35.550Z"
"0xba90b6cfb74dda6ea75e0d10f1808087237e33c7","Ethereum / EVM","secp256k1 / ECDSA","NO","0","","","","","9639","2026-06-01T19:29:03.516Z"
"0xba93468330eff866c0cb8b76cb9b9c7b48c40fcf","Ethereum / EVM","secp256k1 / ECDSA","NO","0","","","","","15764","2026-06-01T19:29:03.516Z"
"0xbaed383ede0e5d9d72430661f3285daa77e9439f","Ethereum / EVM","secp256k1 / ECDSA","NO","0","","","","Error: Scan timeout after 300s","777750","2026-06-01T19:29:03.516Z"
"0xbaed5a2e8a9c3f2daa7332a90fea69f775ba9c80","Ethereum / EVM","secp256k1 / ECDSA","NO","0","","","","","397","2026-06-01T19:29:25.942Z"
"0xbafab0bfa1fffda38fd0ce858f9debe5169130d4","Ethereum / EVM","secp256k1 / ECDSA","NO","0","","","","","13412","2026-06-01T19:29:25.942Z"
"0xbb0e17ef65f82ab018d8edd776e8dd940327b28b","Ethereum / EVM","secp256k1 / ECDSA","NO","0","","","","","497","2026-06-01T19:29:25.942Z"
"0xbb0e9ba8cba362391aa545fe5b0fa916e7c6d448","Ethereum / EVM","secp256k1 / ECDSA","NO","0","","","","","2704","2026-06-01T19:29:39.140Z"
"0xbb12f977e2d6af95ff0401ccd5aa359b805b2e22","Ethereum / EVM","secp256k1 / ECDSA","NO","0","","","","","161","2026-06-01T19:29:39.140Z"
"0xbb1ab6ef6bfdc050922b1d8e633829c94f02615e","Ethereum / EVM","secp256k1 / ECDSA","NO","0","","","","","3401","2026-06-01T19:29:39.140Z"
"0xbb281fc60d14c44b97dd3bd7d70dbe3969c8add3","Ethereum / EVM","secp256k1 / ECDSA","NO","0","","","","","604","2026-06-01T19:30:15.786Z"
"0xbb2906890a593fa28bcdecf80cea752eceb0bf06","Ethereum / EVM","secp256k1 / ECDSA","NO","0","","","","","6618","2026-06-01T19:30:15.786Z"
"0xbb2f33ca5f4c8cb290b3b7b9fca634357fe60a64","Ethereum / EVM","secp256k1 / ECDSA","NO","0","","","","","28027","2026-06-01T19:30:15.786Z"
"0xbb3400f107804dfb482565ff1ec8d8ae66747605","Ethereum / EVM","secp256k1 / ECDSA","NO","0","","","","","1138","2026-06-01T19:30:24.330Z"
"0xbb3d45f8a4c1b84a654045d825106a1e9df5555b","Ethereum / EVM","secp256k1 / ECDSA","NO","0","","","","","1126","2026-06-01T19:30:24.330Z"
"0xbb4d1dc5c1abec4ea11166ec97e714862863ad1d","Ethereum / EVM","secp256k1 / ECDSA","NO","0","","","","","1141","2026-06-01T19:30:24.330Z"
"0xbb5b6e95c780ced33bea04a3fb26bd3f5c03e16b","Ethereum / EVM","secp256k1 / ECDSA","NO","0","","","","","1131","2026-06-01T19:30:37.291Z"
"0xbb945c0a6816eec9d44e121a79f695cff9a40740","Ethereum / EVM","secp256k1 / ECDSA","NO","0","","","","","5993","2026-06-01T19:30:37.291Z"
"0xbb9bc244d798123fde783fcc1c72d3bb8c189413","Ethereum / EVM","secp256k1 / ECDSA","NO","0","","","","","998","2026-06-01T19:30:37.291Z"
"0xbb9c339e42a3d074be02eb00bb6be9f5489d7e98","Ethereum / EVM","secp256k1 / ECDSA","NO","0","","","","","820","2026-06-01T19:31:50.408Z"
"0xbba5616a36546bd3ac89aab31411bb15a6b69a15","Ethereum / EVM","secp256k1 / ECDSA","NO","0","","","","","5308","2026-06-01T19:31:50.408Z"
"0xbbb1e570302e9e2a7e50a4c2f37741764d0799d2","Ethereum / EVM","secp256k1 / ECDSA","NO","0","","","","","58997","2026-06-01T19:31:50.408Z"
"0xbbb4f80ed38443aa6fe9da2021aad3a12a4d578a","Ethereum / EVM","secp256k1 / ECDSA","NO","0","","","","","4134","2026-06-01T19:46:13.423Z"
"0xbbc3e3ce0814cac1b8e0012ca046dd09edee0386","Ethereum / EVM","secp256k1 / ECDSA","NO","0","","","","Error: Scan timeout after 300s","852069","2026-06-01T19:46:13.423Z"
"0xbbcd44263236dfbf8e4705a4eb58226671d74c5e","Ethereum / EVM","secp256k1 / ECDSA","NO","0","","","","","781","2026-06-01T19:46:13.423Z"
"0xbbd0d4d067d5af2065b1b6fd936d93237ae1c56c","Ethereum / EVM","secp256k1 / ECDSA","NO","0","","","","Error: Scan timeout after 300s","786755","2026-06-01T19:59:31.468Z"
"0xbbd900150225c3718dfbcd4c5d8f492d800f146f","Ethereum / EVM","secp256k1 / ECDSA","NO","0","","","","","1501","2026-06-01T19:59:31.468Z"
"0xbbf041df00f6069dbce3de0424d79dd15ecf8f8d","Ethereum / EVM","secp256k1 / ECDSA","NO","0","","","","","2369","2026-06-01T19:59:31.468Z"
"0xbbf1ac1a90f48f3cbe48e5f1445df38b630d52e4","Ethereum / EVM","secp256k1 / ECDSA","NO","0","","","","","46486","2026-06-01T20:13:15.740Z"
"0xbc122b6729e9aa9fad2d0c271b80afa7808f4aea","Ethereum / EVM","secp256k1 / ECDSA","NO","0","","","","","842","2026-06-01T20:13:15.740Z"
"0xbc1c65c2f6461477db73558d23fe24eca9144ef6","Ethereum / EVM","secp256k1 / ECDSA","NO","0","","","","Error: Scan timeout after 300s","772601","2026-06-01T20:13:15.740Z"
"0xbc396689893d065f41bc2c6ecbee5e0085233447","Ethereum / EVM","secp256k1 / ECDSA","NO","0","","","","","796","2026-06-01T20:13:25.826Z"
"0xbc40121f833aae626a0ff03814de9a71651e5473","Ethereum / EVM","secp256k1 / ECDSA","NO","0","","","","","756","2026-06-01T20:13:25.826Z"
"0xbc4047d6b29c5f60148386e02f7c20936f1e5473","Ethereum / EVM","secp256k1 / ECDSA","NO","0","","","","","369","2026-06-01T20:13:25.826Z"
"0xbc4406135b30d09c03b5cf6737780d50297200d0","Ethereum / EVM","secp256k1 / ECDSA","NO","0","","","","","3030","2026-06-01T20:16:40.262Z"
"0xbc5b3d988bdb81837bb4f66aece904f3dbb4e48a","Ethereum / EVM","secp256k1 / ECDSA","NO","0","","","","","4615","2026-06-01T20:16:40.262Z"
"0xbc703f5286ebc19da5fe19ca393647b87d0403c7","Ethereum / EVM","secp256k1 / ECDSA","NO","0","","","","","180663","2026-06-01T20:16:40.262Z"
"0xbcde93bf363ad3f650289862539fcd325878a949","Ethereum / EVM","secp256k1 / ECDSA","NO","0","","","","","1106","2026-06-01T20:31:37.669Z"
"0xbcdeb4104d756b38e0a8b4aefda60864f3bda4a9","Ethereum / EVM","secp256k1 / ECDSA","NO","0","","","","","2325","2026-06-01T20:31:37.669Z"
"0xbce86a704add3eddf5a1d114242f5c10554b9eda","Ethereum / EVM","secp256k1 / ECDSA","NO","0","","","","","2442","2026-06-01T20:31:37.669Z"
"0xbc70e35b9df845792cbac7050a6399bf0c2703c7","Ethereum / EVM","secp256k1 / ECDSA","NO","0","","","","","3259","2026-06-01T20:16:57.107Z"
"0xbc76e490fce12e60ed7b840b6c347c149e8d71e1","Ethereum / EVM","secp256k1 / ECDSA","NO","0","","","","","4612","2026-06-01T20:16:57.107Z"
"0xbc7a3496a146e40d69156cf9bf2e8f121f7a0e19","Ethereum / EVM","secp256k1 / ECDSA","NO","0","","","","","3462","2026-06-01T20:16:57.107Z"
"0xbc7bf18a9a4a4b177aa05d2e5d24d8259763d3c7","Ethereum / EVM","secp256k1 / ECDSA","NO","0","","","","","986","2026-06-01T20:17:12.452Z"
"0xbc8dec79e56fd1ecb490da01af6c174d333430a2","Ethereum / EVM","secp256k1 / ECDSA","NO","0","","","","","8105","2026-06-01T20:17:12.452Z"
"0xbc95e221b553ffb061e4ac764ba3676a512dc42e","Ethereum / EVM","secp256k1 / ECDSA","NO","0","","","","","1140","2026-06-01T20:17:12.452Z"
"0xbc9a9ac7dc36b1706732374bf632ef39fb6efbc3","Ethereum / EVM","secp256k1 / ECDSA","NO","0","","","","","1160","2026-06-01T20:17:22.141Z"
"0xbc9b42f6df68c22291ac514fc6fa4399c98d1391","Ethereum / EVM","secp256k1 / ECDSA","NO","0","","","","","1153","2026-06-01T20:17:22.141Z"
"0xbca34ed5875079cc561840f3409a790769821dbc","Ethereum / EVM","secp256k1 / ECDSA","NO","0","","","","","1136","2026-06-01T20:17:22.141Z"
"0xbca8c51d034af7477915bfdee6af8de26e4c351a","Ethereum / EVM","secp256k1 / ECDSA","NO","0","","","","","808","2026-06-01T20:17:28.739Z"
"0xbcca60bb61934080951369a648fb03df4f96263c","Ethereum / EVM","secp256k1 / ECDSA","NO","0","","","","","976","2026-06-01T20:17:28.739Z"
"0xbccc66b519cfde9f5a030c175107a0f4859bcb92","Ethereum / EVM","secp256k1 / ECDSA","NO","0","","","","","322","2026-06-01T20:17:28.739Z"
"0xbCD263dB9c9ed9215BCB07897F9Da582129Dd7dA","Ethereum / EVM","secp256k1 / ECDSA","NO","0","","","","","6152","2026-06-01T20:31:23.827Z"
"0xbcd8f3f1002599f6c05908a10ab3c77826fc1ffd","Ethereum / EVM","secp256k1 / ECDSA","NO","0","","","","","63426","2026-06-01T20:31:23.827Z"
"0xbcd986563ba93af5c6c92b16ab06e843a281a4a9","Ethereum / EVM","secp256k1 / ECDSA","NO","0","","","","Error: Scan timeout after 300s","759564","2026-06-01T20:31:23.827Z"
"0xbcea4c3460f0c80fec5bd858fbf3f0d8c267d9d9","Ethereum / EVM","secp256k1 / ECDSA","NO","0","","","","","92742","2026-06-01T20:33:15.646Z"
"0xc0efcfcea61ccbdc143921e38ad8bd669d738c63","Ethereum / EVM","secp256k1 / ECDSA","NO","0","","","","","16142","2026-06-01T21:54:40.261Z"
"0xbcec78e1522ba7fb3ac56f59c3dc7a6da1f83796","Ethereum / EVM","secp256k1 / ECDSA","NO","0","","","","","2532","2026-06-01T20:33:15.646Z"
"0xbcf2175fdf8e9e6625fea69d00357e141bade036","Ethereum / EVM","secp256k1 / ECDSA","NO","0","","","","","394","2026-06-01T20:33:15.646Z"
"0xbcf8cf9055ee8f904d0d8ce0e8ee0bf6d4a58633","Ethereum / EVM","secp256k1 / ECDSA","NO","0","","","","Error: Scan timeout after 300s","389842","2026-06-01T20:40:11.497Z"
"0xbd3b27b1954f3e9c9cce8c9631759d8c825dc2a1","Ethereum / EVM","secp256k1 / ECDSA","NO","0","","","","","7299","2026-06-01T20:40:11.497Z"
"0xbd3c9e9f23d6b77906f7ecd3483fbe8e763211c5","Ethereum / EVM","secp256k1 / ECDSA","NO","0","","","","","17031","2026-06-01T20:40:11.497Z"
"0xbd52016e84e11b37dba1aeeafa3f497aabdbba43","Ethereum / EVM","secp256k1 / ECDSA","NO","0","","","","","6797","2026-06-01T20:40:26.864Z"
"0xbd6290906a8dfa80328c0c48d96de026b20d6c14","Ethereum / EVM","secp256k1 / ECDSA","NO","0","","","","","623","2026-06-01T20:40:26.864Z"
"0xbd810cb490df0e25825716fe91b94af6a323d575","Ethereum / EVM","secp256k1 / ECDSA","NO","0","","","","","2463","2026-06-01T20:40:26.864Z"
"0xbd9440f8d73fc143cd1ea74cbcd8eea72547aa95","Ethereum / EVM","secp256k1 / ECDSA","NO","0","","","","","14213","2026-06-01T20:41:05.776Z"
"0xbd968677c674cc0ab8cd763b993d2d149d9389ce","Ethereum / EVM","secp256k1 / ECDSA","NO","0","","","","","10586","2026-06-01T20:41:05.776Z"
"0xbd96cf90d74ce379ae4fde65dcc0bb5700f3818c","Ethereum / EVM","secp256k1 / ECDSA","NO","0","","","","","6954","2026-06-01T20:41:05.776Z"
"0xbd9734dd2f23a104d3bd641cc2136aa0074abd3b","Ethereum / EVM","secp256k1 / ECDSA","NO","0","","","","","12980","2026-06-01T20:41:58.481Z"
"0xbd9e42817f7ad1c58f105c40a28cbb62a2cd602f","Ethereum / EVM","secp256k1 / ECDSA","NO","0","","","","","24502","2026-06-01T20:41:58.481Z"
"0xbda00327d5f8f26dd0558dda21bc7876b1130a52","Ethereum / EVM","secp256k1 / ECDSA","NO","0","","","","","7659","2026-06-01T20:41:58.481Z"
"0xbda7b39e4f1d35df2177b928a16d0a37c9fe7e6f","Ethereum / EVM","secp256k1 / ECDSA","NO","0","","","","","8507","2026-06-01T20:43:06.417Z"
"0xbdbac11d31f21d6f5c22ee5dfdb526113e32f765","Ethereum / EVM","secp256k1 / ECDSA","NO","0","","","","","52469","2026-06-01T20:43:06.417Z"
"0xbdbfe022113c5aa75af5a3e3365660228b873632","Ethereum / EVM","secp256k1 / ECDSA","NO","0","","","","","1154","2026-06-01T20:43:06.417Z"
"0xbdc27fb965baf3cd6e914480722fc84597e5a76c","Ethereum / EVM","secp256k1 / ECDSA","NO","0","","","","","1122","2026-06-01T20:43:22.231Z"
"0xbdc951bc22b8f6f15ed5da8f77287b510a2fa036","Ethereum / EVM","secp256k1 / ECDSA","NO","0","","","","","1278","2026-06-01T20:43:22.231Z"
"0xbdd89d742bd251b3eff83550c169425f9943a0b1","Ethereum / EVM","secp256k1 / ECDSA","NO","0","","","","","7966","2026-06-01T20:43:22.231Z"
"0xc0f483774954581042091f494cd3939067bf2799","Ethereum / EVM","secp256k1 / ECDSA","NO","0","","","","","21877","2026-06-01T21:54:40.261Z"
"0xbde8f31d2ddda895264e27dd990fab3dc87b372d","Ethereum / EVM","secp256k1 / ECDSA","NO","0","","","","","992","2026-06-01T20:50:53.103Z"
"0xbe0eb53f46cd790cd13851d5eff43d12404d33e8","Ethereum / EVM","secp256k1 / ECDSA","NO","0","","","","Error: Scan timeout after 300s","443894","2026-06-01T20:50:53.103Z"
"0xbe0ed4138121ecfc5c0e56b40517da27e6c5226b","Ethereum / EVM","secp256k1 / ECDSA","NO","0","","","","","355","2026-06-01T20:50:53.103Z"
"0xbe39a0ae43e066e99496700e649c7137c23be296","Ethereum / EVM","secp256k1 / ECDSA","NO","0","","","","","15387","2026-06-01T20:51:23.348Z"
"0xbe50e041ef14b538107fc263ced36bb08d57f2c2","Ethereum / EVM","secp256k1 / ECDSA","NO","0","","","","","6642","2026-06-01T20:51:23.348Z"
"0xbe51ae0d152f18b5bf4777f8b0f4d5974e1dae1e","Ethereum / EVM","secp256k1 / ECDSA","NO","0","","","","","569","2026-06-01T20:51:23.348Z"
"0xbe59d47d2705e0ae0da38dad82314b92038478a0","Ethereum / EVM","secp256k1 / ECDSA","NO","0","","","","","33910","2026-06-01T20:52:07.715Z"
"0xbe6fee3756f7be3a0cd492059341cb5b77dd81f9","Ethereum / EVM","secp256k1 / ECDSA","NO","0","","","","","565","2026-06-01T20:52:07.715Z"
"0xbe84c0e15c37b1fd5b278496b1bd3f06198f8308","Ethereum / EVM","secp256k1 / ECDSA","NO","0","","","","","2681","2026-06-01T20:52:07.715Z"
"0xbe8f4ccd9e1b3345e6a9a6b91b43b497e1da28ec","Ethereum / EVM","secp256k1 / ECDSA","NO","0","","","","","167064","2026-06-01T21:07:23.054Z"
"0xbe9895146f7af43049ca1c1ae358b0541ea49704","Ethereum / EVM","secp256k1 / ECDSA","NO","0","","","","","396","2026-06-01T21:07:23.054Z"
"0xbea9f7fd27f4ee20066f18def0bc586ec221055a","Ethereum / EVM","secp256k1 / ECDSA","NO","0","","","","Error: Scan timeout after 300s","744913","2026-06-01T21:07:23.054Z"
"0xbeadf48d62acc944a06eeae0a9054a90e5a7dc97","Ethereum / EVM","secp256k1 / ECDSA","NO","0","","","","","385","2026-06-01T21:07:36.105Z"
"0xbeb83b31c2a23e206c62701f5f18e85f5d38101c","Ethereum / EVM","secp256k1 / ECDSA","NO","0","","","","","4131","2026-06-01T21:07:36.105Z"
"0xbebc44782c7db0a1a60cb6fe97d0b483032ff1c7","Ethereum / EVM","secp256k1 / ECDSA","NO","0","","","","","578","2026-06-01T21:07:36.105Z"
"0xbebf4c9a6ffb5a66b29b24e337599816999a7d8e","Ethereum / EVM","secp256k1 / ECDSA","NO","0","","","","","135573","2026-06-01T21:09:57.285Z"
"0xbed1eb542f9a5aa6419ff3deb921a372681111f6","Ethereum / EVM","secp256k1 / ECDSA","NO","0","","","","","384","2026-06-01T21:09:57.285Z"
"0xbed9570bac07bee3bdda19a7a82537a644a4244a","Ethereum / EVM","secp256k1 / ECDSA","NO","0","","","","","2016","2026-06-01T21:09:57.285Z"
"0xbee3211ab312a8d065c4fef0247448e17a8da000","Ethereum / EVM","secp256k1 / ECDSA","NO","0","","","","","532","2026-06-01T21:11:15.756Z"
"0xc0f6c16a36007796aa6585b5f8b637e3222c8e92","Ethereum / EVM","secp256k1 / ECDSA","NO","0","","","","","9669","2026-06-01T21:55:32.506Z"
"0xbee9d4a6877a9db4904fe6c039f0813573243706","Ethereum / EVM","secp256k1 / ECDSA","NO","0","","","","","422","2026-06-01T21:11:15.756Z"
"0xbef1956e4d91cb8a951868ec4de205770768b2c6","Ethereum / EVM","secp256k1 / ECDSA","NO","0","","","","","72569","2026-06-01T21:11:15.756Z"
"0xbef58f5c126241ae9995d95f59c6c1acc99d054e","Ethereum / EVM","secp256k1 / ECDSA","NO","0","","","","","1317","2026-06-01T21:11:33.678Z"
"0xbefa010044579f47c94e230c14c62811ff8ed1fc","Ethereum / EVM","secp256k1 / ECDSA","NO","0","","","","","389","2026-06-01T21:11:33.678Z"
"0xbf12bf1caab7971022712501d87020006b3ca9a9","Ethereum / EVM","secp256k1 / ECDSA","NO","0","","","","","8627","2026-06-01T21:11:33.678Z"
"0xbf1d05f9260b3a7cc9e9ec8c37280b8ac90921b1","Ethereum / EVM","secp256k1 / ECDSA","NO","0","","","","","2830","2026-06-01T21:11:45.651Z"
"0xbf1f0ad4820dc159d3922b6ff03566139797d877","Ethereum / EVM","secp256k1 / ECDSA","NO","0","","","","","2216","2026-06-01T21:11:45.651Z"
"0xbf2d21136150ebde94ca828f91cff6e3821781cd","Ethereum / EVM","secp256k1 / ECDSA","NO","0","","","","","494","2026-06-01T21:11:45.651Z"
"0xbf321feb350783504ee8d17f01e1652f7c2f279c","Ethereum / EVM","secp256k1 / ECDSA","NO","0","","","","","8013","2026-06-01T21:11:58.072Z"
"0xbf3cbdba2266a60b64806f2fa0fd807510971a07","Ethereum / EVM","secp256k1 / ECDSA","NO","0","","","","","822","2026-06-01T21:11:58.072Z"
"0xbf4664736f5932b1772c6efefa8a81ece4ba056c","Ethereum / EVM","secp256k1 / ECDSA","NO","0","","","","","1011","2026-06-01T21:11:58.072Z"
"0xbf4ff08b9a3bbb77a362b609119100545c0445fe","Ethereum / EVM","secp256k1 / ECDSA","NO","0","","","","","1016","2026-06-01T21:12:29.300Z"
"0xbf6301f40b97f494ef0a18af5a352518b334b1d3","Ethereum / EVM","secp256k1 / ECDSA","NO","0","","","","","17223","2026-06-01T21:12:29.300Z"
"0xbfa995169797d92762c6c29234e3bbacedb874e7","Ethereum / EVM","secp256k1 / ECDSA","NO","0","","","","","6473","2026-06-01T21:12:29.300Z"
"0xbfaa838894b4c2ad613a3cf1c107e19979ddc590","Ethereum / EVM","secp256k1 / ECDSA","NO","0","","","","","7908","2026-06-01T21:13:23.618Z"
"0xbfb5d3e6d835bef660fee47877ad07ff780c88f3","Ethereum / EVM","secp256k1 / ECDSA","NO","0","","","","","1207","2026-06-01T21:13:23.618Z"
"0xbfc293b9078a899b595726798149f01735165e36","Ethereum / EVM","secp256k1 / ECDSA","NO","0","","","","","37396","2026-06-01T21:13:23.618Z"
"0xbfddda755f927bb6c935568999a9b99c4b896b54","Ethereum / EVM","secp256k1 / ECDSA","NO","0","","","","","5175","2026-06-01T21:13:36.234Z"
"0xc10d1bb2518364492b547ec6e28e432dc8f0e860","Ethereum / EVM","secp256k1 / ECDSA","NO","0","","","","","11921","2026-06-01T21:55:32.506Z"
"0xc00e94cb662c3520282e6f5717214004a7f26888","Ethereum / EVM","secp256k1 / ECDSA","NO","0","","","","","393","2026-06-01T21:13:36.234Z"
"0xc011a73ee8576fb46f5e1c5751ca3b9fe0af2a6f","Ethereum / EVM","secp256k1 / ECDSA","NO","0","","","","","993","2026-06-01T21:13:36.234Z"
"0xc02aaa39b223fe8d0a0e5c4f27ead9083c756cc2","Ethereum / EVM","secp256k1 / ECDSA","NO","0","","","","","440","2026-06-01T21:27:16.533Z"
"0xc03d7825d2b3ec9d73d581802ab49301c4ebb4d5","Ethereum / EVM","secp256k1 / ECDSA","NO","0","","","","Error: Scan timeout after 300s","812957","2026-06-01T21:27:16.533Z"
"0xc0432e05e0b3e8ad4ccdba9a6c3e3dc409e9e8ae","Ethereum / EVM","secp256k1 / ECDSA","NO","0","","","","","5306","2026-06-01T21:27:16.533Z"
"0xc06686eeb488f10f7cc1c0af46d85e4ebda6491c","Ethereum / EVM","secp256k1 / ECDSA","NO","0","","","","","3535","2026-06-01T21:39:47.836Z"
"0xc066ac5d385419b1a8c43a0e146fa439837a8b8c","Ethereum / EVM","secp256k1 / ECDSA","NO","0","","","","Error: Scan timeout after 300s","743941","2026-06-01T21:39:47.836Z"
"0xc068efbf9009dcf06a5783f8bb8cac66311dfab5","Ethereum / EVM","secp256k1 / ECDSA","NO","0","","","","","325","2026-06-01T21:39:47.836Z"
"0xc071bd427b1d61250841acbec749be139927bfee","Ethereum / EVM","secp256k1 / ECDSA","NO","0","","","","","2525","2026-06-01T21:40:56.683Z"
"0xc07ee0bb67ff6b55c0e9e4e62e500e3db177e7ec","Ethereum / EVM","secp256k1 / ECDSA","NO","0","","","","","3148","2026-06-01T21:40:56.683Z"
"0xc0937ca9edbc1a3e945c8d95cc0832069db3560b","Ethereum / EVM","secp256k1 / ECDSA","NO","0","","","","","56031","2026-06-01T21:40:56.683Z"
"0xc098b2a3aa256d2140208c3de6543aaef5cd3a94","Ethereum / EVM","secp256k1 / ECDSA","NO","0","","","","Error: Scan timeout after 300s","750243","2026-06-01T21:53:37.398Z"
"0xc0a24444bda1270381de0ddc21e6069bc95f15bb","Ethereum / EVM","secp256k1 / ECDSA","NO","0","","","","","1494","2026-06-01T21:53:37.398Z"
"0xc0b7d8de1c2c7ebfc483d72b5750cf07a4e85a2e","Ethereum / EVM","secp256k1 / ECDSA","NO","0","","","","","1425","2026-06-01T21:53:37.398Z"
"0xc0bb9b1e86eaf85aa6a2499af66361cf5d27ea3f","Ethereum / EVM","secp256k1 / ECDSA","NO","0","","","","","11032","2026-06-01T21:53:56.514Z"
"0xc0c809884c93677e982a6bc39d0d54621c4a547b","Ethereum / EVM","secp256k1 / ECDSA","NO","0","","","","","2723","2026-06-01T21:53:56.514Z"
"0xc0ebc1bfd595557eca631e9b49b2c5139c1222c0","Ethereum / EVM","secp256k1 / ECDSA","NO","0","","","","","236","2026-06-01T21:53:56.514Z"
"0xc0ebd1bb3b8dc37bfc7bd245af914814cfa222c0","Ethereum / EVM","secp256k1 / ECDSA","NO","0","","","","","666","2026-06-01T21:54:40.261Z"
"0xc12d1c73ee7dc3615ba4e37e4abfdbddfa38907e","Ethereum / EVM","secp256k1 / ECDSA","NO","0","","","","","970","2026-06-01T22:08:59.621Z"
"0xc146a53fda9f767864b32c92d058fac32c5ea6ac","Ethereum / EVM","secp256k1 / ECDSA","NO","0","","","","Error: Scan timeout after 300s","735649","2026-06-01T22:08:59.621Z"
"0xc150181442298943739e1b446b64c26fe3d7cf61","Ethereum / EVM","secp256k1 / ECDSA","NO","0","","","","","830","2026-06-01T22:08:59.621Z"
"0xc159d130b62daf4b0abc5ebdb662a73d281010f9","Ethereum / EVM","secp256k1 / ECDSA","NO","0","","","","","2384","2026-06-01T22:09:17.937Z"
"0xc15c261758f9b240f55799ed17fbaeb467d9dba4","Ethereum / EVM","secp256k1 / ECDSA","NO","0","","","","","8229","2026-06-01T22:09:17.937Z"
"0xc15f285679a1ef2d25f53d4cbd0265e1d02f2a92","Ethereum / EVM","secp256k1 / ECDSA","NO","0","","","","","707","2026-06-01T22:09:17.937Z"
"0xc176cac8b98d1e8415875f1d24b31abf8e50d0ff","Ethereum / EVM","secp256k1 / ECDSA","NO","0","","","","","67766","2026-06-01T22:10:35.608Z"
"0xc1789999e3a80f71cdaad44aa8521a0f5829d55b","Ethereum / EVM","secp256k1 / ECDSA","NO","0","","","","","661","2026-06-01T22:10:35.608Z"
"0xc185c135e21f2c403061ae29851797960e533ad6","Ethereum / EVM","secp256k1 / ECDSA","NO","0","","","","","2830","2026-06-01T22:10:35.608Z"
"0xc1908a4ff8a53063fc9398b57674d74b2dc5ba52","Ethereum / EVM","secp256k1 / ECDSA","NO","0","","","","Error: Scan timeout after 300s","426393","2026-06-01T22:17:58.519Z"
"0xc192a7e44e56bc9855206511050e4fa6be0b454b","Ethereum / EVM","secp256k1 / ECDSA","NO","0","","","","","8628","2026-06-01T22:17:58.519Z"
"0xc1b468ddcf95ffcf00841c2600089ff8a5e4b773","Ethereum / EVM","secp256k1 / ECDSA","NO","0","","","","","497","2026-06-01T22:17:58.519Z"
"0xc1d96aaf401691894a656d28e0a02a46456cf0bd","Ethereum / EVM","secp256k1 / ECDSA","NO","0","","","","","5604","2026-06-01T22:18:17.315Z"
"0xc1e18ab9e4ecd14042e251d0f85d4229ae2301f2","Ethereum / EVM","secp256k1 / ECDSA","NO","0","","","","","931","2026-06-01T22:18:17.315Z"
"0xc1e4603b367f362cdf89ada4f454957e0cff0795","Ethereum / EVM","secp256k1 / ECDSA","NO","0","","","","","4821","2026-06-01T22:18:17.315Z"
"0xc1e63966493cb300a5e29bfb55315e25e2663ccc","Ethereum / EVM","secp256k1 / ECDSA","NO","0","","","","","22092","2026-06-01T22:18:46.550Z"
"0xc1ed17331d94ca065b651f21ad0bae229c61b1f2","Ethereum / EVM","secp256k1 / ECDSA","NO","0","","","","","1242","2026-06-01T22:18:46.550Z"
"0xc1ed33dcad65bcb4d889d7f1d329f062ac37b1f2","Ethereum / EVM","secp256k1 / ECDSA","NO","0","","","","","1047","2026-06-01T22:18:46.550Z"
"0xc1ede0d9c4b37d688360085293c744ec7809b1f2","Ethereum / EVM","secp256k1 / ECDSA","NO","0","","","","","4177","2026-06-01T22:19:15.344Z"
"0xc20059e0317de91738d13af027dfc4a50781b066","Ethereum / EVM","secp256k1 / ECDSA","NO","0","","","","","482","2026-06-01T22:19:15.344Z"
"0xc203c7b130fe5eeb20925030564a0401b3d703b7","Ethereum / EVM","secp256k1 / ECDSA","NO","0","","","","","20282","2026-06-01T22:19:15.344Z"
"0xc2064bacc55d019255c2fb82c0478b22b3e52c0b","Ethereum / EVM","secp256k1 / ECDSA","NO","0","","","","","1126","2026-06-01T22:19:25.269Z"
"0xc207c8e92d3d38db1d5f2b1c1872fd0c085880ad","Ethereum / EVM","secp256k1 / ECDSA","NO","0","","","","","1144","2026-06-01T22:19:25.269Z"
"0xc2132d05d31c914a87c6611c10748aeb04b58e8f","Ethereum / EVM","secp256k1 / ECDSA","NO","0","","","","","1152","2026-06-01T22:19:25.269Z"
"0xc213a4b3403ec565f5e3b09f540d6615bc250ba7","Ethereum / EVM","secp256k1 / ECDSA","NO","0","","","","","1127","2026-06-01T22:19:33.521Z"
"0xc22211f1eae3f0a4934068540816ed69a795f02d","Ethereum / EVM","secp256k1 / ECDSA","NO","0","","","","","1139","2026-06-01T22:19:33.521Z"
"0xc235dad036ce1539ab1f44f3c0d3bd9b2cfab25b","Ethereum / EVM","secp256k1 / ECDSA","NO","0","","","","","1140","2026-06-01T22:19:33.521Z"
"0xc24b54d9b47f36206e2410d193070006af129882","Ethereum / EVM","secp256k1 / ECDSA","NO","0","","","","","988","2026-06-01T22:20:39.887Z"
"0xc26cdfca6999d2aa45ab09ae2e4e9458b2fa18a2","Ethereum / EVM","secp256k1 / ECDSA","NO","0","","","","","1201","2026-06-01T22:20:39.887Z"
"0xc277186d783d90d48cdd83f482ca450d90f7f0f6","Ethereum / EVM","secp256k1 / ECDSA","NO","0","","","","","59520","2026-06-01T22:20:39.887Z"
"0xc284b2ee6120ce4bb92b5a387a2bb61de0b6d2c8","Ethereum / EVM","secp256k1 / ECDSA","NO","0","","","","","8762","2026-06-01T22:21:11.895Z"
"0xc28a18745b1d6242228ee7ae2beebf674b195a86","Ethereum / EVM","secp256k1 / ECDSA","NO","0","","","","","17696","2026-06-01T22:21:11.895Z"
"0xc29023178bc6c4be6b82c77098530630ce300aa8","Ethereum / EVM","secp256k1 / ECDSA","NO","0","","","","","1475","2026-06-01T22:21:11.895Z"
"0xc297bd9572a5546c8d8b561ffee636a7fddd1b43","Ethereum / EVM","secp256k1 / ECDSA","NO","0","","","","","9423","2026-06-01T22:21:29.334Z"
"0xc299e5ccf597dee9bb1aca4cbdcecc4aab0b4d5e","Ethereum / EVM","secp256k1 / ECDSA","NO","0","","","","","1138","2026-06-01T22:21:29.334Z"
"0xc2b2e616baebc28d93c2fddd3f1b005f920a0ec4","Ethereum / EVM","secp256k1 / ECDSA","NO","0","","","","","1138","2026-06-01T22:21:29.334Z"
"0xc2cf7911570d1706c7cbc5339dacf99a11381c3b","Ethereum / EVM","secp256k1 / ECDSA","NO","0","","","","","1144","2026-06-01T22:21:36.530Z"
"0xc2d1e2cbef44575298fab43a4970481416bf6b19","Ethereum / EVM","secp256k1 / ECDSA","NO","0","","","","","1177","2026-06-01T22:21:36.530Z"
"0xc2f4ab55b3f155fc59b73e65a10a48725ed74207","Ethereum / EVM","secp256k1 / ECDSA","NO","0","","","","","1150","2026-06-01T22:21:36.530Z"
"0xc2f6a215d189a5fdb5c1e14ef3d064132df4d2b2","Ethereum / EVM","secp256k1 / ECDSA","NO","0","","","","","1125","2026-06-01T22:21:44.741Z"
"0xc30b053283a180844227016524c69aa20bd76032","Ethereum / EVM","secp256k1 / ECDSA","NO","0","","","","","1158","2026-06-01T22:21:44.741Z"
"0xc32f4ebfbd9065caca1088eacbb00736abc5b3cc","Ethereum / EVM","secp256k1 / ECDSA","NO","0","","","","","1144","2026-06-01T22:21:44.741Z"
"0xc3331e4a269d5c42c2dcf515683079aeeec4f771","Ethereum / EVM","secp256k1 / ECDSA","NO","0","","","","","1146","2026-06-01T22:21:53.043Z"
"0xc3333a588d6f5cda64d0f32d57cf88063631f771","Ethereum / EVM","secp256k1 / ECDSA","NO","0","","","","","1149","2026-06-01T22:21:53.043Z"
"0xc33342c2670b4d587780962922786b627187f771","Ethereum / EVM","secp256k1 / ECDSA","NO","0","","","","","1152","2026-06-01T22:21:53.043Z"
"0xc333e80ef2dec2805f239e3f1e810612d294f771","Ethereum / EVM","secp256k1 / ECDSA","NO","0","","","","","1139","2026-06-01T22:22:15.858Z"
"0xc3375e9684a197a65a0f4e897265a7a677ca984c","Ethereum / EVM","secp256k1 / ECDSA","NO","0","","","","","1118","2026-06-01T22:22:15.858Z"
"0xc3518b92853567b1aca1be4a4a1d11ff20ac7386","Ethereum / EVM","secp256k1 / ECDSA","NO","0","","","","","16000","2026-06-01T22:22:15.858Z"
"0xc3539fde7aae3a4c57d9f549061574179a27ea67","Ethereum / EVM","secp256k1 / ECDSA","NO","0","","","","","30176","2026-06-01T22:23:02.004Z"
"0xc36442b4a4522e871399cd717abdd847ab11fe88","Ethereum / EVM","secp256k1 / ECDSA","NO","0","","","","","1222","2026-06-01T22:23:02.004Z"
"0xc37dcc1b026f875bfdbb2721a6e5e0b5cbc075fd","Ethereum / EVM","secp256k1 / ECDSA","NO","0","","","","","8348","2026-06-01T22:23:02.004Z"
"0xc3818c531999c7932560a81fc54840f37f7edb9e","Ethereum / EVM","secp256k1 / ECDSA","NO","0","","","","","9415","2026-06-01T22:23:18.226Z"
"0xc388ef5d9fcfa489632d77e3ba35a1506b1e0215","Ethereum / EVM","secp256k1 / ECDSA","NO","0","","","","","1136","2026-06-01T22:23:18.226Z"
"0xc3953b5c87abf1b17fce2ed9c3ded4b78d14aac0","Ethereum / EVM","secp256k1 / ECDSA","NO","0","","","","","1133","2026-06-01T22:23:18.226Z"
"0xc3a6c2096d2569661eb3b9054ec3e0f2d294f771","Ethereum / EVM","secp256k1 / ECDSA","NO","0","","","","","1125","2026-06-01T22:23:25.313Z"
"0xc3bf4bd989829920b93608f44707ca43c0032141","Ethereum / EVM","secp256k1 / ECDSA","NO","0","","","","","1130","2026-06-01T22:23:25.313Z"
"0xc3c7d422809852031b44ab29eec9f1eff2a58756","Ethereum / EVM","secp256k1 / ECDSA","NO","0","","","","","1136","2026-06-01T22:23:25.313Z"
"0xc3d688b66703497daa19211eedff47f25384cdc3","Ethereum / EVM","secp256k1 / ECDSA","NO","0","","","","","1138","2026-06-01T22:23:33.460Z"
"0xc40d081f119bc3a41a8f7f37213c5677aa7445df","Ethereum / EVM","secp256k1 / ECDSA","NO","0","","","","","1128","2026-06-01T22:23:33.460Z"
"0xc41b82fd1d9263c6e8037e35653e6ea0e9361170","Ethereum / EVM","secp256k1 / ECDSA","NO","0","","","","","1129","2026-06-01T22:23:33.460Z"
"0xc438f0c5f01cb9841a26660b31a61176996e3df8","Ethereum / EVM","secp256k1 / ECDSA","NO","0","","","","","1150","2026-06-01T22:23:41.686Z"
"0xc43e84de7f483cbe64d43e6c8343d5414a75cc72","Ethereum / EVM","secp256k1 / ECDSA","NO","0","","","","","1130","2026-06-01T22:23:41.686Z"
"0xc4448b71118c9071bcb9734a0eac55d18a153949","Ethereum / EVM","secp256k1 / ECDSA","NO","0","","","","","1160","2026-06-01T22:23:41.686Z"
"0xc45a5d0b1e9a78b26be34a3fc73b80ad756f6154","Ethereum / EVM","secp256k1 / ECDSA","NO","0","","","","","1142","2026-06-01T22:23:49.689Z"
"0xc474aa408a7c009ce27f3f6a0392c605562f8c00","Ethereum / EVM","secp256k1 / ECDSA","NO","0","","","","","1149","2026-06-01T22:23:49.689Z"
"0xc47d289903306250e58b8bf370da1b9a3e56da4a","Ethereum / EVM","secp256k1 / ECDSA","NO","0","","","","","1142","2026-06-01T22:23:49.689Z"
"0xc484b54c0c3f3dd4a3c0b9b259445e5c57ba7b9d","Ethereum / EVM","secp256k1 / ECDSA","NO","0","","","","","6094","2026-06-01T22:24:03.919Z"
"0xc48a8ac51df7b71e500a5580b89e47ab26ca1472","Ethereum / EVM","secp256k1 / ECDSA","NO","0","","","","","1435","2026-06-01T22:24:03.919Z"
"0xc48b7afb369b24d6fe17e4a03598d37240673925","Ethereum / EVM","secp256k1 / ECDSA","NO","0","","","","","1141","2026-06-01T22:24:03.919Z"
"0xc4b96cb4f4c2aca80fe17ca9378ef34a0bdc8e8c","Ethereum / EVM","secp256k1 / ECDSA","NO","0","","","","","1126","2026-06-01T22:24:14.055Z"
"0xc4bc3b5e66c461c3a57b21c85763ad2306311630","Ethereum / EVM","secp256k1 / ECDSA","NO","0","","","","","1115","2026-06-01T22:24:14.055Z"
"0xc4db1fc639c42b0cb8c6ad695d696638203ae611","Ethereum / EVM","secp256k1 / ECDSA","NO","0","","","","","1119","2026-06-01T22:24:14.055Z"
"0xc4e36647010889b06cc721998c3f47c512565489","Ethereum / EVM","secp256k1 / ECDSA","NO","0","","","","","7335","2026-06-01T22:24:28.358Z"
"0xc4f5ec15f3ea1c53d79ca1256172599d265d514f","Ethereum / EVM","secp256k1 / ECDSA","NO","0","","","","","1139","2026-06-01T22:24:28.358Z"
"0xc5115948377ecd95aa7357592e48a48ad775ae02","Ethereum / EVM","secp256k1 / ECDSA","NO","0","","","","","1125","2026-06-01T22:24:28.358Z"
"0xc532a7d6bd5e7464978f392c8f6e318025946433","Ethereum / EVM","secp256k1 / ECDSA","NO","0","","","","","24714","2026-06-01T22:37:44.631Z"
"0xc54cb22944f2be476e02decfcd7e3e7d3e15a8fb","Ethereum / EVM","secp256k1 / ECDSA","NO","0","","","","","733","2026-06-01T22:37:44.631Z"
"0xc55b68e4e97a945b150c0c6865a3cb4c22ccefd4","Ethereum / EVM","secp256k1 / ECDSA","NO","0","","","","Error: Scan timeout after 300s","764214","2026-06-01T22:37:44.631Z"
"0xc564ee9f21ed8a2d8e7e76c085740d5e4c5fafbe","Ethereum / EVM","secp256k1 / ECDSA","NO","0","","","","Error: Scan timeout after 300s","805112","2026-06-01T22:51:19.924Z"
"0xc567fbb99056dd63640a469ef9523173807d52ec","Ethereum / EVM","secp256k1 / ECDSA","NO","0","","","","","603","2026-06-01T22:51:19.924Z"
"0xc56b24aeda6a205f793c4488bc9b3860e1105176","Ethereum / EVM","secp256k1 / ECDSA","NO","0","","","","","1594","2026-06-01T22:51:19.924Z"
"0xc56f369ddb1acf8c697c8c94072a129244565176","Ethereum / EVM","secp256k1 / ECDSA","NO","0","","","","","423","2026-06-01T22:51:29.418Z"
"0xc57176e689e5dbd8222e4aeebce6157b8ac73da4","Ethereum / EVM","secp256k1 / ECDSA","NO","0","","","","","3061","2026-06-01T22:51:29.418Z"
"0xc5729ca3cc532ff3aa24a15c95b95811362d98d3","Ethereum / EVM","secp256k1 / ECDSA","NO","0","","","","","152","2026-06-01T22:51:29.418Z"
"0xc57cee4e910790821704386655b3bdc0e2bf5864","Ethereum / EVM","secp256k1 / ECDSA","NO","0","","","","","4429","2026-06-01T22:51:44.615Z"
"0xc57f8cf53f2f18b975ee187c6355784397dc2b21","Ethereum / EVM","secp256k1 / ECDSA","NO","0","","","","","5322","2026-06-01T22:51:44.615Z"
"0xc590175e458b83680867afd273527ff58f74c02b","Ethereum / EVM","secp256k1 / ECDSA","NO","0","","","","","713","2026-06-01T22:51:44.615Z"
"0xc59aed08241e9021749f27b0c92f7b111e6dbe39","Ethereum / EVM","secp256k1 / ECDSA","NO","0","","","","","36302","2026-06-01T23:06:33.676Z"
"0xc5a8859c44ac8aa2169afacf45b87c08593bec10","Ethereum / EVM","secp256k1 / ECDSA","NO","0","","","","Error: Scan timeout after 300s","839149","2026-06-01T23:06:33.676Z"
"0xc5af186b0a3cf5a7496e2714284fadc8c38f8736","Ethereum / EVM","secp256k1 / ECDSA","NO","0","","","","","8255","2026-06-01T23:06:33.676Z"
"0xc5b19c946632042f9aa0eb32cef751764c40dfb8","Ethereum / EVM","secp256k1 / ECDSA","NO","0","","","","","14847","2026-06-01T23:07:15.858Z"
"0xc5b4b7773d7ee0efdde5b455335e66272f0f5190","Ethereum / EVM","secp256k1 / ECDSA","NO","0","","","","","2955","2026-06-01T23:07:15.858Z"
"0xc5bf78374c388a2e30bd71854a04dec59edaa175","Ethereum / EVM","secp256k1 / ECDSA","NO","0","","","","","15984","2026-06-01T23:07:15.858Z"
"0xc5c3f29bd910f7b21cf8593f6078af3ed5be278b","Ethereum / EVM","secp256k1 / ECDSA","NO","0","","","","","5589","2026-06-01T23:07:38.260Z"
"0xc5fa5f63b83f506045a526615a0cbd10366dfd47","Ethereum / EVM","secp256k1 / ECDSA","NO","0","","","","","5175","2026-06-01T23:07:38.260Z"
"0xC600D76B5Bfe058d6E52d2C08CEbA6c85774f9b6","Ethereum / EVM","secp256k1 / ECDSA","NO","0","","","","","5025","2026-06-01T23:07:38.260Z"
"0xc606194c02a5554530e56dd26f23346a649afcc4","Ethereum / EVM","secp256k1 / ECDSA","NO","0","","","","","5789","2026-06-01T23:08:01.504Z"
"0xc633906fdd648f311d447a8909979162b9d99555","Ethereum / EVM","secp256k1 / ECDSA","NO","0","","","","","7499","2026-06-01T23:08:01.504Z"
"0xc63b31c0e44a35f7bed2670c81eb039cca622442","Ethereum / EVM","secp256k1 / ECDSA","NO","0","","","","","1146","2026-06-01T23:08:01.504Z"
"0xc63e2463fd208e090ed14342eb02271c50655889","Ethereum / EVM","secp256k1 / ECDSA","NO","0","","","","","1536","2026-06-01T23:08:35.405Z"
"0xc64f4f9b4e2b59f2fbdb03c64e03e3f7a583bc27","Ethereum / EVM","secp256k1 / ECDSA","NO","0","","","","","29394","2026-06-01T23:08:35.405Z"
"0xc65eb1fcc097b00661a138a7cf540872e080d17f","Ethereum / EVM","secp256k1 / ECDSA","NO","0","","","","","1104","2026-06-01T23:08:35.405Z"
"0xc6644c2da1d5816cd563dd34ab72cda227595cc2","Ethereum / EVM","secp256k1 / ECDSA","NO","0","","","","","29449","2026-06-01T23:09:59.735Z"
"0xc6753f13f39c81f6c993ee00b6c6b177120ac9a5","Ethereum / EVM","secp256k1 / ECDSA","NO","0","","","","","7691","2026-06-01T23:09:59.735Z"
"0xc6a62a50c5c53c63b11c95676a3b66f259f56457","Ethereum / EVM","secp256k1 / ECDSA","NO","0","","","","","40676","2026-06-01T23:09:59.735Z"
"0xc6a69268d58195a46c791cb0fadfc1c823096457","Ethereum / EVM","secp256k1 / ECDSA","NO","0","","","","","74825","2026-06-01T23:11:59.564Z"
"0xc6a6c25940ed3a7746e8484ce8e523bafd846457","Ethereum / EVM","secp256k1 / ECDSA","NO","0","","","","","815","2026-06-01T23:11:59.564Z"
"0xc6a6d6aa3b5775adddb659f3c5ee779971e66457","Ethereum / EVM","secp256k1 / ECDSA","NO","0","","","","","37673","2026-06-01T23:11:59.564Z"
"0xc6cb1df8a65a32ed78fc93060b59588f635dc7f1","Ethereum / EVM","secp256k1 / ECDSA","NO","0","","","","Error: Scan timeout after 300s","714397","2026-06-01T23:24:50.187Z"
"0xc6d33308102c3406b3c1935f811bdb109ab02c81","Ethereum / EVM","secp256k1 / ECDSA","NO","0","","","","","46711","2026-06-01T23:24:50.187Z"
"0xc6df63d804cc3466c94b2ea31b1417c341cb892d","Ethereum / EVM","secp256k1 / ECDSA","NO","0","","","","","2515","2026-06-01T23:24:50.187Z"
"0xc6e13f1907bca7d7fb42c06a02b36fa4a692c954","Ethereum / EVM","secp256k1 / ECDSA","NO","0","","","","","480","2026-06-01T23:28:01.436Z"
"0xc6eec94269413bd1dd77b639b3bab2e811e5a027","Ethereum / EVM","secp256k1 / ECDSA","NO","0","","","","","186680","2026-06-01T23:28:01.436Z"
"0xc85a17e3e30376827746ec5ba8156ef663b18249","Ethereum / EVM","secp256k1 / ECDSA","NO","0","","","","","1409","2026-06-02T00:03:09.361Z"
"0xc702619f312668eb8ac0a06832ce09e51be45cd4","Ethereum / EVM","secp256k1 / ECDSA","NO","0","","","","","874","2026-06-01T23:28:01.436Z"
"0xc703630ddc73f9c9300972fdbd5e9a76f46da9ff","Ethereum / EVM","secp256k1 / ECDSA","NO","0","","","","","8338","2026-06-01T23:28:18.958Z"
"0xc704aab14b7f159289fe15545243c42fb6ec66e8","Ethereum / EVM","secp256k1 / ECDSA","NO","0","","","","","3998","2026-06-01T23:28:18.958Z"
"0xc706f61c9b7eba61fd7170f191fce16e79c7f314","Ethereum / EVM","secp256k1 / ECDSA","NO","0","","","","","362","2026-06-01T23:28:18.958Z"
"0xc7207020970a23c0c833b74c8aa0c25f2e21f137","Ethereum / EVM","secp256k1 / ECDSA","NO","0","","","","","6494","2026-06-01T23:29:22.444Z"
"0xc7217233d67162cb41efd1b8bde982b20ef8fab2","Ethereum / EVM","secp256k1 / ECDSA","NO","0","","","","","46401","2026-06-01T23:29:22.444Z"
"0xc72226c86ab4c16305daeb92b13b0b8d905ed803","Ethereum / EVM","secp256k1 / ECDSA","NO","0","","","","","7084","2026-06-01T23:29:22.444Z"
"0xc727eb69ccf89d5911042f21be25a193d67e2c23","Ethereum / EVM","secp256k1 / ECDSA","NO","0","","","","","1009","2026-06-01T23:29:25.688Z"
"0xc7283b66eb1eb5fb86327f08e1b5816b0720212b","Ethereum / EVM","secp256k1 / ECDSA","NO","0","","","","","1012","2026-06-01T23:29:25.688Z"
"0xc7733229bccb0efcbf0bb4295970459da4c75469","Ethereum / EVM","secp256k1 / ECDSA","NO","0","","","","","406","2026-06-01T23:29:25.688Z"
"0xc773837afa6b89e93a60f9af721e39643623fb9e","Ethereum / EVM","secp256k1 / ECDSA","NO","0","","","","","234413","2026-06-01T23:33:45.481Z"
"0xc7855ba80aeb48b4117e9ba61b8e3e1659672ba1","Ethereum / EVM","secp256k1 / ECDSA","NO","0","","","","","17370","2026-06-01T23:33:45.481Z"
"0xc7a2c31e56b1b997d4b4a043d66e73573e5c3c81","Ethereum / EVM","secp256k1 / ECDSA","NO","0","","","","","2485","2026-06-01T23:33:45.481Z"
"0xc7b2e34214b7ff6aaf2ccf9ca1cfbf4a22c50e7c","Ethereum / EVM","secp256k1 / ECDSA","NO","0","","","","Error: Scan timeout after 300s","789924","2026-06-01T23:47:01.770Z"
"0xc7bbec68d12a0d1830360f8ec58fa599ba1b0e9b","Ethereum / EVM","secp256k1 / ECDSA","NO","0","","","","","390","2026-06-01T23:47:01.770Z"
"0xc7bcb0e8839a28a1cfadd1cf716de9016cda51ae","Ethereum / EVM","secp256k1 / ECDSA","NO","0","","","","","309","2026-06-01T23:47:01.770Z"
"0xc7bd63e449d29fad12cc31b07f5af3a8cb2ffde6","Ethereum / EVM","secp256k1 / ECDSA","NO","0","","","","","1517","2026-06-01T23:47:22.337Z"
"0xc7c580cec2d59ca12ac5c9e4c641793efd44c47b","Ethereum / EVM","secp256k1 / ECDSA","NO","0","","","","","206","2026-06-01T23:47:22.337Z"
"0xc7d17978f96382d53f9a9a68d969b274d377c63c","Ethereum / EVM","secp256k1 / ECDSA","NO","0","","","","","11356","2026-06-01T23:47:22.337Z"
"0xc8702c4699eaeea4c4d570b39108c64fba154348","Ethereum / EVM","secp256k1 / ECDSA","NO","0","","","","","10064","2026-06-02T00:03:09.361Z"
"0xc87e54bd64f7ea878026dd09d462fc6c21404348","Ethereum / EVM","secp256k1 / ECDSA","NO","0","","","","","1278","2026-06-02T00:04:05.189Z"
"0xc88a55491691ef5d6ec2438e12f3bb050000e278","Ethereum / EVM","secp256k1 / ECDSA","NO","0","","","","","5607","2026-06-02T00:04:05.189Z"
"0xc893b1ad0d7067fb39b633a46a94cf8f78cc40db","Ethereum / EVM","secp256k1 / ECDSA","NO","0","","","","","45470","2026-06-02T00:04:05.189Z"
"0xc89887bf78a2f6e81c57bd46e2475fd7afdd7779","Ethereum / EVM","secp256k1 / ECDSA","NO","0","","","","","3193","2026-06-02T00:56:13.007Z"
"0xc8aa941d5e971943ad5105f6345b174240f6e4b3","Ethereum / EVM","secp256k1 / ECDSA","NO","0","","","","Error: Scan timeout after 300s","760482","2026-06-02T00:56:13.007Z"
"0xc8afcd9dae56e603f03c066a23f37f33ef286bac","Ethereum / EVM","secp256k1 / ECDSA","NO","0","","","","","229","2026-06-02T00:56:13.007Z"
"0xc8bfe2591052ea577f7ddae3edaffa036b7c53c5","Ethereum / EVM","secp256k1 / ECDSA","NO","0","","","","","9589","2026-06-02T01:19:58.037Z"
"0xc8c0bf04343e266240bb40e4ae1835d1d488b79f","Ethereum / EVM","secp256k1 / ECDSA","NO","0","","","","","79362","2026-06-02T01:19:58.037Z"
"0xc8c580acafe4b88c322ceb2a4be2a7663fff4176","Ethereum / EVM","secp256k1 / ECDSA","NO","0","","","","","36607","2026-06-02T01:19:58.037Z"
"0xc8c9ee18937d42336bb9001ca5630a3d52018f61","Ethereum / EVM","secp256k1 / ECDSA","NO","0","","","","","32345","2026-06-02T01:22:08.201Z"
"0xc8da0a2ecfefb9946532e5952dd115dc2c2c9ebd","Ethereum / EVM","secp256k1 / ECDSA","NO","0","","","","","75998","2026-06-02T01:22:08.201Z"
"0xc8e42c7ef772ec253979cdc57ac5ceb70eb305a4","Ethereum / EVM","secp256k1 / ECDSA","NO","0","","","","","15371","2026-06-02T01:22:08.201Z"
"0xc8f9be9a24ea6f5eaa76ef391554d4467aeb705d","Ethereum / EVM","secp256k1 / ECDSA","NO","0","","","","","20686","2026-06-02T01:29:14.961Z"
"0xc900c52ddc2602a86cb6712aaffb75d0e5cf1afd","Ethereum / EVM","secp256k1 / ECDSA","NO","0","","","","","11308","2026-06-02T01:29:14.961Z"
"0xc90785f0ec3e4813934a9e6eddfb416cbd1e1afd","Ethereum / EVM","secp256k1 / ECDSA","NO","0","","","","Error: Scan timeout after 300s","390132","2026-06-02T01:29:14.961Z"
"0xc915d7147d2092304dd780287474add1e7620d11","Ethereum / EVM","secp256k1 / ECDSA","NO","0","","","","","4395","2026-06-02T01:29:30.459Z"
"0xc9160d6220e4deb0198a1f6a6065261e22151532","Ethereum / EVM","secp256k1 / ECDSA","NO","0","","","","","2591","2026-06-02T01:29:30.459Z"
"0xc9161482c1f7ff93572e18a349c5b77e22151532","Ethereum / EVM","secp256k1 / ECDSA","NO","0","","","","","596","2026-06-02T01:29:30.459Z"
"0xc916c76a0460fdbbba9e236be4da22de22151532","Ethereum / EVM","secp256k1 / ECDSA","NO","0","","","","","2471","2026-06-02T01:30:08.716Z"
"0xcc8e496c013eecb490a0815ddedfc54267b1a329","Ethereum / EVM","secp256k1 / ECDSA","NO","0","","","","","7398","2026-06-02T02:01:51.368Z"
"0xc916ce8d680b5f99537328dae899d0f184561532","Ethereum / EVM","secp256k1 / ECDSA","NO","0","","","","","2485","2026-06-02T01:30:08.716Z"
"0xc92279b9b851fab0ab294944df559dd867eb9411","Ethereum / EVM","secp256k1 / ECDSA","NO","0","","","","","32779","2026-06-02T01:30:08.716Z"
"0xc93e331952abcdf5f56f60341893ce990ab23183","Ethereum / EVM","secp256k1 / ECDSA","NO","0","","","","","1776","2026-06-02T01:43:30.206Z"
"0xc94ebb328ac25b95db0e0aa968371885fa516215","Ethereum / EVM","secp256k1 / ECDSA","NO","0","","","","Error: Scan timeout after 300s","793236","2026-06-02T01:43:30.206Z"
"0xc9ac99a6f146f0c145d0ac2f5f954a17b99638e9","Ethereum / EVM","secp256k1 / ECDSA","NO","0","","","","","338","2026-06-02T01:43:30.206Z"
"0xc9b3b65331b64efa06ab4ddd83feaf3efa591446","Ethereum / EVM","secp256k1 / ECDSA","NO","0","","","","","1642","2026-06-02T01:44:18.608Z"
"0xc9b3ce1d8324403018647dd2141c4406d2c4a3e5","Ethereum / EVM","secp256k1 / ECDSA","NO","0","","","","","4978","2026-06-02T01:44:18.608Z"
"0xc9c3dd8b5c1f2d56ff1b73ad8912c3658d0fd689","Ethereum / EVM","secp256k1 / ECDSA","NO","0","","","","","34420","2026-06-02T01:44:18.608Z"
"0xc9e8a18d4c8b96f186f9499353eade70b482003c","Ethereum / EVM","secp256k1 / ECDSA","NO","0","","","","","5920","2026-06-02T01:44:44.120Z"
"0xc9f0c7e55405f8e721a729ce203587dd2ff876ce","Ethereum / EVM","secp256k1 / ECDSA","NO","0","","","","","13781","2026-06-02T01:44:44.120Z"
"0xc9f0cb9e0202cae453f3c89d90d55bad2ff876ce","Ethereum / EVM","secp256k1 / ECDSA","NO","0","","","","","1034","2026-06-02T01:44:44.120Z"
"0xc9f5296eb3ac266c94568d790b6e91eba7d76a11","Ethereum / EVM","secp256k1 / ECDSA","NO","0","","","","Error: Scan timeout after 300s","786008","2026-06-02T01:58:08.539Z"
"0xc9fb513ecece4e5c402f2c3be9fb556e4c37b423","Ethereum / EVM","secp256k1 / ECDSA","NO","0","","","","","7301","2026-06-02T01:58:08.539Z"
"0xca0a0ebe3ceafff0404069d282e97e919e8efc9d","Ethereum / EVM","secp256k1 / ECDSA","NO","0","","","","","4728","2026-06-02T01:58:08.539Z"
"0xca12934f379f5b00855ec29bc666c56fc962a0a1","Ethereum / EVM","secp256k1 / ECDSA","NO","0","","","","","16299","2026-06-02T01:58:44.348Z"
"0xca182882e44087f19de2f6d5ee39410ef5b450f2","Ethereum / EVM","secp256k1 / ECDSA","NO","0","","","","","8658","2026-06-02T01:58:44.348Z"
"0xca1d3545b72978bd2d44075516e11f79e2b9d0ba","Ethereum / EVM","secp256k1 / ECDSA","NO","0","","","","","7060","2026-06-02T01:58:44.348Z"
"0xca295c6bd0c2a17f6536ed1a893c5260a02d86f1","Ethereum / EVM","secp256k1 / ECDSA","NO","0","","","","","1157","2026-06-02T01:58:57.461Z"
"0xca3228e6d2b861765249e8a450a902e5a7312a82","Ethereum / EVM","secp256k1 / ECDSA","NO","0","","","","","1142","2026-06-02T01:58:57.461Z"
"0xca3f8945afa9223fc508707f57bb0f5172daafe4","Ethereum / EVM","secp256k1 / ECDSA","NO","0","","","","","1134","2026-06-02T01:58:57.461Z"
"0xca40cc3a66afeaa99cd0dee0502ecd1a64498f45","Ethereum / EVM","secp256k1 / ECDSA","NO","0","","","","","7605","2026-06-02T01:59:10.959Z"
"0xca4e2a4f6ad6b29927c568cb27b0153683150541","Ethereum / EVM","secp256k1 / ECDSA","NO","0","","","","","1124","2026-06-02T01:59:10.959Z"
"0xca686974913389d42f3c5f61010503daccdb487a","Ethereum / EVM","secp256k1 / ECDSA","NO","0","","","","","1129","2026-06-02T01:59:10.959Z"
"0xcaaab0a72f781b92ba63af27477aa46ab8f653e7","Ethereum / EVM","secp256k1 / ECDSA","NO","0","","","","","1133","2026-06-02T01:59:20.937Z"
"0xcaaacc86b39097e14f7f560bea33fbbed9f2ed41","Ethereum / EVM","secp256k1 / ECDSA","NO","0","","","","","1145","2026-06-02T01:59:20.937Z"
"0xcaac2b43b1b40edbfaddb5aebde9a90a27e1a3be","Ethereum / EVM","secp256k1 / ECDSA","NO","0","","","","","1145","2026-06-02T01:59:20.937Z"
"0xcab5e1acd1093a2da919b339f8101dbb402e3ecf","Ethereum / EVM","secp256k1 / ECDSA","NO","0","","","","","6480","2026-06-02T01:59:34.254Z"
"0xcab8db7b22ab5427eadb4b80b422e89361b40326","Ethereum / EVM","secp256k1 / ECDSA","NO","0","","","","","1146","2026-06-02T01:59:34.254Z"
"0xcac725bef4f114f728cbcfd744a731c2a463c3fc","Ethereum / EVM","secp256k1 / ECDSA","NO","0","","","","","1143","2026-06-02T01:59:34.254Z"
"0xcaca79bf3fcf3a1dce532a4e51c0335571e39945","Ethereum / EVM","secp256k1 / ECDSA","NO","0","","","","","1158","2026-06-02T01:59:45.147Z"
"0xcacebc09ee91fe63071f261f8bfe74a99ca7ef70","Ethereum / EVM","secp256k1 / ECDSA","NO","0","","","","","1152","2026-06-02T01:59:45.147Z"
"0xcad31538a87d1da737b3b5a9d4ca0cb9832c3d38","Ethereum / EVM","secp256k1 / ECDSA","NO","0","","","","","1151","2026-06-02T01:59:45.147Z"
"0xcb0e3d635a70ddc4665132a9a9c60ca74f1b9705","Ethereum / EVM","secp256k1 / ECDSA","NO","0","","","","","1159","2026-06-02T01:59:53.229Z"
"0xcb1ea416f3143e44eee8e8323cd36c42364534ff","Ethereum / EVM","secp256k1 / ECDSA","NO","0","","","","","1181","2026-06-02T01:59:53.229Z"
"0xcb2a5804f68555e53ee5ac8b5f54c0bee339ed14","Ethereum / EVM","secp256k1 / ECDSA","NO","0","","","","","1159","2026-06-02T01:59:53.229Z"
"0xcb2abc09e445a1587e5465a65e50651049e8f1a0","Ethereum / EVM","secp256k1 / ECDSA","NO","0","","","","","1165","2026-06-02T02:00:12.736Z"
"0xcc9167dced99f0d8aafabbdd8b519458617effa7","Ethereum / EVM","secp256k1 / ECDSA","NO","0","","","","","1064","2026-06-02T02:01:51.368Z"
"0xcb486c3c0ddf90b6b1c8dc388ba23ca146971e93","Ethereum / EVM","secp256k1 / ECDSA","NO","0","","","","","5387","2026-06-02T02:00:12.736Z"
"0xcb5a27a24ee86262be639d5429818e14ccf6e56d","Ethereum / EVM","secp256k1 / ECDSA","NO","0","","","","","6994","2026-06-02T02:00:12.736Z"
"0xcb70d18f1bb97fa21bed0fb3f20245c20df07b37","Ethereum / EVM","secp256k1 / ECDSA","NO","0","","","","","1172","2026-06-02T02:00:17.387Z"
"0xcb7bc3a1ff8ee0d32118b50e05499845dede324d","Ethereum / EVM","secp256k1 / ECDSA","NO","0","","","","","1166","2026-06-02T02:00:17.387Z"
"0xcb857fb1f331220ed92e9dd4db51d65a9b719908","Ethereum / EVM","secp256k1 / ECDSA","NO","0","","","","","1159","2026-06-02T02:00:17.387Z"
"0xcb9225bb407bc585ffbb863dc924aad07c97af2c","Ethereum / EVM","secp256k1 / ECDSA","NO","0","","","","","1155","2026-06-02T02:00:25.511Z"
"0xcb9a39f893ff61fd9787de8f70b6b569eb33b289","Ethereum / EVM","secp256k1 / ECDSA","NO","0","","","","","1204","2026-06-02T02:00:25.511Z"
"0xcbb54eda2048b57d1b0afb19a73948e9d58b6973","Ethereum / EVM","secp256k1 / ECDSA","NO","0","","","","","1151","2026-06-02T02:00:25.511Z"
"0xcbb9233f5a1a88feac76d8ad5812dd4e44a83516","Ethereum / EVM","secp256k1 / ECDSA","NO","0","","","","","1092","2026-06-02T02:00:34.640Z"
"0xcbd6832ebc203e49e2b771897067fce3c58575ac","Ethereum / EVM","secp256k1 / ECDSA","NO","0","","","","","1099","2026-06-02T02:00:34.640Z"
"0xcbe06b7ece6f1285114618f435e94be7c3a22a08","Ethereum / EVM","secp256k1 / ECDSA","NO","0","","","","","1094","2026-06-02T02:00:34.640Z"
"0xcbe08d5586a78a968bc5dd6d2b2bec0da33c2a08","Ethereum / EVM","secp256k1 / ECDSA","NO","0","","","","","1070","2026-06-02T02:00:42.599Z"
"0xcbe0a15637f33db152f04742ed244c249b382a08","Ethereum / EVM","secp256k1 / ECDSA","NO","0","","","","","1480","2026-06-02T02:00:42.599Z"
"0xcbe619f1b59d8b734c668bbfb02cd2b73d3b2a08","Ethereum / EVM","secp256k1 / ECDSA","NO","0","","","","","1643","2026-06-02T02:00:42.599Z"
"0xcc94c4da5371191429848d017255ead1667ebf06","Ethereum / EVM","secp256k1 / ECDSA","NO","0","","","","","1137","2026-06-02T02:02:03.280Z"
"0xcbea68fefa23b30edcc298204b0abbec0d43bb99","Ethereum / EVM","secp256k1 / ECDSA","NO","0","","","","","4790","2026-06-02T02:00:53.305Z"
"0xcbf0e9ccb0b1f6a0edc098c156259739798e8b4d","Ethereum / EVM","secp256k1 / ECDSA","NO","0","","","","","1065","2026-06-02T02:00:53.305Z"
"0xcbf4ab00b6aa19b4d5d29c7c3508b393a1c01fe3","Ethereum / EVM","secp256k1 / ECDSA","NO","0","","","","","1068","2026-06-02T02:00:53.305Z"
"0xcbf6318ecfaafc51f547c9efbeb05f13296e9c82","Ethereum / EVM","secp256k1 / ECDSA","NO","0","","","","","1070","2026-06-02T02:00:57.881Z"
"0xcbffcb2c38ecd19468d366d392ac0c1dc7f04bb6","Ethereum / EVM","secp256k1 / ECDSA","NO","0","","","","","1074","2026-06-02T02:00:57.881Z"
"0xcc042d5c3fa72c59b7e2786849fa4ee30ae6bf0f","Ethereum / EVM","secp256k1 / ECDSA","NO","0","","","","","1079","2026-06-02T02:00:57.881Z"
"0xcc043a6ac4aaa36a652eb073c04ac8d0a82f8ade","Ethereum / EVM","secp256k1 / ECDSA","NO","0","","","","","6089","2026-06-02T02:01:11.056Z"
"0xcc0824a912c83ae742a3f0781542d733b462df72","Ethereum / EVM","secp256k1 / ECDSA","NO","0","","","","","1080","2026-06-02T02:01:11.056Z"
"0xcc0ac6d57cfdc2dadd01189b8c7d862e58b154e0","Ethereum / EVM","secp256k1 / ECDSA","NO","0","","","","","1098","2026-06-02T02:01:11.056Z"
"0xcc3bfb237b47ea05f28f6c6b092732676e9847f8","Ethereum / EVM","secp256k1 / ECDSA","NO","0","","","","","1055","2026-06-02T02:01:22.376Z"
"0xcc3cf934e8105034a826ecf02a79ac5a33a9b40e","Ethereum / EVM","secp256k1 / ECDSA","NO","0","","","","","1061","2026-06-02T02:01:22.376Z"
"0xcc4306a63f5d02466ed6f4f764bf3f80b982dd9a","Ethereum / EVM","secp256k1 / ECDSA","NO","0","","","","","1058","2026-06-02T02:01:22.376Z"
"0xcc49eda864688fcfc8238b4fe0ecf0915a45d52c","Ethereum / EVM","secp256k1 / ECDSA","NO","0","","","","","1050","2026-06-02T02:01:30.517Z"
"0xcc688208981f8d73e2bb5a49bf07c4f998c858ae","Ethereum / EVM","secp256k1 / ECDSA","NO","0","","","","","1056","2026-06-02T02:01:30.517Z"
"0xcc8b79b3ae68dec9c1bba93ab18131dd26792a67","Ethereum / EVM","secp256k1 / ECDSA","NO","0","","","","","1049","2026-06-02T02:01:30.517Z"
"0xcc8d769d943bf29f241aa8b82b56ccd8a99cadcc","Ethereum / EVM","secp256k1 / ECDSA","NO","0","","","","","6494","2026-06-02T02:01:51.368Z"
"0xcc965d6c23ee639529b2b50ac8842bce2e3c63d2","Ethereum / EVM","secp256k1 / ECDSA","NO","0","","","","","1136","2026-06-02T02:02:03.280Z"
"0xccb7ea78790137d6cdd56fb441ea29e1195c89f9","Ethereum / EVM","secp256k1 / ECDSA","NO","0","","","","","1157","2026-06-02T02:02:03.280Z"
"0xccd358b112515ab4e9c43d57e6269e783d3131c6","Ethereum / EVM","secp256k1 / ECDSA","NO","0","","","","","1098","2026-06-02T02:02:11.191Z"
"0xccdeeb1baf73c1b5dc05e2ed25ce8e2bd03d956c","Ethereum / EVM","secp256k1 / ECDSA","NO","0","","","","","1086","2026-06-02T02:02:11.191Z"
"0xcce3292ea6003659b08eed152fdb36a611d0cc8e","Ethereum / EVM","secp256k1 / ECDSA","NO","0","","","","","1088","2026-06-02T02:02:11.191Z"
"0xccf1bfe716ecf6d1b366fbca88e5faeb229ec0df","Ethereum / EVM","secp256k1 / ECDSA","NO","0","","","","","36945","2026-06-02T02:02:55.815Z"
"0xcd1988f5456f3c8dc0bc8aafc925f82c26b3421a","Ethereum / EVM","secp256k1 / ECDSA","NO","0","","","","","952","2026-06-02T02:02:55.815Z"
"0xcd19ffc1c98d0024bd64994755460b54ca40421a","Ethereum / EVM","secp256k1 / ECDSA","NO","0","","","","","949","2026-06-02T02:02:55.815Z"
"0xcd1bdac69a2767cbbbd705453e105cf983fb9382","Ethereum / EVM","secp256k1 / ECDSA","NO","0","","","","","5383","2026-06-02T02:03:06.799Z"
"0xcd2d7288e434d1d3ec21da782dfcc6db7440d86e","Ethereum / EVM","secp256k1 / ECDSA","NO","0","","","","","1109","2026-06-02T02:03:06.799Z"
"0xcd2d84aed0bf347996ae3d1d3533f2a2c934d86e","Ethereum / EVM","secp256k1 / ECDSA","NO","0","","","","","1110","2026-06-02T02:03:06.799Z"
"0xcd2e51f9ef6487437d8b6576c8f19a5596cdca63","Ethereum / EVM","secp256k1 / ECDSA","NO","0","","","","","1092","2026-06-02T02:03:33.678Z"
"0xcd2e79ba1611776f0d8f706aaa42e16596cdca63","Ethereum / EVM","secp256k1 / ECDSA","NO","0","","","","","11043","2026-06-02T02:03:33.678Z"
"0xcd2eaf8e83e058842fc5b29e41d9edb596cdca63","Ethereum / EVM","secp256k1 / ECDSA","NO","0","","","","","6101","2026-06-02T02:03:33.678Z"
"0xcd3e3d9b8cd0b0020c17ae6555d8ff5ad7d789d7","Ethereum / EVM","secp256k1 / ECDSA","NO","0","","","","","1076","2026-06-02T02:03:42.995Z"
"0xcd4029f14bc33bff12b6d1c73d9a325fbc60639b","Ethereum / EVM","secp256k1 / ECDSA","NO","0","","","","","1133","2026-06-02T02:03:42.995Z"
"0xcd5014a36c3322258308eb8acb3c7a37e130ce64","Ethereum / EVM","secp256k1 / ECDSA","NO","0","","","","","1159","2026-06-02T02:03:42.995Z"
"0xcd516f926d1557ccca98dca3f9b27820606542e3","Ethereum / EVM","secp256k1 / ECDSA","NO","0","","","","","1068","2026-06-02T02:03:50.976Z"
"0xcd531ae9efcce479654c4926dec5f6209531ca7b","Ethereum / EVM","secp256k1 / ECDSA","NO","0","","","","","1094","2026-06-02T02:03:50.976Z"
"0xcd598d51c92c0cf5754e373f6f24637a6f00a31d","Ethereum / EVM","secp256k1 / ECDSA","NO","0","","","","","1082","2026-06-02T02:03:50.976Z"
"0xcd81502214d405f40ff14884f2b3962a2f822d67","Ethereum / EVM","secp256k1 / ECDSA","NO","0","","","","","1089","2026-06-02T02:03:59.078Z"
"0xcd8393de95d80c7100f398359304adbbf5ab1924","Ethereum / EVM","secp256k1 / ECDSA","NO","0","","","","","1065","2026-06-02T02:03:59.078Z"
"0xcd90025497a4812d65422e4f9be1b0e7fefd2c7b","Ethereum / EVM","secp256k1 / ECDSA","NO","0","","","","","1077","2026-06-02T02:03:59.078Z"
"0xcda3962e15aed552544e1ad29396b4013c93ff25","Ethereum / EVM","secp256k1 / ECDSA","NO","0","","","","","1064","2026-06-02T02:04:07.069Z"
"0xcda9d71bdfae59b89cee131ed3079f8ac4c77062","Ethereum / EVM","secp256k1 / ECDSA","NO","0","","","","","1054","2026-06-02T02:04:07.069Z"
"0xcdbe59d5151852bf07c11390580f7e330cace19f","Ethereum / EVM","secp256k1 / ECDSA","NO","0","","","","","1061","2026-06-02T02:04:07.069Z"
"0xcdbe82939d40cf68356cc21140feb6330cace19f","Ethereum / EVM","secp256k1 / ECDSA","NO","0","","","","","1155","2026-06-02T02:04:20.032Z"
"0xcdc99d5e630618acce8d1460a2797fe60be3f50a","Ethereum / EVM","secp256k1 / ECDSA","NO","0","","","","","3794","2026-06-02T02:04:20.032Z"
"0xcdcaf6dd53638bb28b7c02d079709d776ca1801b","Ethereum / EVM","secp256k1 / ECDSA","NO","0","","","","","2995","2026-06-02T02:04:20.032Z"
"0xcddd2009697d431c461df85bcc613a6a03c594bf","Ethereum / EVM","secp256k1 / ECDSA","NO","0","","","","","109402","2026-06-02T02:29:31.808Z"
"0xcdf7028ceab81fa0c6971208e83fa7872994bee5","Ethereum / EVM","secp256k1 / ECDSA","NO","0","","","","","1267","2026-06-02T02:29:31.808Z"
"0xce014b9c1ac69e01792e9db7393075146a1d4055","Ethereum / EVM","secp256k1 / ECDSA","NO","0","","","","","189","2026-06-02T02:29:31.808Z"
"0xce223f05df7131f144dada876c680ee4c012885b","Ethereum / EVM","secp256k1 / ECDSA","NO","0","","","","","5133","2026-06-02T02:29:47.869Z"
"0xd00e8db01b5754b1151dff2b7def571106992bc7","Ethereum / EVM","secp256k1 / ECDSA","NO","0","","","","","205","2026-06-02T20:20:20.134Z"
"0xce5e03f981e51218725880c6e31198b3b927d357","Ethereum / EVM","secp256k1 / ECDSA","NO","0","","","","","1502","2026-06-02T02:29:47.869Z"
"0xce61b5c594c34b42454acebb00835c50cb79e0c2","Ethereum / EVM","secp256k1 / ECDSA","NO","0","","","","","3358","2026-06-02T02:29:47.869Z"
"0xce75be0ee272f2fcd74f726443f8fea93fa8a312","Ethereum / EVM","secp256k1 / ECDSA","NO","0","","","","","1428","2026-06-02T02:30:49.927Z"
"0xce7ec11a5f306c6b896526149db1a86c7d1531e2","Ethereum / EVM","secp256k1 / ECDSA","NO","0","","","","","782","2026-06-02T02:30:49.927Z"
"0xceb1149879e322a349d1c23750a79f685a495f6f","Ethereum / EVM","secp256k1 / ECDSA","NO","0","","","","","53684","2026-06-02T02:30:49.927Z"
"0xceb69f6342ece283b2f5c9088ff249b5d0ae66ea","Ethereum / EVM","secp256k1 / ECDSA","NO","0","","","","Error: Scan timeout after 300s","747987","2026-06-02T04:12:55.986Z"
"0xcec7dbd3f2371ab0dd5ee1701a070af04d43019f","Ethereum / EVM","secp256k1 / ECDSA","NO","0","","","","Error: Scan timeout after 300s","755479","2026-06-02T04:12:55.986Z"
"0xcee284f754e854890e311e3280b767f80797180d","Ethereum / EVM","secp256k1 / ECDSA","NO","0","","","","","380","2026-06-02T04:12:55.986Z"
"0xcf044d67f20a434603a29ae4aa95efc1d7c52b5f","Ethereum / EVM","secp256k1 / ECDSA","NO","0","","","","","1543","2026-06-02T04:13:08.094Z"
"0xcf05e588ab4af0b2ed9e372c047ab948fb2a8dab","Ethereum / EVM","secp256k1 / ECDSA","NO","0","","","","","3172","2026-06-02T04:13:08.094Z"
"0xcf12dfc21bfb4d178472d4010dd3ecdbbb4690ca","Ethereum / EVM","secp256k1 / ECDSA","NO","0","","","","","161","2026-06-02T04:13:08.094Z"
"0xcf1ff3f452043a6c871720616f663c032ab3798d","Ethereum / EVM","secp256k1 / ECDSA","NO","0","","","","Error: Scan timeout after 300s","756211","2026-06-02T05:28:55.768Z"
"0xcf31e1ba6389bb1feb2dc46acefde9c787890921","Ethereum / EVM","secp256k1 / ECDSA","NO","0","","","","","54649","2026-06-02T05:28:55.768Z"
"0xcf3b88249a557a1e5dedad0ebc59816aee1cf1e6","Ethereum / EVM","secp256k1 / ECDSA","NO","0","","","","","29957","2026-06-02T05:28:55.768Z"
"0xcf43736934ca2bc4e479ecfc40e317ce09fa394c","Ethereum / EVM","secp256k1 / ECDSA","NO","0","","","","","17253","2026-06-02T05:30:06.331Z"
"0xcf4de501057e65798ce74fb87075fad49ded1448","Ethereum / EVM","secp256k1 / ECDSA","NO","0","","","","","3640","2026-06-02T05:30:06.331Z"
"0xcf6f4c82227096a46195c732e9d972c2833da761","Ethereum / EVM","secp256k1 / ECDSA","NO","0","","","","","43615","2026-06-02T05:30:06.331Z"
"0xcf728cb2fafaa0ea8b7042b0f10ae19ed7451472","Ethereum / EVM","secp256k1 / ECDSA","NO","0","","","","","28357","2026-06-02T05:30:48.778Z"
"0xcf77b13257b8ec4136869443df74c0af60ba6981","Ethereum / EVM","secp256k1 / ECDSA","NO","0","","","","","538","2026-06-02T05:30:48.778Z"
"0xcf7a1c01372602a71c3fadb63aa505de9a4403ec","Ethereum / EVM","secp256k1 / ECDSA","NO","0","","","","","8151","2026-06-02T05:30:48.778Z"
"0xcfa5369b6772befdd4209736f899336b4ec03215","Ethereum / EVM","secp256k1 / ECDSA","NO","0","","","","Error: Scan timeout after 300s","695438","2026-06-02T06:44:34.913Z"
"0xcfb3936b06e5b8185cc162be4e9659ac914d3230","Ethereum / EVM","secp256k1 / ECDSA","NO","0","","","","","354","2026-06-02T06:44:34.913Z"
"0xcfb81e3d34f608db2f14c260060cf8c09818a3bc","Ethereum / EVM","secp256k1 / ECDSA","NO","0","","","","","6903","2026-06-02T06:44:34.913Z"
"0xcfbb11593e49edd471e9b748d1503b1f2c073230","Ethereum / EVM","secp256k1 / ECDSA","NO","0","","","","","38912","2026-06-02T06:45:31.966Z"
"0xcfbb29c92fa9199556eca57c7c756688aae43230","Ethereum / EVM","secp256k1 / ECDSA","NO","0","","","","","15060","2026-06-02T06:45:31.966Z"
"0xcfbb3bc7f46af91fd12368ab07963ef8689d3230","Ethereum / EVM","secp256k1 / ECDSA","NO","0","","","","","2642","2026-06-02T06:45:31.966Z"
"0xcfbb5f25e3e2813d48f1ef9ee2da6e5e474d3230","Ethereum / EVM","secp256k1 / ECDSA","NO","0","","","","","727","2026-06-02T06:57:04.053Z"
"0xcfbb886aadea96b2a13d538f7e9d6326784d3230","Ethereum / EVM","secp256k1 / ECDSA","NO","0","","","","","1801","2026-06-02T06:57:04.053Z"
"0xcfbbebc1471f458912b93a3b7468bd080f853230","Ethereum / EVM","secp256k1 / ECDSA","NO","0","","","","","7154","2026-06-02T06:57:04.053Z"
"0xcfbbf8dc80bb324d2f8634cc73d6e8f6784d3230","Ethereum / EVM","secp256k1 / ECDSA","NO","0","","","","","166592","2026-06-02T07:00:04.422Z"
"0xcfbbfba4c90b2c6039f29d3d5e7f6046784d3230","Ethereum / EVM","secp256k1 / ECDSA","NO","0","","","","","6092","2026-06-02T07:00:04.422Z"
"0xcfc07bbb32cb3af571b60a03995624a1d655ab33","Ethereum / EVM","secp256k1 / ECDSA","NO","0","","","","","358","2026-06-02T07:00:04.422Z"
"0xcfc0f98f30742b6d880f90155d4ebb885e55ab33","Ethereum / EVM","secp256k1 / ECDSA","NO","0","","","","Error: Scan timeout after 300s","746343","2026-06-02T07:24:36.252Z"
"0xcfc1ae8149877c9401874b34c304782d9746cb3a","Ethereum / EVM","secp256k1 / ECDSA","NO","0","","","","","213836","2026-06-02T07:24:36.252Z"
"0xcfcf021baded5bc8bd8778921c5eb87db448e1f4","Ethereum / EVM","secp256k1 / ECDSA","NO","0","","","","","32308","2026-06-02T07:24:36.252Z"
"0xcfcf975eec5f466ae823983c2b9fac664a0ee1f4","Ethereum / EVM","secp256k1 / ECDSA","NO","0","","","","","4936","2026-06-02T07:24:52.510Z"
"0xcfcfc05f625c3a49485ec5952a4ae6167967e1f4","Ethereum / EVM","secp256k1 / ECDSA","NO","0","","","","","3099","2026-06-02T07:24:52.510Z"
"0xcfcfdc22fdafb1c928a7b6413bc753c37e0ee1f4","Ethereum / EVM","secp256k1 / ECDSA","NO","0","","","","","762","2026-06-02T07:24:52.510Z"
"0xcfcfddfd3eabdea81c5ceb4b6776d2752136e1f4","Ethereum / EVM","secp256k1 / ECDSA","NO","0","","","","","3406","2026-06-02T07:25:11.398Z"
"0xcfcff8c28a874191aacb9b82cee0b0208fcce1f4","Ethereum / EVM","secp256k1 / ECDSA","NO","0","","","","","2745","2026-06-02T07:25:11.398Z"
"0xcfec54288fc3a9e7f47f86905fca99f16fd7cf62","Ethereum / EVM","secp256k1 / ECDSA","NO","0","","","","","5393","2026-06-02T07:25:11.398Z"
"0xcffad3200574698b78f32232aa9d63eabd290703","Ethereum / EVM","secp256k1 / ECDSA","NO","0","","","","","232","2026-06-02T20:20:20.134Z"
"0xd011234f584d278c716dc306015d6dc7ffa4c539","Ethereum / EVM","secp256k1 / ECDSA","NO","0","","","","","252","2026-06-02T20:20:20.134Z"
"0xd01607c3c5ecaba394d8be377a08590149325722","Ethereum / EVM","secp256k1 / ECDSA","NO","0","","","","","197","2026-06-02T20:20:24.989Z"
"0xd0307d97a05c6592ce5d7883112d3fc26b75ccd6","Ethereum / EVM","secp256k1 / ECDSA","NO","0","","","","","213","2026-06-02T20:20:24.989Z"
"0xd047091c05f4c4f0203d15bd4a6ea89ffd8cc0df","Ethereum / EVM","secp256k1 / ECDSA","NO","0","","","","","247","2026-06-02T20:20:24.989Z"
"0xd052d95d556e75967cfac37c220ff1d6e2558d81","Ethereum / EVM","secp256k1 / ECDSA","NO","0","","","","","594","2026-06-02T20:20:33.335Z"
"0xd057ba012f2c0230c05567e371b1cc51df5f990e","Ethereum / EVM","secp256k1 / ECDSA","NO","0","","","","","174","2026-06-02T20:20:33.335Z"
"0xd057bdc95189bec308510a410aac306c0e877333","Ethereum / EVM","secp256k1 / ECDSA","NO","0","","","","","232","2026-06-02T20:20:33.335Z"
"0xd06bb0e6a71e10d8bd413802da5304926aea3dc5","Ethereum / EVM","secp256k1 / ECDSA","NO","0","","","","","179","2026-06-02T20:20:40.984Z"
"0xd07df216fb852d0e5ee18a190f6f410e0f92748a","Ethereum / EVM","secp256k1 / ECDSA","NO","0","","","","","220","2026-06-02T20:20:40.984Z"
"0xd094809bc10a1fc962796f9a056390f15072daee","Ethereum / EVM","secp256k1 / ECDSA","NO","0","","","","","249","2026-06-02T20:20:40.984Z"
"0xd09c60b28a689cad68e9278a9fc07f880c8c795d","Ethereum / EVM","secp256k1 / ECDSA","NO","0","","","","","185","2026-06-02T20:20:48.986Z"
"0xd0a0c314bf944060857dcc142bf83ddc4a73b99b","Ethereum / EVM","secp256k1 / ECDSA","NO","0","","","","","218","2026-06-02T20:20:48.986Z"
"0xd0a42158a8097c45064ed279dd350b09b813be9c","Ethereum / EVM","secp256k1 / ECDSA","NO","0","","","","","247","2026-06-02T20:20:48.986Z"
"0xd0a5d1c4cef81aa93397840a162bfead01749927","Ethereum / EVM","secp256k1 / ECDSA","NO","0","","","","","183","2026-06-02T20:20:56.995Z"
"0xd0b0984467631536fc6c8b311a946ccfe4ffb22d","Ethereum / EVM","secp256k1 / ECDSA","NO","0","","","","","222","2026-06-02T20:20:56.995Z"
"0xd0b5335be74480f9303b88f5b55acd676598882a","Ethereum / EVM","secp256k1 / ECDSA","NO","0","","","","","253","2026-06-02T20:20:56.995Z"
"0xd0b58e24eec20b498d8a7068a079d6c48671e22c","Ethereum / EVM","secp256k1 / ECDSA","NO","0","","","","","173","2026-06-02T20:21:04.986Z"
"0xd0b81077235343c8361496eb9505ed672ca07655","Ethereum / EVM","secp256k1 / ECDSA","NO","0","","","","","227","2026-06-02T20:21:04.986Z"
"0xD0C277AA22512262E4DBe524A1341e6b7618dD3e","Ethereum / EVM","secp256k1 / ECDSA","NO","0","","","","","248","2026-06-02T20:21:04.986Z"
"0xd0c28533f10d2361dbe10dbab2cfe700a45d16a0","Ethereum / EVM","secp256k1 / ECDSA","NO","0","","","","","195","2026-06-02T20:21:12.988Z"
"0xd0cb04fee15dbac9f1565fa025503abcacd137e5","Ethereum / EVM","secp256k1 / ECDSA","NO","0","","","","","210","2026-06-02T20:21:12.988Z"
"0xd0d10fd84ae5a57776b6964763c451c57f360161","Ethereum / EVM","secp256k1 / ECDSA","NO","0","","","","","246","2026-06-02T20:21:12.988Z"
"0xd0d1245bed4bc123c7b7f1e11b54b174b9dd0161","Ethereum / EVM","secp256k1 / ECDSA","NO","0","","","","","185","2026-06-02T20:21:20.994Z"
"0xd0e7c243f5a41d16af4a0217fa2333e9ed5be1c1","Ethereum / EVM","secp256k1 / ECDSA","NO","0","","","","","219","2026-06-02T20:21:20.994Z"
"0xd0f999f626787ba815e46bc6a713bc0bef176783","Ethereum / EVM","secp256k1 / ECDSA","NO","0","","","","","250","2026-06-02T20:21:20.994Z"
"0xd0fb0863a14338523e911a23c5836fc8e6272f2b","Ethereum / EVM","secp256k1 / ECDSA","NO","0","","","","","173","2026-06-02T20:21:28.991Z"
"0xd0ff874d6760c24629ca015fafd699c24e77a2e3","Ethereum / EVM","secp256k1 / ECDSA","NO","0","","","","","227","2026-06-02T20:21:28.991Z"
"0xd1103b7c4e9bf7b9627cb2d1366b510a66c92b83","Ethereum / EVM","secp256k1 / ECDSA","NO","0","","","","","252","2026-06-02T20:21:28.991Z"
"0xd152f549545093347a162dce210e7293f1452150","Ethereum / EVM","secp256k1 / ECDSA","NO","0","","","","","191","2026-06-02T20:21:36.986Z"
"0xd15fe25ed0dba12fe05e7029c88b10c25e8880e3","Ethereum / EVM","secp256k1 / ECDSA","NO","0","","","","","210","2026-06-02T20:21:36.986Z"
"0xd1669ac6044269b59fa12c5822439f609ca54f41","Ethereum / EVM","secp256k1 / ECDSA","NO","0","","","","","245","2026-06-02T20:21:36.986Z"
"0xd16876a8bb9d44d540e3a3c7b0a66a0fa07e362f","Ethereum / EVM","secp256k1 / ECDSA","NO","0","","","","","273","2026-06-02T20:21:47.433Z"
"0xd16fa2e0236868ee515236a89c69013f0d67b9e4","Ethereum / EVM","secp256k1 / ECDSA","NO","0","","","","","195","2026-06-02T20:21:47.433Z"
"0xd178a90c41ff3dcffbfdef7de0baf76cbfe6a121","Ethereum / EVM","secp256k1 / ECDSA","NO","0","","","","","2625","2026-06-02T20:21:47.433Z"
"0xd178b5698689af269575cb5ef8c189e59b62a121","Ethereum / EVM","secp256k1 / ECDSA","NO","0","","","","","169","2026-06-02T20:21:52.984Z"
"0xd178f5f3dcb5cc3eaf6520507c4184fd3fa2a121","Ethereum / EVM","secp256k1 / ECDSA","NO","0","","","","","226","2026-06-02T20:21:52.984Z"
"0xd186dd0ef3aa440c9ad84a089d24b40e521269e3","Ethereum / EVM","secp256k1 / ECDSA","NO","0","","","","","247","2026-06-02T20:21:52.984Z"
"0xd18cada0ea78800dc99395d28b13e9958353466b","Ethereum / EVM","secp256k1 / ECDSA","NO","0","","","","","192","2026-06-02T20:22:00.995Z"
"0xd19d4b5d358258f05d7b411e21a1460d11b0876f","Ethereum / EVM","secp256k1 / ECDSA","NO","0","","","","","224","2026-06-02T20:22:00.995Z"
"0xd1b704975bf33f6f58c6ece2893e4ccb749b4b88","Ethereum / EVM","secp256k1 / ECDSA","NO","0","","","","","237","2026-06-02T20:22:00.995Z"
"0xd1bd7c3f7860a228b05578e1e25d533658416708","Ethereum / EVM","secp256k1 / ECDSA","NO","0","","","","","196","2026-06-02T20:22:09.184Z"
"0xd1bd9f3afded57f28d73920d2eb2ab80e6872550","Ethereum / EVM","secp256k1 / ECDSA","NO","0","","","","","245","2026-06-02T20:22:09.184Z"
"0xd1dea4736c3a89f1e9889b66fcc277a51bfcdda1","Ethereum / EVM","secp256k1 / ECDSA","NO","0","","","","","400","2026-06-02T20:22:09.184Z"
"0xd1eaa24aac749e46a0ce5ff696afcebc53df83f7","Ethereum / EVM","secp256k1 / ECDSA","NO","0","","","","","180","2026-06-02T20:22:17.197Z"
"0xd1f1858bc0f55dad431956076358d917a4e9eee6","Ethereum / EVM","secp256k1 / ECDSA","NO","0","","","","","217","2026-06-02T20:22:17.197Z"
"0xd1fc5811991c867f79ad3c15977574568f7213c3","Ethereum / EVM","secp256k1 / ECDSA","NO","0","","","","","253","2026-06-02T20:22:17.197Z"
"0xd1ff8519a3bc945daab1531e550aab9101fc904d","Ethereum / EVM","secp256k1 / ECDSA","NO","0","","","","","274","2026-06-02T20:22:25.301Z"
"0xd20fd71a4f2ffc099cef85bbe1bc0f28b0b15521","Ethereum / EVM","secp256k1 / ECDSA","NO","0","","","","","200","2026-06-02T20:22:25.301Z"
"0xd2105fe5f1b631daf2398e918549758cd181ca7c","Ethereum / EVM","secp256k1 / ECDSA","NO","0","","","","","281","2026-06-02T20:22:25.301Z"
"0xd210f6b4b441937ea858f3e5f368d59f422387c1","Ethereum / EVM","secp256k1 / ECDSA","NO","0","","","","","176","2026-06-02T20:22:33.197Z"
"0xd2296a2da591d36e624e78880880bd54001f1982","Ethereum / EVM","secp256k1 / ECDSA","NO","0","","","","","223","2026-06-02T20:22:33.197Z"
"0xd237be512696abf6cb2bc8cdfd71c8a9f889eb75","Ethereum / EVM","secp256k1 / ECDSA","NO","0","","","","","251","2026-06-02T20:22:33.197Z"
"0xd265779bd7bd61a42454e8da45efa2100b20f4fe","Ethereum / EVM","secp256k1 / ECDSA","NO","0","","","","","209","2026-06-02T20:22:41.224Z"
"0xd2799ddf035a1e81b3366b0846b3b79987f3f290","Ethereum / EVM","secp256k1 / ECDSA","NO","0","","","","","213","2026-06-02T20:22:41.224Z"
"0xd27e6dda06579769b89800ae2a7c6dc9d55b9b9f","Ethereum / EVM","secp256k1 / ECDSA","NO","0","","","","","252","2026-06-02T20:22:41.224Z"
"0xd2ab34ed3680f7dc8cd1f57b63dd463ca83f95ec","Ethereum / EVM","secp256k1 / ECDSA","NO","0","","","","","188","2026-06-02T20:22:49.271Z"
"0xd2e482f87dd72dbcf2a5aaf4938bef285a5eb70c","Ethereum / EVM","secp256k1 / ECDSA","NO","0","","","","","244","2026-06-02T20:22:49.271Z"
"0xd2e6d8a73ffc859fd3bdbe4c5f2661e7745b901a","Ethereum / EVM","secp256k1 / ECDSA","NO","0","","","","","289","2026-06-02T20:22:49.271Z"
"0xd2e8827d4b1c44f64d1fa01bfbc14dc8545eca41","Ethereum / EVM","secp256k1 / ECDSA","NO","0","","","","","166","2026-06-02T20:22:57.196Z"
"0xd30764a732926b4580e4c08dee3b359e68579385","Ethereum / EVM","secp256k1 / ECDSA","NO","0","","","","","229","2026-06-02T20:22:57.196Z"
"0xd30afe1d9c42074e941b4de20e14d955e8569f10","Ethereum / EVM","secp256k1 / ECDSA","NO","0","","","","","249","2026-06-02T20:22:57.196Z"
"0xd318a93adf0447e287f9f584d2615ad7d2220209","Ethereum / EVM","secp256k1 / ECDSA","NO","0","","","","","667","2026-06-02T20:23:05.636Z"
"0xd318bdf6ecbf049cda7e4a3ca0ddfc3ad8ef2e61","Ethereum / EVM","secp256k1 / ECDSA","NO","0","","","","","186","2026-06-02T20:23:05.636Z"
"0xd31a09f84950b57ead4fe5aacc8065bd10d62a39","Ethereum / EVM","secp256k1 / ECDSA","NO","0","","","","","230","2026-06-02T20:23:05.636Z"
"0xd31c848ed782ef8acc9743ac2a3f2ffcb630e9bc","Ethereum / EVM","secp256k1 / ECDSA","NO","0","","","","","182","2026-06-02T20:23:13.211Z"
"0xd331942277c0586ae5aeb79c5506f2aeda245d00","Ethereum / EVM","secp256k1 / ECDSA","NO","0","","","","","227","2026-06-02T20:23:13.211Z"
"0xd3392a8daceeef902857e29df177a559a645cc3f","Ethereum / EVM","secp256k1 / ECDSA","NO","0","","","","","249","2026-06-02T20:23:13.211Z"
"0xd3402885570ac6d6019b916fcf567a20c069a015","Ethereum / EVM","secp256k1 / ECDSA","NO","0","","","","","575","2026-06-02T20:23:21.659Z"
"0xd353a8e5080612a03bc350ab4531fcaded5f4c3b","Ethereum / EVM","secp256k1 / ECDSA","NO","0","","","","","387","2026-06-02T20:23:21.659Z"
"0xd366ed22f5b2262a2da4c32d8a4607c93690134a","Ethereum / EVM","secp256k1 / ECDSA","NO","0","","","","","144","2026-06-02T20:23:21.659Z"
"0xd37ac934502619cee14908cef22138f4b98e06b4","Ethereum / EVM","secp256k1 / ECDSA","NO","0","","","","Error: Scan timeout after 300s","737793","2026-06-02T21:07:12.733Z"
"0xd37bbe5744d730a1d98d8dc97c42f0ca46ad7146","Ethereum / EVM","secp256k1 / ECDSA","NO","0","","","","","580","2026-06-02T21:07:12.733Z"
"0xd37ee7e4f452c6638c96536e68090de8cbcdb583","Ethereum / EVM","secp256k1 / ECDSA","NO","0","","","","","387","2026-06-02T21:07:12.733Z"
"0xd3924ad8f881514eff89503be9027b877e9e2bd0","Ethereum / EVM","secp256k1 / ECDSA","NO","0","","","","","352","2026-06-02T21:22:48.175Z"
"0xd394549eddaded25bea81e8d999e7bd3a150ff6c","Ethereum / EVM","secp256k1 / ECDSA","NO","0","","","","","6075","2026-06-02T21:22:48.175Z"
"0xd39b0c94e9a172e564a6981e3f5bb7b71686c4d3","Ethereum / EVM","secp256k1 / ECDSA","NO","0","","","","","80695","2026-06-02T21:22:48.175Z"
"0xd569f97b196d0c3be3b592636410c9049468203e","Ethereum / EVM","secp256k1 / ECDSA","NO","0","","","","","201","2026-06-03T04:17:00.789Z"
"0xd3a1244ea5bd0ba1a00729bd091f265a0c32e436","Ethereum / EVM","secp256k1 / ECDSA","NO","0","","","","","1261","2026-06-02T21:22:55.885Z"
"0xd3a599e0352496c04afa9f39af220b51da37e436","Ethereum / EVM","secp256k1 / ECDSA","NO","0","","","","","347","2026-06-02T21:22:55.885Z"
"0xd3a86cbc4f3fe672dc72b037cd9e820a773cfe30","Ethereum / EVM","secp256k1 / ECDSA","NO","0","","","","","1857","2026-06-02T21:22:55.885Z"
"0xd3cb8a0b7b9f7aa9dbfdf1d8922061c00d73a20a","Ethereum / EVM","secp256k1 / ECDSA","NO","0","","","","","650","2026-06-02T21:24:12.439Z"
"0xd3cbba06b7680c8f9731132e44d84b667b6e7ee1","Ethereum / EVM","secp256k1 / ECDSA","NO","0","","","","","50988","2026-06-02T21:24:12.439Z"
"0xd3dda1f3111dfdd54baeede7836a63b6f087eae0","Ethereum / EVM","secp256k1 / ECDSA","NO","0","","","","","19811","2026-06-02T21:24:12.439Z"
"0xd3fbca45ebc4b1ff0a1423b9911fa049fcf2b980","Ethereum / EVM","secp256k1 / ECDSA","NO","0","","","","","241411","2026-06-02T21:28:40.988Z"
"0xd40f439bbe04d0d5dc30062f27a05a981cec38b8","Ethereum / EVM","secp256k1 / ECDSA","NO","0","","","","","2269","2026-06-02T21:28:40.988Z"
"0xd4320e93c3f7b7f0c328b1e19ed813dd732438bb","Ethereum / EVM","secp256k1 / ECDSA","NO","0","","","","","17970","2026-06-02T21:28:40.988Z"
"0xd436b9d48810bd15f15c097c0ebc1dc6d2745852","Ethereum / EVM","secp256k1 / ECDSA","NO","0","","","","Error: Scan timeout after 300s","417306","2026-06-02T22:01:23.277Z"
"0xd470448303d3ebbbd5f9bd1b6d173118e5771ed9","Ethereum / EVM","secp256k1 / ECDSA","NO","0","","","","","3724","2026-06-02T22:01:23.277Z"
"0xd472255e3116655faee0627c0c33384e741271ab","Ethereum / EVM","secp256k1 / ECDSA","NO","0","","","","","6682","2026-06-02T22:01:23.277Z"
"0xd48824bc89d42530641d3139056a5846c801129a","Ethereum / EVM","secp256k1 / ECDSA","NO","0","","","","","98682","2026-06-02T22:03:32.630Z"
"0xd49e90baba3558769c4029895fae3b3f93f553ff","Ethereum / EVM","secp256k1 / ECDSA","NO","0","","","","","1285","2026-06-02T22:03:32.630Z"
"0xd49eabc8e01ed28d03a1468d1dac8d9184456391","Ethereum / EVM","secp256k1 / ECDSA","NO","0","","","","","21840","2026-06-02T22:03:32.630Z"
"0xd4b4da988049845f4725819a79e2d1e1eb674ffe","Ethereum / EVM","secp256k1 / ECDSA","NO","0","","","","","6112","2026-06-02T23:09:07.812Z"
"0xd4bddf5e3d0435d7a6214a0b949c7bb58621f37c","Ethereum / EVM","secp256k1 / ECDSA","NO","0","","","","Error: Scan timeout after 300s","764717","2026-06-02T23:09:07.812Z"
"0xd4c290501a1acdb59a45f4649f4b19d451a5baa0","Ethereum / EVM","secp256k1 / ECDSA","NO","0","","","","","1695","2026-06-02T23:09:07.812Z"
"0xd4c4e7f7a61fbb8924e666c0d4e5ee7019e0f2f5","Ethereum / EVM","secp256k1 / ECDSA","NO","0","","","","","11206","2026-06-02T23:23:43.526Z"
"0xd4c97283748244310d123e761b5677ecde8d42e3","Ethereum / EVM","secp256k1 / ECDSA","NO","0","","","","","5485","2026-06-02T23:23:43.526Z"
"0xd4ccd879a33a1eb62e423c832e01494e04669e95","Ethereum / EVM","secp256k1 / ECDSA","NO","0","","","","","6959","2026-06-02T23:23:43.526Z"
"0xd4d2960e1e58a597723ae021cc811193f79153b1","Ethereum / EVM","secp256k1 / ECDSA","NO","0","","","","Error: Scan timeout after 300s","741525","2026-06-03T04:00:20.705Z"
"0xd4d2b38106e40f2693b617314ba5f406985864eb","Ethereum / EVM","secp256k1 / ECDSA","NO","0","","","","Error: Scan timeout after 300s","727875","2026-06-03T04:00:20.705Z"
"0xd4d2e97d8040a0fe8d3141adf643ddacdeb439ce","Ethereum / EVM","secp256k1 / ECDSA","NO","0","","","","","80492","2026-06-03T04:00:20.705Z"
"0xd4d3fde5145141ddf7c465889923f29154526de3","Ethereum / EVM","secp256k1 / ECDSA","NO","0","","","","","60230","2026-06-03T04:15:06.532Z"
"0xd4d4f5f7cdb16ead9fb4175e8d4787b80aaa669b","Ethereum / EVM","secp256k1 / ECDSA","NO","0","","","","","6699","2026-06-03T04:15:06.532Z"
"0xd4dcd2459bb78d7a645aa7e196857d421b10d93f","Ethereum / EVM","secp256k1 / ECDSA","NO","0","","","","Error: Scan timeout after 300s","811229","2026-06-03T04:15:06.532Z"
"0xd4de29a4e01e6da6238c15666a7bab98599c3f5b","Ethereum / EVM","secp256k1 / ECDSA","NO","0","","","","","15355","2026-06-03T04:15:33.732Z"
"0xd59d53250e6dc0efad7bc1e6b5e6a14f7525a155","Ethereum / EVM","secp256k1 / ECDSA","NO","0","","","","Error: Scan timeout after 300s","888054","2026-06-03T04:32:02.125Z"
"0xdc8f64397d2c80cb11538931826beff38914dc4c","Ethereum / EVM","secp256k1 / ECDSA","NO","0","","","","Error: Scan timeout after 300s","784440","2026-06-03T08:12:56.660Z"
"0xd4e201a633a3e053bb4cbb48c4f927ffd6dbca45","Ethereum / EVM","secp256k1 / ECDSA","NO","0","","","","","1916","2026-06-03T04:15:33.732Z"
"0xd50392da78198cbdfb3e8ed581d43d1adb441c6c","Ethereum / EVM","secp256k1 / ECDSA","NO","0","","","","","1969","2026-06-03T04:15:33.732Z"
"0xd516606915e439fb0b5e19c739f9f7559218377d","Ethereum / EVM","secp256k1 / ECDSA","NO","0","","","","","5300","2026-06-03T04:15:50.074Z"
"0xd51ce64dd80761658bce3f001f223e6821824773","Ethereum / EVM","secp256k1 / ECDSA","NO","0","","","","","460","2026-06-03T04:15:50.074Z"
"0xd523ffb0513386991f63eae17c989ff2a302470f","Ethereum / EVM","secp256k1 / ECDSA","NO","0","","","","","6601","2026-06-03T04:15:50.074Z"
"0xd533a949740bb3306d119cc777fa900ba034cd52","Ethereum / EVM","secp256k1 / ECDSA","NO","0","","","","","1257","2026-06-03T04:16:31.888Z"
"0xd5396ced9c3dd078c79e6c01be8f73ee3f8ca429","Ethereum / EVM","secp256k1 / ECDSA","NO","0","","","","","7885","2026-06-03T04:16:31.888Z"
"0xd5400c39e1a94d6a03d76a050338ad9ebe570107","Ethereum / EVM","secp256k1 / ECDSA","NO","0","","","","","27951","2026-06-03T04:16:31.888Z"
"0xd5438fd651a689b607804ddf3525ef8e0d23b716","Ethereum / EVM","secp256k1 / ECDSA","NO","0","","","","","7123","2026-06-03T04:16:48.235Z"
"0xd54f502e184b6b739d7d27a6410a67dc462d69c8","Ethereum / EVM","secp256k1 / ECDSA","NO","0","","","","","1022","2026-06-03T04:16:48.235Z"
"0xd556c2dfea46a5cfb6f271545c6eb61a73093cac","Ethereum / EVM","secp256k1 / ECDSA","NO","0","","","","","5507","2026-06-03T04:16:48.235Z"
"0xd55c1ae0e52918c864616dd5ffba6c50b8fbe39e","Ethereum / EVM","secp256k1 / ECDSA","NO","0","","","","","1229","2026-06-03T04:16:53.365Z"
"0xd5696dc0900665e2023f49640c66a5c49468203e","Ethereum / EVM","secp256k1 / ECDSA","NO","0","","","","","252","2026-06-03T04:16:53.365Z"
"0xd569b780f680efbc48adde8a0b12d3249468203e","Ethereum / EVM","secp256k1 / ECDSA","NO","0","","","","","972","2026-06-03T04:16:53.365Z"
"0xd569f39930ebee7bf897ed80e3d1dea49468203e","Ethereum / EVM","secp256k1 / ECDSA","NO","0","","","","","812","2026-06-03T04:17:00.789Z"
"0xd569f77009e21add13f2c8872575b5749468203e","Ethereum / EVM","secp256k1 / ECDSA","NO","0","","","","","801","2026-06-03T04:17:00.789Z"
"0xd5700178bee5037641063264cbc77e8b065ce072","Ethereum / EVM","secp256k1 / ECDSA","NO","0","","","","","5995","2026-06-03T04:32:02.125Z"
"0xd59e4a89ee7fb14918e6049ca4a8fae4f37aa8d2","Ethereum / EVM","secp256k1 / ECDSA","NO","0","","","","","212","2026-06-03T04:32:02.125Z"
"0xd5a67a55efccd27335edb94e06cb97d844f471ed","Ethereum / EVM","secp256k1 / ECDSA","NO","0","","","","","18772","2026-06-03T04:46:50.258Z"
"0xd5bb24152217bea7a617525ddfa64ea3b41b9c0a","Ethereum / EVM","secp256k1 / ECDSA","NO","0","","","","Error: Scan timeout after 300s","859980","2026-06-03T04:46:50.258Z"
"0xd5db192055b3bbc34609bdfe1da16387e73b0f65","Ethereum / EVM","secp256k1 / ECDSA","NO","0","","","","","1866","2026-06-03T04:46:50.258Z"
"0xd5ec14a83b7d95be1e2ac12523e2dee12cbeea6c","Ethereum / EVM","secp256k1 / ECDSA","NO","0","","","","","776","2026-06-03T05:00:52.909Z"
"0xd5f95aa6b7140d12442b80895021deb55c7b47dc","Ethereum / EVM","secp256k1 / ECDSA","NO","0","","","","","88320","2026-06-03T05:00:52.909Z"
"0xd61bec772e2bab245ff40b397d45418536e6b83b","Ethereum / EVM","secp256k1 / ECDSA","NO","0","","","","Error: Scan timeout after 300s","747145","2026-06-03T05:00:52.909Z"
"0xd6216fc19db775df9774a6e33526131da7d19a2c","Ethereum / EVM","secp256k1 / ECDSA","NO","0","","","","Error: Scan timeout after 300s","744572","2026-06-03T05:13:30.433Z"
"0xd6263013a07e799d0b72793e38274d4f9ff4eb62","Ethereum / EVM","secp256k1 / ECDSA","NO","0","","","","","1990","2026-06-03T05:13:30.433Z"
"0xd6382ec0a1700bcd1c33672bcd8f817fc5452de4","Ethereum / EVM","secp256k1 / ECDSA","NO","0","","","","","3009","2026-06-03T05:13:30.433Z"
"0xd64434e95a5db1b46cf602a8510d7d42016eb34b","Ethereum / EVM","secp256k1 / ECDSA","NO","0","","","","","11709","2026-06-03T05:13:59.993Z"
"0xd64461d680fd800ec76542caa9e58d25689c708b","Ethereum / EVM","secp256k1 / ECDSA","NO","0","","","","","13636","2026-06-03T05:13:59.993Z"
"0xd64ffec0465eddebfe008695b41d62ebcb02ed74","Ethereum / EVM","secp256k1 / ECDSA","NO","0","","","","","1122","2026-06-03T05:13:59.993Z"
"0xd659c25defe6e5342568285dd1fce9af455a02b9","Ethereum / EVM","secp256k1 / ECDSA","NO","0","","","","","1135","2026-06-03T05:14:12.150Z"
"0xd69b31c3225728cc57ddaf9be532a4ee1620be51","Ethereum / EVM","secp256k1 / ECDSA","NO","0","","","","","1142","2026-06-03T05:14:12.150Z"
"0xd6a7ac86df3017a164d7d3991fe76c9fdc8a4a61","Ethereum / EVM","secp256k1 / ECDSA","NO","0","","","","","1133","2026-06-03T05:14:12.150Z"
"0xd6aaa82123f6df12a2d99bbbaab442ff7d47b372","Ethereum / EVM","secp256k1 / ECDSA","NO","0","","","","","1144","2026-06-03T05:14:20.191Z"
"0xd6b24ce02ad4b41aa775ef4eaed9a9238a6f9326","Ethereum / EVM","secp256k1 / ECDSA","NO","0","","","","","1159","2026-06-03T05:14:20.191Z"
"0xd6b38bea1b891c9064b1167fb68f8478f6829326","Ethereum / EVM","secp256k1 / ECDSA","NO","0","","","","","1137","2026-06-03T05:14:20.191Z"
"0xd6bb694524787f8af13133c1dcc5b671b79cd523","Ethereum / EVM","secp256k1 / ECDSA","NO","0","","","","","1153","2026-06-03T05:14:28.225Z"
"0xd6c98d85dd8d46c40813b46d21fa925e7feba15f","Ethereum / EVM","secp256k1 / ECDSA","NO","0","","","","","1136","2026-06-03T05:14:28.225Z"
"0xd6ca48200e65f671a9d741f5fab46ccf666b7275","Ethereum / EVM","secp256k1 / ECDSA","NO","0","","","","","1138","2026-06-03T05:14:28.225Z"
"0xd6d484ca374e8f43a36dea9ca789054596a72f96","Ethereum / EVM","secp256k1 / ECDSA","NO","0","","","","","1152","2026-06-03T05:14:36.270Z"
"0xd6d9ca646fb57af6a81c67ba80fbbb3549ac1d65","Ethereum / EVM","secp256k1 / ECDSA","NO","0","","","","","1154","2026-06-03T05:14:36.270Z"
"0xd6df932a45c0f255f85145f286ea0b292b21c90b","Ethereum / EVM","secp256k1 / ECDSA","NO","0","","","","","1150","2026-06-03T05:14:36.270Z"
"0xd70cc04e2b6cfdd4c4df8bee9468a8460de3869c","Ethereum / EVM","secp256k1 / ECDSA","NO","0","","","","","1154","2026-06-03T05:16:46.294Z"
"0xd715612435eea2609e2396de84bceffea969f96f","Ethereum / EVM","secp256k1 / ECDSA","NO","0","","","","","31631","2026-06-03T05:16:46.294Z"
"0xd73f1d11ebbf26165a6e503c0aed19bce1ff9241","Ethereum / EVM","secp256k1 / ECDSA","NO","0","","","","","91442","2026-06-03T05:16:46.294Z"
"0xd74b57880d0145b8333cd7f5cf4c977df12f45b1","Ethereum / EVM","secp256k1 / ECDSA","NO","0","","","","","7041","2026-06-03T05:18:42.978Z"
"0xd75801d00644fca20b17264a8ada9b8002b06668","Ethereum / EVM","secp256k1 / ECDSA","NO","0","","","","","5638","2026-06-03T05:18:42.978Z"
"0xd767f0e91dfa2034110012e61ac7de65ae3d1f3e","Ethereum / EVM","secp256k1 / ECDSA","NO","0","","","","","97345","2026-06-03T05:18:42.978Z"
"0xd784927ff2f95ba542bfc824c8a8a98f3495f6b5","Ethereum / EVM","secp256k1 / ECDSA","NO","0","","","","","1091","2026-06-03T05:18:51.724Z"
"0xd7a4344eaa54b6a7f9b8d36dd2449b67ac26723a","Ethereum / EVM","secp256k1 / ECDSA","NO","0","","","","","4884","2026-06-03T05:18:51.724Z"
"0xd7a827fbaf38c98e8336c5658e4bcbcd20a4fd2d","Ethereum / EVM","secp256k1 / ECDSA","NO","0","","","","","1223","2026-06-03T05:18:51.724Z"
"0xd7b99617948f27de0e2e1507c9d44b54b4dacc2c","Ethereum / EVM","secp256k1 / ECDSA","NO","0","","","","","230","2026-06-03T05:19:01.520Z"
"0xd7bc46f2ebf737df23a661f0a816a13ef38cea1f","Ethereum / EVM","secp256k1 / ECDSA","NO","0","","","","","3085","2026-06-03T05:19:01.520Z"
"0xd7caaadef213c0227c23ce6229ddc131eea4bfca","Ethereum / EVM","secp256k1 / ECDSA","NO","0","","","","","5126","2026-06-03T05:19:01.520Z"
"0xd7e695e0b456d666eda41d3bd340edf9ebffb1bb","Ethereum / EVM","secp256k1 / ECDSA","NO","0","","","","","1255","2026-06-03T05:48:40.499Z"
"0xd7efcbb86efdd9e8de014dafa5944aae36e817e4","Ethereum / EVM","secp256k1 / ECDSA","NO","0","","","","Error: Scan timeout after 300s","456708","2026-06-03T05:48:40.499Z"
"0xd7f4e01b66bedde8aa85300130cc6c7b9823942c","Ethereum / EVM","secp256k1 / ECDSA","NO","0","","","","","20002","2026-06-03T05:48:40.499Z"
"0xd7f9f54194c633f36ccd5f3da84ad4a1c38cb2cb","Ethereum / EVM","secp256k1 / ECDSA","NO","0","","","","","344","2026-06-03T05:50:27.913Z"
"0xd803472c47a87d7b63e888de53f03b4191b846a8","Ethereum / EVM","secp256k1 / ECDSA","NO","0","","","","","1155","2026-06-03T05:50:27.913Z"
"0xd80d4a55654a6a103d5ce52b3d972c052a456188","Ethereum / EVM","secp256k1 / ECDSA","NO","0","","","","","62950","2026-06-03T05:50:27.913Z"
"0xd8157b0adb2cf902dffca4669419a32a47a8fd6d","Ethereum / EVM","secp256k1 / ECDSA","NO","0","","","","","14647","2026-06-03T05:51:34.565Z"
"0xd828460e97ad7729f97c0e87f55e10628b2a17f2","Ethereum / EVM","secp256k1 / ECDSA","NO","0","","","","","41494","2026-06-03T05:51:34.565Z"
"0xd831babbf4fe51e96a5395d0520f7c93550132b1","Ethereum / EVM","secp256k1 / ECDSA","NO","0","","","","","3788","2026-06-03T05:51:34.565Z"
"0xd835a36264e2789e40cb27a2b451c60ba96bc19c","Ethereum / EVM","secp256k1 / ECDSA","NO","0","","","","","645","2026-06-03T05:51:48.887Z"
"0xd835a3e8cd92c94f6c0f8c278fa9edd0b76bc19c","Ethereum / EVM","secp256k1 / ECDSA","NO","0","","","","","10313","2026-06-03T05:51:48.887Z"
"0xd839f6b0080f289c099f02e70ed35905886bc19c","Ethereum / EVM","secp256k1 / ECDSA","NO","0","","","","","814","2026-06-03T05:51:48.887Z"
"0xd83c15992699b050fe9488e5b4fe998b53ee8497","Ethereum / EVM","secp256k1 / ECDSA","NO","0","","","","","4829","2026-06-03T05:52:18.512Z"
"0xd83edfbed682cf1791e68dd537ea5da610aa9f7c","Ethereum / EVM","secp256k1 / ECDSA","NO","0","","","","","3291","2026-06-03T05:52:18.512Z"
"0xd843fd86d2fd1473f63d9d6752295c7c3974bea5","Ethereum / EVM","secp256k1 / ECDSA","NO","0","","","","","14467","2026-06-03T05:52:18.512Z"
"0xd849ebe3855fd7db8d45873cae010233f50e2904","Ethereum / EVM","secp256k1 / ECDSA","NO","0","","","","","123655","2026-06-03T05:54:34.486Z"
"0xd85045b859f5135278ed6dc32b18f9c0d14ff175","Ethereum / EVM","secp256k1 / ECDSA","NO","0","","","","","3018","2026-06-03T05:54:34.486Z"
"0xd852b457d42daab243204300c4413edccd53f175","Ethereum / EVM","secp256k1 / ECDSA","NO","0","","","","","510","2026-06-03T05:54:34.486Z"
"0xd853e58f695f54998b2bcfb068efdeb951db430d","Ethereum / EVM","secp256k1 / ECDSA","NO","0","","","","Error: Scan timeout after 300s","758991","2026-06-03T06:09:03.886Z"
"0xd85b8746c2ed3c2de259e264f94231ad079fb0ba","Ethereum / EVM","secp256k1 / ECDSA","NO","0","","","","","49872","2026-06-03T06:09:03.886Z"
"0xd85f29d7070365a7129be7ded6af56cab12772b6","Ethereum / EVM","secp256k1 / ECDSA","NO","0","","","","","57315","2026-06-03T06:09:03.886Z"
"0xd86cadb414171d1155aa88076504763f7de32805","Ethereum / EVM","secp256k1 / ECDSA","NO","0","","","","","588","2026-06-03T06:19:52.338Z"
"0xd886e890c05bec13a3164891a6227e2f25f1f0e7","Ethereum / EVM","secp256k1 / ECDSA","NO","0","","","","Error: Scan timeout after 300s","414568","2026-06-03T06:19:52.338Z"
"0xd8a30dbb3b8b204b6d8bb800d0f2865d07dc904c","Ethereum / EVM","secp256k1 / ECDSA","NO","0","","","","","228466","2026-06-03T06:19:52.338Z"
"0xd8cf77c221d25269d58f49978bf82bdc6929de19","Ethereum / EVM","secp256k1 / ECDSA","NO","0","","","","","1608","2026-06-03T06:20:22.729Z"
"0xd8d5cd6ddd03f79fc0c2cdf5419fd18c8bf78bdd","Ethereum / EVM","secp256k1 / ECDSA","NO","0","","","","","22511","2026-06-03T06:20:22.729Z"
"0xd8f3edd4ba4f27fa074cea4482f9c654937d0bad","Ethereum / EVM","secp256k1 / ECDSA","NO","0","","","","","465","2026-06-03T06:20:22.729Z"
"0xd8fb12540e7d5e3a54b200162429286bc7730bad","Ethereum / EVM","secp256k1 / ECDSA","NO","0","","","","","262758","2026-06-03T06:24:55.501Z"
"0xd8fb400b840e0171a5bc917e8bddebe1617c0bad","Ethereum / EVM","secp256k1 / ECDSA","NO","0","","","","","1320","2026-06-03T06:24:55.501Z"
"0xd8fb513a00fee955b242abf84fa59eaae5d30bad","Ethereum / EVM","secp256k1 / ECDSA","NO","0","","","","","1227","2026-06-03T06:24:55.501Z"
"0xd9352406010a4016fe0cd5194457a340b258af1a","Ethereum / EVM","secp256k1 / ECDSA","NO","0","","","","","229","2026-06-03T06:25:10.301Z"
"0xd943d0f3ee39aa5b00e5ef9daa5f6a50df8e8469","Ethereum / EVM","secp256k1 / ECDSA","NO","0","","","","","475","2026-06-03T06:25:10.301Z"
"0xd94e33b13248804e7a93ee945e7fb0531d4681a1","Ethereum / EVM","secp256k1 / ECDSA","NO","0","","","","","11470","2026-06-03T06:25:10.301Z"
"0xd95074a56e4d32ef34a2c21371922c6bc6d912f8","Ethereum / EVM","secp256k1 / ECDSA","NO","0","","","","","3782","2026-06-03T06:25:32.796Z"
"0xd958ce07d7f385b32d0d93bca785c9acee2e4979","Ethereum / EVM","secp256k1 / ECDSA","NO","0","","","","","3743","2026-06-03T06:25:32.796Z"
"0xd9960cce83260625723b4eab7f4bcb4b180af1f9","Ethereum / EVM","secp256k1 / ECDSA","NO","0","","","","","10416","2026-06-03T06:25:32.796Z"
"0xd99d8b70ffb4624e72516dd2218b5185abb0555e","Ethereum / EVM","secp256k1 / ECDSA","NO","0","","","","","7782","2026-06-03T06:26:02.872Z"
"0xd99dac07f3b4be7373fa0acce3b610ed52a9355e","Ethereum / EVM","secp256k1 / ECDSA","NO","0","","","","","1365","2026-06-03T06:26:02.872Z"
"0xd99deb80f7dbaab1878baeb6494f5fc11bc5661c","Ethereum / EVM","secp256k1 / ECDSA","NO","0","","","","","14484","2026-06-03T06:26:02.872Z"
"0xd9a442856c234a39a81a089c06451ebaa4306a72","Ethereum / EVM","secp256k1 / ECDSA","NO","0","","","","","1467","2026-06-03T06:26:16.478Z"
"0xd9b40f5bff3ebf32084d1ecf2ac5ad590914a0c2","Ethereum / EVM","secp256k1 / ECDSA","NO","0","","","","","1500","2026-06-03T06:26:16.478Z"
"0xd9b4585c48f9f9de9591af95c76b03510fb3a0c2","Ethereum / EVM","secp256k1 / ECDSA","NO","0","","","","","1477","2026-06-03T06:26:16.478Z"
"0xd9b4ba25eddea9f850cadc34b1c19995499da0c2","Ethereum / EVM","secp256k1 / ECDSA","NO","0","","","","","1416","2026-06-03T06:26:25.754Z"
"0xd9c0f1125182ee696110beee3e1426da7083727c","Ethereum / EVM","secp256k1 / ECDSA","NO","0","","","","","1462","2026-06-03T06:26:25.754Z"
"0xd9c242f6ca08fe45c58ca9e9a8558cfe7497e7c2","Ethereum / EVM","secp256k1 / ECDSA","NO","0","","","","","1431","2026-06-03T06:26:25.754Z"
"0xd9e91bdcb5138a5bf6dee1f33642dad5d0c46776","Ethereum / EVM","secp256k1 / ECDSA","NO","0","","","","","1352","2026-06-03T06:26:40.245Z"
"0xd9ec628ec54c2c493d8ac9adc4e8ae7d580cf42c","Ethereum / EVM","secp256k1 / ECDSA","NO","0","","","","","1302","2026-06-03T06:26:40.245Z"
"0xda08b8461b2f4c9b45341220982ae1ed4c002648","Ethereum / EVM","secp256k1 / ECDSA","NO","0","","","","","1296","2026-06-03T06:26:40.245Z"
"0xda225ad5d93bd96da9306d0f570ae0ed1013e7fc","Ethereum / EVM","secp256k1 / ECDSA","NO","0","","","","","1291","2026-06-03T06:26:48.299Z"
"0xda31f8675b9418f04a1113015c852482eee64740","Ethereum / EVM","secp256k1 / ECDSA","NO","0","","","","","1281","2026-06-03T06:26:48.299Z"
"0xda3c9507ea575e0285afaa83447ddb0f11f91fa9","Ethereum / EVM","secp256k1 / ECDSA","NO","0","","","","","1270","2026-06-03T06:26:48.299Z"
"0xd9d41d4f24e64b05cc7f7a80a2a79d87a07406e7","Ethereum / EVM","secp256k1 / ECDSA","NO","0","","","","","1269","2026-06-03T06:26:31.824Z"
"0xd9d745dc05503faf26643ccf83ef379df5692381","Ethereum / EVM","secp256k1 / ECDSA","NO","0","","","","","1284","2026-06-03T06:26:31.824Z"
"0xd9e1ce17f2641f24ae83637ab66a2cca9c378b9f","Ethereum / EVM","secp256k1 / ECDSA","NO","0","","","","","1277","2026-06-03T06:26:31.824Z"
"0xda407a246e1b8fedcf0c116f72c20ddd9d031ab3","Ethereum / EVM","secp256k1 / ECDSA","NO","0","","","","","1294","2026-06-03T06:26:56.690Z"
"0xda46ae30f37412cb002d793def450ad05f005245","Ethereum / EVM","secp256k1 / ECDSA","NO","0","","","","","1311","2026-06-03T06:26:56.690Z"
"0xda4fcd60433b04c9a6e270ff208150cfffd5c498","Ethereum / EVM","secp256k1 / ECDSA","NO","0","","","","","1321","2026-06-03T06:26:56.690Z"
"0xda537104d6a5edd53c6fbba9a898708e465260b6","Ethereum / EVM","secp256k1 / ECDSA","NO","0","","","","","1132","2026-06-03T06:27:29.077Z"
"0xda6e299c1f8c4deff53e791f36d646ada9c6d083","Ethereum / EVM","secp256k1 / ECDSA","NO","0","","","","","1107","2026-06-03T06:27:29.077Z"
"0xda6e3747477dab4c71c8927b612e4561d7b321e7","Ethereum / EVM","secp256k1 / ECDSA","NO","0","","","","","26076","2026-06-03T06:27:29.077Z"
"0xda7176d42d075e6e99f6c202a7f6d2c48065879e","Ethereum / EVM","secp256k1 / ECDSA","NO","0","","","","","145260","2026-06-03T06:34:49.934Z"
"0xda757fd62e43e8fe6b5c13c5d466dbf27e7ef36a","Ethereum / EVM","secp256k1 / ECDSA","NO","0","","","","","289043","2026-06-03T06:34:49.934Z"
"0xda7d9d9f814721f4b0a184859cef351b44c86952","Ethereum / EVM","secp256k1 / ECDSA","NO","0","","","","","189","2026-06-03T06:34:49.934Z"
"0xdaacc0b876f16c54aaa6f36c0f75818e677b54b0","Ethereum / EVM","secp256k1 / ECDSA","NO","0","","","","","48208","2026-06-03T06:35:46.434Z"
"0xdab0dc87768ab72d0f79aecb2fb15fd187e4e339","Ethereum / EVM","secp256k1 / ECDSA","NO","0","","","","","317","2026-06-03T06:35:46.434Z"
"0xdab529f40e671a1d4bf91361c21bf9f0c9712ab7","Ethereum / EVM","secp256k1 / ECDSA","NO","0","","","","","877","2026-06-03T06:35:46.434Z"
"0xdac17f958d2ee523a2206206994597c13d831ec7","Ethereum / EVM","secp256k1 / ECDSA","NO","0","","","","","573","2026-06-03T06:35:55.860Z"
"0xdac676f7e34179f4ff38a63d2f4fd66d8b82a712","Ethereum / EVM","secp256k1 / ECDSA","NO","0","","","","","479","2026-06-03T06:35:55.860Z"
"0xDcA900Cf72D3233a5ECb7eE29615cFb0DC68c9c4","Ethereum / EVM","secp256k1 / ECDSA","NO","0","","","","","1004","2026-06-03T08:17:38.463Z"
"0xdcb67ad2ca01ea811523da0a1115bbf43af659db","Ethereum / EVM","secp256k1 / ECDSA","NO","0","","","","","4416","2026-06-03T08:17:38.463Z"
"0xdaca3e9af1f01849e5a7bdb6b6a85ac834f6880a","Ethereum / EVM","secp256k1 / ECDSA","NO","0","","","","","2145","2026-06-03T06:35:55.860Z"
"0xdacaa3f1f9f9cfc211f987d8f7e9e53691a4880a","Ethereum / EVM","secp256k1 / ECDSA","NO","0","","","","","48516","2026-06-03T06:49:13.931Z"
"0xdadb0d80178819f2319190d340ce9a924f783711","Ethereum / EVM","secp256k1 / ECDSA","NO","0","","","","Error: Scan timeout after 300s","741656","2026-06-03T06:49:13.931Z"
"0xdb05be2a43ed77b61f9d079217ec52aeb9bfde6e","Ethereum / EVM","secp256k1 / ECDSA","NO","0","","","","","3006","2026-06-03T06:49:13.931Z"
"0xdb0d0b275bd265abc9d02ffc04a2e9ca0259d719","Ethereum / EVM","secp256k1 / ECDSA","NO","0","","","","","3405","2026-06-03T06:49:32.804Z"
"0xdb20e5cea596065bca88d14783e1cca868bbc2a4","Ethereum / EVM","secp256k1 / ECDSA","NO","0","","","","","2328","2026-06-03T06:49:32.804Z"
"0xdb380421bdc39f455bcbbb56f3c4899c66bccdbf","Ethereum / EVM","secp256k1 / ECDSA","NO","0","","","","","7305","2026-06-03T06:49:32.804Z"
"0xdb3d858dcc295be2309e69539b2de07b41d658f7","Ethereum / EVM","secp256k1 / ECDSA","NO","0","","","","Error: Scan timeout after 300s","711088","2026-06-03T07:40:34.536Z"
"0xdb3ded7731c781224ec292e2163d9554c094fd7c","Ethereum / EVM","secp256k1 / ECDSA","NO","0","","","","Error: Scan timeout after 300s","862356","2026-06-03T07:40:34.536Z"
"0xdb4317493cf0f155d5f645794047e4a84f6b95b0","Ethereum / EVM","secp256k1 / ECDSA","NO","0","","","","","3817","2026-06-03T07:40:34.536Z"
"0xdb4f4dfe49dce46116461d3e9cf59690d8d2daea","Ethereum / EVM","secp256k1 / ECDSA","NO","0","","","","","29925","2026-06-03T07:41:19.968Z"
"0xdb51834404ba4910446eb7dec7e3286d665ecc38","Ethereum / EVM","secp256k1 / ECDSA","NO","0","","","","","2453","2026-06-03T07:41:19.968Z"
"0xdb589c71fd6b3f26e4806d787310c272485eda56","Ethereum / EVM","secp256k1 / ECDSA","NO","0","","","","","8818","2026-06-03T07:41:19.968Z"
"0xdb6ce79674976e98c7cbf43ca1c2b519820dbec4","Ethereum / EVM","secp256k1 / ECDSA","NO","0","","","","","10150","2026-06-03T07:41:42.915Z"
"0xdb6f1920a889355780af7570773609bd8cb1f498","Ethereum / EVM","secp256k1 / ECDSA","NO","0","","","","","1029","2026-06-03T07:41:42.915Z"
"0xdb7412962e16426d09c0ca7df8aeb5f7e7f7a945","Ethereum / EVM","secp256k1 / ECDSA","NO","0","","","","","4390","2026-06-03T07:41:42.915Z"
"0xdb861e302ef7b7578a448e951aede06302936c28","Ethereum / EVM","secp256k1 / ECDSA","NO","0","","","","Error: Scan timeout after 300s","831044","2026-06-03T07:55:37.247Z"
"0xdca4ccdd17df17b9a9df58af490d7684f4298eb8","Ethereum / EVM","secp256k1 / ECDSA","NO","0","","","","","1509","2026-06-03T08:12:56.660Z"
"0xdce5a5ee0985bc24248b61176c18b75a0b754371","Ethereum / EVM","secp256k1 / ECDSA","NO","0","","","","","269666","2026-06-03T08:17:38.463Z"
"0xdba58972ca34a8d4e7d545b486094fe5be56c009","Ethereum / EVM","secp256k1 / ECDSA","NO","0","","","","","2046","2026-06-03T07:55:37.247Z"
"0xdbaeb7f0dfe3a0aafd798ccecb5b22e708f7852c","Ethereum / EVM","secp256k1 / ECDSA","NO","0","","","","","197","2026-06-03T07:55:37.247Z"
"0xdbd2c49a6dbf31e9d14ed61188648ab6b515bed4","Ethereum / EVM","secp256k1 / ECDSA","NO","0","","","","","28562","2026-06-03T07:56:14.551Z"
"0xdbeb58d42ec69b5932ce6989d97bab4ac9ffcc77","Ethereum / EVM","secp256k1 / ECDSA","NO","0","","","","","2716","2026-06-03T07:56:14.551Z"
"0xdbfbc555455db5a463367cacebec66cedf933886","Ethereum / EVM","secp256k1 / ECDSA","NO","0","","","","","204","2026-06-03T07:56:14.551Z"
"0xdbffffebc1bfe0a068b7ab922e5f8bfa5a57ece3","Ethereum / EVM","secp256k1 / ECDSA","NO","0","","","","","6891","2026-06-03T07:57:35.447Z"
"0xdc0852fd537f133537c74176558e1175a7eba025","Ethereum / EVM","secp256k1 / ECDSA","NO","0","","","","","41050","2026-06-03T07:57:35.447Z"
"0xdc18213fe178440cf526bc5a0392da1632883c1b","Ethereum / EVM","secp256k1 / ECDSA","NO","0","","","","","22936","2026-06-03T07:57:35.447Z"
"0xdc3225121417d18ff77c1c43dfc9c7f9304acfa1","Ethereum / EVM","secp256k1 / ECDSA","NO","0","","","","","1184","2026-06-03T07:57:45.544Z"
"0xdc3627ade0b9eedc26bf385f9bd61c533d69b977","Ethereum / EVM","secp256k1 / ECDSA","NO","0","","","","","1155","2026-06-03T07:57:45.544Z"
"0xdc4858741e738bb304fc5b290e7b9453da6a5baa","Ethereum / EVM","secp256k1 / ECDSA","NO","0","","","","","1153","2026-06-03T07:57:45.544Z"
"0xdc5479ed9ab87794d7579d4fc4fec4a8f746c14f","Ethereum / EVM","secp256k1 / ECDSA","NO","0","","","","","1141","2026-06-03T07:57:53.580Z"
"0xdc5a4f0d94c16cb7978cd24db974c0013d0b69a8","Ethereum / EVM","secp256k1 / ECDSA","NO","0","","","","","1141","2026-06-03T07:57:53.580Z"
"0xdc69f74a7fba8e4b1f3d664b4b3a2041b7cd4371","Ethereum / EVM","secp256k1 / ECDSA","NO","0","","","","","1151","2026-06-03T07:57:53.580Z"
"0xdc71366effa760804dcfc3edf87fa2a6f1623304","Ethereum / EVM","secp256k1 / ECDSA","NO","0","","","","","1495","2026-06-03T07:58:26.644Z"
"0xdc71fc1b65f7e46e58bc1940b901dfc1cf5b8256","Ethereum / EVM","secp256k1 / ECDSA","NO","0","","","","","982","2026-06-03T07:58:26.644Z"
"0xdc76cd25977e0a5ae17155770273ad58648900d3","Ethereum / EVM","secp256k1 / ECDSA","NO","0","","","","","24947","2026-06-03T07:58:26.644Z"
"0xdc77b2c59db1b02f988e8e08a60fbe9139447cc3","Ethereum / EVM","secp256k1 / ECDSA","NO","0","","","","","78426","2026-06-03T08:12:56.660Z"
"0xdd104b2be72cd8a6cb7c3a7017d9c86bc63d74a4","Ethereum / EVM","secp256k1 / ECDSA","NO","0","","","","","376","2026-06-03T08:23:52.314Z"
"0xdd390737a8b38a055e0acf63a2aadef259b71ab4","Ethereum / EVM","secp256k1 / ECDSA","NO","0","","","","","129239","2026-06-03T08:26:19.875Z"
"0xdd4238459940be3083d7773355f2135a9ea5f0c1","Ethereum / EVM","secp256k1 / ECDSA","NO","0","","","","","5090","2026-06-03T08:26:19.875Z"
"0xdd480268731ba8fe2ee5da3920f7ee52ca28e357","Ethereum / EVM","secp256k1 / ECDSA","NO","0","","","","","6938","2026-06-03T08:26:19.875Z"
"0xdd491236335183a28b77442e872fe8339e2ecae0","Ethereum / EVM","secp256k1 / ECDSA","NO","0","","","","","1837","2026-06-03T08:26:30.947Z"
"0xdd50794a338212439310a6ef8c1f8de0b970d04c","Ethereum / EVM","secp256k1 / ECDSA","NO","0","","","","","2396","2026-06-03T08:26:30.947Z"
"0xdd7e6530a6ca453dbfcbd401cc8fa1d910e3455d","Ethereum / EVM","secp256k1 / ECDSA","NO","0","","","","","4606","2026-06-03T08:26:30.947Z"
"0xdda76ace8dda4832bb31efbc537f11bff73acc25","Ethereum / EVM","secp256k1 / ECDSA","NO","0","","","","","5320","2026-06-03T08:27:08.289Z"
"0xddbb646b381037b528a64752153966acba472bfd","Ethereum / EVM","secp256k1 / ECDSA","NO","0","","","","","10494","2026-06-03T08:27:08.289Z"
"0xddc7a8983cda97efebe57d64b80aa22801e6de52","Ethereum / EVM","secp256k1 / ECDSA","NO","0","","","","","13382","2026-06-03T08:27:08.289Z"
"0xddddf49ee6ff02b6236e0f24335c432f331da021","Ethereum / EVM","secp256k1 / ECDSA","NO","0","","","","","1068","2026-06-03T08:27:18.155Z"
"0xdde85ea454706142384008d3405184a4ac9d8c1d","Ethereum / EVM","secp256k1 / ECDSA","NO","0","","","","","1077","2026-06-03T08:27:18.155Z"
"0xddef3c70389e3a13f586d9235183cffce21b71f8","Ethereum / EVM","secp256k1 / ECDSA","NO","0","","","","","1074","2026-06-03T08:27:18.155Z"
"0xddf1e8eb10b75ed12efab9fcb1e877add1be8d3d","Ethereum / EVM","secp256k1 / ECDSA","NO","0","","","","","1069","2026-06-03T08:27:25.958Z"
"0xde02798db0845d8c41324506f16c4200766e8b4b","Ethereum / EVM","secp256k1 / ECDSA","NO","0","","","","","1079","2026-06-03T08:27:25.958Z"
"0xdfe725ed036b79f1c8001217263920ff60345296","Ethereum / EVM","secp256k1 / ECDSA","NO","0","","","","","8068","2026-06-03T09:34:22.178Z"
"0xde0b295669a9fd93d5f28d9ec85e40f4cb697bae","Ethereum / EVM","secp256k1 / ECDSA","NO","0","","","","","1106","2026-06-03T08:27:25.958Z"
"0xde122ef50b7bef687a85a5c012f2ec3390ca1a53","Ethereum / EVM","secp256k1 / ECDSA","NO","0","","","","","2189","2026-06-03T08:28:20.774Z"
"0xde1536619d96d39f7cfa46804c11e3d1e62cc5ae","Ethereum / EVM","secp256k1 / ECDSA","NO","0","","","","","47286","2026-06-03T08:28:20.774Z"
"0xde159632f5eff3fdb0a6ab71685f263db614bb96","Ethereum / EVM","secp256k1 / ECDSA","NO","0","","","","","465","2026-06-03T08:28:20.774Z"
"0xde21f729137c5af1b01d73af1dc21effa2b8a0d6","Ethereum / EVM","secp256k1 / ECDSA","NO","0","","","","","510","2026-06-03T08:31:03.188Z"
"0xde2374bdff012a6b5dfb7d6a92404e5ee58a21d2","Ethereum / EVM","secp256k1 / ECDSA","NO","0","","","","","47045","2026-06-03T08:31:03.188Z"
"0xde2e6bf282b076eb6e3a54eed6ff317522fb09f0","Ethereum / EVM","secp256k1 / ECDSA","NO","0","","","","","108322","2026-06-03T08:31:03.188Z"
"0xde434354946f2627d9a99c3dc86b76ba9cf0445a","Ethereum / EVM","secp256k1 / ECDSA","NO","0","","","","","5085","2026-06-03T08:31:14.676Z"
"0xde639aa24e204b000affc0a39350103e46ea1141","Ethereum / EVM","secp256k1 / ECDSA","NO","0","","","","","466","2026-06-03T08:31:14.676Z"
"0xde68ad8502874a7d5dd1758f7b0a7831f142b78a","Ethereum / EVM","secp256k1 / ECDSA","NO","0","","","","","1285","2026-06-03T08:31:14.676Z"
"0xde74f4efdeec194c3f7b26be736bc8b5266ff7a5","Ethereum / EVM","secp256k1 / ECDSA","NO","0","","","","","320","2026-06-03T08:31:21.745Z"
"0xde84afec01d29678de7cf55f885d2b48047230e7","Ethereum / EVM","secp256k1 / ECDSA","NO","0","","","","","4523","2026-06-03T08:31:21.745Z"
"0xde9435b3c6811338d2c8dda4dad67a97264794dd","Ethereum / EVM","secp256k1 / ECDSA","NO","0","","","","","963","2026-06-03T08:31:21.745Z"
"0xde96da5862e3b3aad0253394837387a919518728","Ethereum / EVM","secp256k1 / ECDSA","NO","0","","","","","7218","2026-06-03T08:31:40.332Z"
"0xdea0c7b8a262657df3eef676bbf81acd4cb578df","Ethereum / EVM","secp256k1 / ECDSA","NO","0","","","","","7972","2026-06-03T08:31:40.332Z"
"0xdebd7e197b2c1f467e506215af205a8f8abf0ea0","Ethereum / EVM","secp256k1 / ECDSA","NO","0","","","","","1041","2026-06-03T08:31:40.332Z"
"0xdec815281519f6cb080090317e0ba3e446fafe43","Ethereum / EVM","secp256k1 / ECDSA","NO","0","","","","","1076","2026-06-03T08:31:51.712Z"
"0xdecf04ca46d287b3cb99692ad512e568ba276140","Ethereum / EVM","secp256k1 / ECDSA","NO","0","","","","","1043","2026-06-03T08:31:51.712Z"
"0xded311ec262e57420a30a0ec47f6014916a06754","Ethereum / EVM","secp256k1 / ECDSA","NO","0","","","","","1033","2026-06-03T08:31:51.712Z"
"0xdef171fe48cf0115b1d80b88dc8eab59176fee57","Ethereum / EVM","secp256k1 / ECDSA","NO","0","","","","","1071","2026-06-03T08:32:00.869Z"
"0xdef1c0ded9bec7f1a1670819833240f027b25eff","Ethereum / EVM","secp256k1 / ECDSA","NO","0","","","","","1060","2026-06-03T08:32:00.869Z"
"0xdef30369d62d4f4375404770767beac9531add41","Ethereum / EVM","secp256k1 / ECDSA","NO","0","","","","","1052","2026-06-03T08:32:00.869Z"
"0xdf00e205e5122543222f91461860bd8b554eb74b","Ethereum / EVM","secp256k1 / ECDSA","NO","0","","","","","1036","2026-06-03T08:32:07.862Z"
"0xdf00f3ec16815d9c147d1a40a70e20a227b9b74b","Ethereum / EVM","secp256k1 / ECDSA","NO","0","","","","","1035","2026-06-03T08:32:07.862Z"
"0xdf1e86824e385147fec1ef95a37211c0a26e0556","Ethereum / EVM","secp256k1 / ECDSA","NO","0","","","","","1037","2026-06-03T08:32:07.862Z"
"0xdf1ef3fdafe1deb1b2017128be99d2006a8ed765","Ethereum / EVM","secp256k1 / ECDSA","NO","0","","","","","1033","2026-06-03T08:32:15.880Z"
"0xdf2140dee6b07ae495382bc1cd446f7b328f63e3","Ethereum / EVM","secp256k1 / ECDSA","NO","0","","","","","1036","2026-06-03T08:32:15.880Z"
"0xdf2783951e8493d32c230f842174f34f7e3f3494","Ethereum / EVM","secp256k1 / ECDSA","NO","0","","","","","1033","2026-06-03T08:32:15.880Z"
"0xdf4817d7d16385f28e587c3cd0a0fe62834359b4","Ethereum / EVM","secp256k1 / ECDSA","NO","0","","","","","1038","2026-06-03T08:32:24.031Z"
"0xdf4d4047f8b644200d38b767834cad64d9a80e3e","Ethereum / EVM","secp256k1 / ECDSA","NO","0","","","","","1107","2026-06-03T08:32:24.031Z"
"0xdf62a98b57fad5c9d9e8c2a5d196cbdd6a1f47a5","Ethereum / EVM","secp256k1 / ECDSA","NO","0","","","","","1055","2026-06-03T08:32:24.031Z"
"0xdf96cf18cdda6ed2db9f6d9a1f2da6a430853c38","Ethereum / EVM","secp256k1 / ECDSA","NO","0","","","","","10375","2026-06-03T08:35:58.746Z"
"0xdf9d708bd3eb7219af58be277cbf03fda74a1d33","Ethereum / EVM","secp256k1 / ECDSA","NO","0","","","","","1091","2026-06-03T08:35:58.746Z"
"0xdfa59290c5e2b62568967ce8b6109551c19b6382","Ethereum / EVM","secp256k1 / ECDSA","NO","0","","","","","198464","2026-06-03T08:35:58.746Z"
"0xdfaa75323fb721e5f29d43859390f62cc4b600b8","Ethereum / EVM","secp256k1 / ECDSA","NO","0","","","","Error: Scan timeout after 300s","789136","2026-06-03T09:05:08.884Z"
"0xdfb321988b6a7e0c7f427d3b237591212d8b1005","Ethereum / EVM","secp256k1 / ECDSA","NO","0","","","","Error: Scan timeout after 300s","859612","2026-06-03T09:05:08.884Z"
"0xdfb89f7b854b79fdac99ddeb55921349ca649def","Ethereum / EVM","secp256k1 / ECDSA","NO","0","","","","","94545","2026-06-03T09:05:08.884Z"
"0xdfcf744c8ae896e8631ba9b9dc717546646f6708","Ethereum / EVM","secp256k1 / ECDSA","NO","0","","","","","414","2026-06-03T09:31:46.291Z"
"0xdfd5293d8e347dfe59e90efd55b2956a1343963d","Ethereum / EVM","secp256k1 / ECDSA","NO","0","","","","Error: Scan timeout after 300s","936213","2026-06-03T09:31:46.291Z"
"0xdfd6e68320a0e629f7257bf627d99f78d8026744","Ethereum / EVM","secp256k1 / ECDSA","NO","0","","","","","1980","2026-06-03T09:31:46.291Z"
"0xe0075cb3a1a45c3061cd636f9f69cb7c223823c9","Ethereum / EVM","secp256k1 / ECDSA","NO","0","","","","","1017","2026-06-03T09:35:34.492Z"
"0xe00c629afaccb0510995a2b95560e446a24c85b9","Ethereum / EVM","secp256k1 / ECDSA","NO","0","","","","","1255","2026-06-03T09:54:03.913Z"
"0xe020008465cd72301a18b97d33d73bf44858a4b7","Ethereum / EVM","secp256k1 / ECDSA","NO","0","","","","","1024","2026-06-03T09:54:03.913Z"
"0xe02cff66139fdbf60a7e05f7ce82ca657540ad6f","Ethereum / EVM","secp256k1 / ECDSA","NO","0","","","","Error: Scan timeout after 300s","1102310","2026-06-03T09:54:03.913Z"
"0xe03464ceaa7a09ef7205807ca4dbfcad6194d3fe","Ethereum / EVM","secp256k1 / ECDSA","NO","0","","","","","6064","2026-06-03T09:54:48.050Z"
"0xe035107dcd9dcd33c73e1025d68a0eacdc9a3136","Ethereum / EVM","secp256k1 / ECDSA","NO","0","","","","","26318","2026-06-03T09:54:48.050Z"
"0xe03a6f04511126ad17d90e3ffbc169aa00b23610","Ethereum / EVM","secp256k1 / ECDSA","NO","0","","","","","3556","2026-06-03T09:54:48.050Z"
"0xe04736c4ebb6873d7588926c9e1621625119aaf6","Ethereum / EVM","secp256k1 / ECDSA","NO","0","","","","","4071","2026-06-03T09:55:13.077Z"
"0xe049f7b0835af02d1186846648624aef4283aaf6","Ethereum / EVM","secp256k1 / ECDSA","NO","0","","","","","4229","2026-06-03T09:55:13.077Z"
"0xe0578d897e85176f68759194136b1fbdfb876357","Ethereum / EVM","secp256k1 / ECDSA","NO","0","","","","","14008","2026-06-03T09:55:13.077Z"
"0xe05866d406c303651fc99afaa620b23ba612163c","Ethereum / EVM","secp256k1 / ECDSA","NO","0","","","","","1122","2026-06-03T09:55:17.524Z"
"0xe05b6e544ac84b6e084a40512e2be2cbd9f40c7a","Ethereum / EVM","secp256k1 / ECDSA","NO","0","","","","","1106","2026-06-03T09:55:17.524Z"
"0xe06c1ef9c59ee971327f8bf544135bc943d0778c","Ethereum / EVM","secp256k1 / ECDSA","NO","0","","","","","1110","2026-06-03T09:55:17.524Z"
"0xe075045d1bb4f1ef3e2633ad97b9ede179cab982","Ethereum / EVM","secp256k1 / ECDSA","NO","0","","","","","1094","2026-06-03T09:55:25.330Z"
"0xe0759835dfa8b34c65cdf821081053559df8b982","Ethereum / EVM","secp256k1 / ECDSA","NO","0","","","","","1116","2026-06-03T09:55:25.330Z"
"0xe07598a02912906b89e2e1dac490ee859df8b982","Ethereum / EVM","secp256k1 / ECDSA","NO","0","","","","","1189","2026-06-03T09:55:25.330Z"
"0xe07a81c74ff75ea5968d462a967da33135f69438","Ethereum / EVM","secp256k1 / ECDSA","NO","0","","","","","1123","2026-06-03T09:55:33.328Z"
"0xe09a9e47bb7a62cbf86b24c3e8b0ef91b7a0680f","Ethereum / EVM","secp256k1 / ECDSA","NO","0","","","","","1101","2026-06-03T09:55:33.328Z"
"0xe09d663faad83ac731aa90a9446a3eddbbadb2dd","Ethereum / EVM","secp256k1 / ECDSA","NO","0","","","","","1106","2026-06-03T09:55:33.328Z"
"0xe0ad8887cd157a3ea01dd84a1e5bde2257de056e","Ethereum / EVM","secp256k1 / ECDSA","NO","0","","","","","1099","2026-06-03T09:55:41.361Z"
"0xe0af49f779fc2aa1aa66a2a97190641abdab305c","Ethereum / EVM","secp256k1 / ECDSA","NO","0","","","","","831","2026-06-03T09:55:41.361Z"
"0xe0b6fa59242b6eec5d64ed4d662ca37d6d908911","Ethereum / EVM","secp256k1 / ECDSA","NO","0","","","","","1119","2026-06-03T09:55:41.361Z"
"0xe0b8250f79481792d7498077c0a2c04adc48ee42","Ethereum / EVM","secp256k1 / ECDSA","NO","0","","","","","17591","2026-06-03T09:56:06.179Z"
"0xe0bb449bb115dbc335aa1ed348b30fffa666c37a","Ethereum / EVM","secp256k1 / ECDSA","NO","0","","","","","1095","2026-06-03T09:56:06.179Z"
"0xe0bb9b14eb8ca218587a1fd974435c5e0f71f42e","Ethereum / EVM","secp256k1 / ECDSA","NO","0","","","","","1116","2026-06-03T09:56:06.179Z"
"0xe0d93cf9822e44db1ba06aaea85820d25ce87d1d","Ethereum / EVM","secp256k1 / ECDSA","NO","0","","","","","15219","2026-06-03T10:04:51.484Z"
"0xe0fe27d96ddaaeb17218a211a49157c9c866112d","Ethereum / EVM","secp256k1 / ECDSA","NO","0","","","","","65718","2026-06-03T10:04:51.484Z"
"0xe109dc13eed85411de8638dcb7f0bbfd7082534e","Ethereum / EVM","secp256k1 / ECDSA","NO","0","","","","Error: Scan timeout after 300s","439194","2026-06-03T10:04:51.484Z"
"0xe10b5e04e6c0f9a1e50b5d06318b1e86d39bd827","Ethereum / EVM","secp256k1 / ECDSA","NO","0","","","","Error: Scan timeout after 300s","1060290","2026-06-03T10:22:52.830Z"
"0xe10c1c23d1ca5338810aeeee847f8f8ee9250100","Ethereum / EVM","secp256k1 / ECDSA","NO","0","","","","","9773","2026-06-03T10:22:52.830Z"
"0xe1139f24747e4aa65c54b41552c5de6d29756822","Ethereum / EVM","secp256k1 / ECDSA","NO","0","","","","","3562","2026-06-03T10:22:52.830Z"
"0xe11eb181b936b47e37b8e5bd2e65c79bd71ce86f","Ethereum / EVM","secp256k1 / ECDSA","NO","0","","","","Error: Scan timeout after 300s","906418","2026-06-03T10:38:05.546Z"
"0xe1231746cf735a7d0bd772d3912498fb210ab4f0","Ethereum / EVM","secp256k1 / ECDSA","NO","0","","","","","2276","2026-06-03T10:38:05.546Z"
"0xe12e0f117d23a5ccc57f8935cd8c4e80cd91ff01","Ethereum / EVM","secp256k1 / ECDSA","NO","0","","","","","342","2026-06-03T10:38:05.546Z"
"0xe14a22b2c397ed183f67c376e66ebc0abca9a607","Ethereum / EVM","secp256k1 / ECDSA","NO","0","","","","","472","2026-06-03T10:50:53.351Z"
"0xe14a46ddc6ffb793793637352ea10d37bae5a607","Ethereum / EVM","secp256k1 / ECDSA","NO","0","","","","Error: Scan timeout after 300s","625863","2026-06-03T10:50:53.351Z"
"0xe1501c58e795c3428c2d0fe2cfa27aac55f8d275","Ethereum / EVM","secp256k1 / ECDSA","NO","0","","","","","135365","2026-06-03T10:50:53.351Z"
"0xe152df71e6f7daaf89921804d4bb90910cf967c7","Ethereum / EVM","secp256k1 / ECDSA","NO","0","","","","","18684","2026-06-03T10:52:12.897Z"
"0xe15bd81d1fea748055c96a2d638d42a604e45bfa","Ethereum / EVM","secp256k1 / ECDSA","NO","0","","","","","26314","2026-06-03T10:52:12.897Z"
"0xe15f143cacccfd6658505e51d0502813d718d275","Ethereum / EVM","secp256k1 / ECDSA","NO","0","","","","","26857","2026-06-03T10:52:12.897Z"
"0xe1658017984cb4b7aea01e4000a00204bbd6ba4a","Ethereum / EVM","secp256k1 / ECDSA","NO","0","","","","","10516","2026-06-03T10:52:34.308Z"
"0xe18636a06f6bc885e4634d197d0a97c125b1581b","Ethereum / EVM","secp256k1 / ECDSA","NO","0","","","","","1180","2026-06-03T10:52:34.308Z"
"0xe18858e3e9fa5684eb5ab143b81af672fb4c2658","Ethereum / EVM","secp256k1 / ECDSA","NO","0","","","","","1203","2026-06-03T10:52:34.308Z"
"0xe198919a61f02182f00d4ff8c1b7b8c491402acc","Ethereum / EVM","secp256k1 / ECDSA","NO","0","","","","","1158","2026-06-03T10:52:39.716Z"
"0xe198e34ca1728cc61fef90374fa94221fcef0acc","Ethereum / EVM","secp256k1 / ECDSA","NO","0","","","","","685","2026-06-03T10:52:39.716Z"
"0xe198f06e05302121c9239a85a472eddc7a170acc","Ethereum / EVM","secp256k1 / ECDSA","NO","0","","","","","274","2026-06-03T10:52:39.716Z"
"0xe1bc1b3c88264d04228fcac479480beb91da13ed","Ethereum / EVM","secp256k1 / ECDSA","NO","0","","","","","555","2026-06-03T11:03:27.387Z"
"0xe1c69fac8923a0dc5d1086d5a5de0ac0f75a9a03","Ethereum / EVM","secp256k1 / ECDSA","NO","0","","","","Error: Scan timeout after 300s","635326","2026-06-03T11:03:27.387Z"
"0xe1cada47cdf45ccd708bd9f4be895ad38b84e874","Ethereum / EVM","secp256k1 / ECDSA","NO","0","","","","","6049","2026-06-03T11:03:27.387Z"
"0xe1cee36bb8b29ee61ba8ff22c205460e482169c8","Ethereum / EVM","secp256k1 / ECDSA","NO","0","","","","","6154","2026-06-03T11:03:47.704Z"
"0xe205e85068704ecf1c3c55b76bcb466ff0798526","Ethereum / EVM","secp256k1 / ECDSA","NO","0","","","","","5154","2026-06-03T11:03:47.704Z"
"0xe216a44e8701c7768d4f12ea2d57bed78053fdc9","Ethereum / EVM","secp256k1 / ECDSA","NO","0","","","","","6675","2026-06-03T11:03:47.704Z"
"0xe2382cc50eeeb18ad95c23ea6c0c8e6d35bf4bff","Ethereum / EVM","secp256k1 / ECDSA","NO","0","","","","","1036","2026-06-03T11:03:57.227Z"
"0xe24f91396928081ef7276a24b017a99dd29d2c06","Ethereum / EVM","secp256k1 / ECDSA","NO","0","","","","","1007","2026-06-03T11:03:57.227Z"
"0xe26ad9ea020284d0c71e44474e0a56eb7abf1fef","Ethereum / EVM","secp256k1 / ECDSA","NO","0","","","","","1023","2026-06-03T11:03:57.227Z"
"0xe26be9027ae7f4d7025f27fafb0f0c56fb237209","Ethereum / EVM","secp256k1 / ECDSA","NO","0","","","","","9333","2026-06-03T11:04:14.254Z"
"0xe28975d3b1d016a288e939305d068af511cb9678","Ethereum / EVM","secp256k1 / ECDSA","NO","0","","","","","1080","2026-06-03T11:04:14.254Z"
"0xe28b3b32b6c345a34ff64674606124dd5aceca30","Ethereum / EVM","secp256k1 / ECDSA","NO","0","","","","","1510","2026-06-03T11:04:14.254Z"
"0xe2940ec3d6cf42d79276ed91e6ae4b80e6df67db","Ethereum / EVM","secp256k1 / ECDSA","NO","0","","","","","9407","2026-06-03T11:04:54.699Z"
"0xe29637de3074b1a3a5e8e5166fa9a27c5df823ca","Ethereum / EVM","secp256k1 / ECDSA","NO","0","","","","","17150","2026-06-03T11:04:54.699Z"
"0xe2a1bd6c9f386df86230aa3a243c85d45ba30481","Ethereum / EVM","secp256k1 / ECDSA","NO","0","","","","","9836","2026-06-03T11:04:54.699Z"
"0xe2c05cfca9ab7e0a92f00c4a665c7bbffaf84b03","Ethereum / EVM","secp256k1 / ECDSA","NO","0","","","","","1180","2026-06-03T11:10:13.211Z"
"0xe2c70fa0bf188365a35440836f01367ca7802fe6","Ethereum / EVM","secp256k1 / ECDSA","NO","0","","","","Error: Scan timeout after 300s","305271","2026-06-03T11:10:13.211Z"
"0xe2c7295589671266f4afe814b5fccf4fc6af1fe6","Ethereum / EVM","secp256k1 / ECDSA","NO","0","","","","","5293","2026-06-03T11:10:13.211Z"
"0xe2cabb5d93246244d0d83ea1c8c0512935f84b03","Ethereum / EVM","secp256k1 / ECDSA","NO","0","","","","","10739","2026-06-03T11:10:35.981Z"
"0xe2d75accd5d1d237d843b5730594797cac4b891f","Ethereum / EVM","secp256k1 / ECDSA","NO","0","","","","","7845","2026-06-03T11:10:35.981Z"
"0xe2d83239393b985c708e96476626f663493a85ac","Ethereum / EVM","secp256k1 / ECDSA","NO","0","","","","","1171","2026-06-03T11:10:35.981Z"
"0xe2ee0807ba5082560009335764445fe3ae009e50","Ethereum / EVM","secp256k1 / ECDSA","NO","0","","","","","1160","2026-06-03T11:10:44.136Z"
"0xe2ef4d61e1a5c7f892a7e4735a5dcfbc1563ec2d","Ethereum / EVM","secp256k1 / ECDSA","NO","0","","","","","1156","2026-06-03T11:10:44.136Z"
"0xe3031c1bfaa7825813c562cbdcc69d96fcad2087","Ethereum / EVM","secp256k1 / ECDSA","NO","0","","","","","1164","2026-06-03T11:10:44.136Z"
"0xe31f2cfd558cea53c5dd9dd348b7729fa3dd208c","Ethereum / EVM","secp256k1 / ECDSA","NO","0","","","","","1173","2026-06-03T11:10:52.338Z"
"0xe3296069426332d049aa51604200a259873a00b2","Ethereum / EVM","secp256k1 / ECDSA","NO","0","","","","","1237","2026-06-03T11:10:52.338Z"
"0xe347887cce5c7ce587f330720add165916ee1964","Ethereum / EVM","secp256k1 / ECDSA","NO","0","","","","","1155","2026-06-03T11:10:52.338Z"
"0xe3478b0bb1a5084567c319096437924948be1964","Ethereum / EVM","secp256k1 / ECDSA","NO","0","","","","","1192","2026-06-03T11:11:00.557Z"
"0xe347d4400b8c979fef5ab884ab13fe3e42c11964","Ethereum / EVM","secp256k1 / ECDSA","NO","0","","","","","1187","2026-06-03T11:11:00.557Z"
"0xe38acbab0c07a0c65008d4f7273b581cf19abc58","Ethereum / EVM","secp256k1 / ECDSA","NO","0","","","","","1182","2026-06-03T11:11:00.557Z"
"0xe38f85d5c174d472282695eedb45195d98206c3d","Ethereum / EVM","secp256k1 / ECDSA","NO","0","","","","","1214","2026-06-03T11:11:08.741Z"
"0xe3a4cc5a1fac7fbc652acc0d0aaf78cb34c58b5f","Ethereum / EVM","secp256k1 / ECDSA","NO","0","","","","","1204","2026-06-03T11:11:08.741Z"
"0xe3b0ecabfbacc1e2f834450eb51fbd9cbfedc5bf","Ethereum / EVM","secp256k1 / ECDSA","NO","0","","","","","1192","2026-06-03T11:11:08.741Z"
"0xe3c44d4d25172ef2e0cdb9e09189a8ca4ed878f4","Ethereum / EVM","secp256k1 / ECDSA","NO","0","","","","","1195","2026-06-03T11:11:16.838Z"
"0xe3d23d720bf53be35c4daf85ff923d6eb5cffd78","Ethereum / EVM","secp256k1 / ECDSA","NO","0","","","","","1192","2026-06-03T11:11:16.838Z"
"0xe3d25f9bf98c261cfcf13b2ce53baec921f6fd78","Ethereum / EVM","secp256k1 / ECDSA","NO","0","","","","","1186","2026-06-03T11:11:16.838Z"
"0xe3d4f164a6a50961e9321df2584af26bacaefd78","Ethereum / EVM","secp256k1 / ECDSA","NO","0","","","","","1178","2026-06-03T11:11:24.916Z"
"0xe3d516839796fee244aa38681b8062b925e4cf4b","Ethereum / EVM","secp256k1 / ECDSA","NO","0","","","","","1152","2026-06-03T11:11:24.916Z"
"0xe3d6f5c72aa8389946257795adb10e2c063efd78","Ethereum / EVM","secp256k1 / ECDSA","NO","0","","","","","1169","2026-06-03T11:11:24.916Z"
"0xe3dd61da91c6b65006c9e8c3b814f8f2555f6ab4","Ethereum / EVM","secp256k1 / ECDSA","NO","0","","","","","1171","2026-06-03T11:11:33.088Z"
"0xe3e0130a1ca911bad3af97ac933d65392a319166","Ethereum / EVM","secp256k1 / ECDSA","NO","0","","","","","1178","2026-06-03T11:11:33.088Z"
"0xe401a6a38024d8f5ab88f1b08cad476ccaca45e8","Ethereum / EVM","secp256k1 / ECDSA","NO","0","","","","","1142","2026-06-03T11:11:33.088Z"
"0xe41c0164bb214cfafc73d13dac255194e2fa2ff0","Ethereum / EVM","secp256k1 / ECDSA","NO","0","","","","","1187","2026-06-03T11:11:41.235Z"
"0xe4325ea5092ee464151df4f92a961b763c1f9ca4","Ethereum / EVM","secp256k1 / ECDSA","NO","0","","","","","1187","2026-06-03T11:11:41.235Z"
"0xE4388Fd9734AD2228cBFaf4fbcb2aB1795cF3748","Ethereum / EVM","secp256k1 / ECDSA","NO","0","","","","TypeError: bad address checksum (argument=""address"", value=""0xE4388Fd9734AD2228cBFaf4fbcb2aB1795cF3748"", code=INVALID_ARGUMENT, version=6.16.0)","0","2026-06-03T11:11:41.235Z"
"0xe43bdd8261c1dc896b8e7e95d47302c5981972db","Ethereum / EVM","secp256k1 / ECDSA","NO","0","","","","","8283","2026-06-03T11:12:10.440Z"
"0xe44e79b4ad801183b2a01dbe32c846edc25633d0","Ethereum / EVM","secp256k1 / ECDSA","NO","0","","","","","1212","2026-06-03T11:12:10.440Z"
"0xe46203ca942c4ba1a9249b6b9b27a79761819606","Ethereum / EVM","secp256k1 / ECDSA","NO","0","","","","","14216","2026-06-03T11:12:10.440Z"
"0xe46c21b652941955041a86aba966589c653a658d","Ethereum / EVM","secp256k1 / ECDSA","NO","0","","","","","93351","2026-06-03T11:13:54.402Z"
"0xe46e02b320f5964e110b35bf39a6773af49243dc","Ethereum / EVM","secp256k1 / ECDSA","NO","0","","","","","1210","2026-06-03T11:13:54.402Z"
"0xe4763e5a6a337234cb092502596ec4c9682eaac1","Ethereum / EVM","secp256k1 / ECDSA","NO","0","","","","","1528","2026-06-03T11:13:54.402Z"
"0xe4767165af335f500a8094b04f7e8d79682eaac1","Ethereum / EVM","secp256k1 / ECDSA","NO","0","","","","","279","2026-06-03T11:13:56.792Z"
"0xe4769865d73ecc15a8e3d7d4e4c5b449682eaac1","Ethereum / EVM","secp256k1 / ECDSA","NO","0","","","","","697","2026-06-03T11:13:56.792Z"
"0xe476c88591c97bfde78e0359099f0d69682eaac1","Ethereum / EVM","secp256k1 / ECDSA","NO","0","","","","","279","2026-06-03T11:13:56.792Z"
"0xe476cf75b4d19d93cdb9b8bf99142c49682eaac1","Ethereum / EVM","secp256k1 / ECDSA","NO","0","","","","","457","2026-06-03T11:14:07.079Z"
"0xe476dc59b21e60b11dabe51937a27579682eaac1","Ethereum / EVM","secp256k1 / ECDSA","NO","0","","","","","448","2026-06-03T11:14:07.079Z"
"0xe4c0e8851d29df8d25249e2fb7c79bbd3bb7f83a","Ethereum / EVM","secp256k1 / ECDSA","NO","0","","","","","2611","2026-06-03T11:14:07.079Z"
"0xe4ce10fe50742be714d8e78a385345622eebce00","Ethereum / EVM","secp256k1 / ECDSA","NO","0","","","","","3314","2026-06-03T11:30:03.363Z"
"0xe4edb277e41dc89ab076a1f049f4a3efa700bce8","Ethereum / EVM","secp256k1 / ECDSA","NO","0","","","","Error: Scan timeout after 300s","946745","2026-06-03T11:30:03.363Z"
"0xe4fce569f202edbdfc674d29d520295ee08da8b3","Ethereum / EVM","secp256k1 / ECDSA","NO","0","","","","","1687","2026-06-03T11:30:03.363Z"
"0xe4fcf0a43e4c2e2956dd958b81a8614b0914d550","Ethereum / EVM","secp256k1 / ECDSA","NO","0","","","","","48434","2026-06-03T11:32:53.684Z"
"0xe5057e27dc54380e416eb4f1140541994018a473","Ethereum / EVM","secp256k1 / ECDSA","NO","0","","","","","114824","2026-06-03T11:32:53.684Z"
"0xe50fa9b3c56ffb159cb0fca61f5c9d750e8128c8","Ethereum / EVM","secp256k1 / ECDSA","NO","0","","","","","678","2026-06-03T11:32:53.684Z"
"0xe51918a0b3aef660497a4ca54b0d7eed3e4bf920","Ethereum / EVM","secp256k1 / ECDSA","NO","0","","","","","72054","2026-06-03T11:34:17.254Z"
"0xe52a540ec23f6a89dd2cbe584293863d403960ea","Ethereum / EVM","secp256k1 / ECDSA","NO","0","","","","","5094","2026-06-03T11:34:17.254Z"
"0xe52d0337904d4d0519ef7487e707268e1db6495f","Ethereum / EVM","secp256k1 / ECDSA","NO","0","","","","","502","2026-06-03T11:34:17.254Z"
"0xe5734bb07aaeb1b61c90e6756e94a087816c11d4","Ethereum / EVM","secp256k1 / ECDSA","NO","0","","","","","23190","2026-06-03T11:34:50.323Z"
"0xe5766e3a2fb09931440a2c4700bd52ba277bf642","Ethereum / EVM","secp256k1 / ECDSA","NO","0","","","","","1018","2026-06-03T11:34:50.323Z"
"0xe58457a02350d92c4dd3bec8f1ac5462fcce23e1","Ethereum / EVM","secp256k1 / ECDSA","NO","0","","","","","1023","2026-06-03T11:34:50.323Z"
"0xe592427a0aece92de3edee1f18e0157c05861564","Ethereum / EVM","secp256k1 / ECDSA","NO","0","","","","","1235","2026-06-03T11:35:05.764Z"
"0xe5a45ea66886f420ea231fb5fc5bbb6468640180","Ethereum / EVM","secp256k1 / ECDSA","NO","0","","","","","6031","2026-06-03T11:35:05.764Z"
"0xe5c2b7a9973a0dcdaa6a61ee37aab1f6c9c9081c","Ethereum / EVM","secp256k1 / ECDSA","NO","0","","","","","1165","2026-06-03T11:35:05.764Z"
"0xe5dfe769cc7e2552605967bbc88ec92a84cd8ab8","Ethereum / EVM","secp256k1 / ECDSA","NO","0","","","","","1196","2026-06-03T11:35:17.087Z"
"0xe5e7f3ddfedd19504fa8b95df277bab27ace31e0","Ethereum / EVM","secp256k1 / ECDSA","NO","0","","","","","1176","2026-06-03T11:35:17.087Z"
"0xe5edfd174bb6c7b7ff1795823bfdba9247c05ded","Ethereum / EVM","secp256k1 / ECDSA","NO","0","","","","","1158","2026-06-03T11:35:17.087Z"
"0xe61105dceafce1ae51c0cd1d62f3f04364e22246","Ethereum / EVM","secp256k1 / ECDSA","NO","0","","","","","1173","2026-06-03T11:35:25.340Z"
"0xe61133831fec8ea0b7393fd2cfefc103d650a36b","Ethereum / EVM","secp256k1 / ECDSA","NO","0","","","","","1163","2026-06-03T11:35:25.340Z"
"0xe61dd9ca7364225afbfb79e15ad33864424e6ae4","Ethereum / EVM","secp256k1 / ECDSA","NO","0","","","","","1170","2026-06-03T11:35:25.340Z"
"0xe62bdc39946d68398a77190d511f4ff49f5cae3f","Ethereum / EVM","secp256k1 / ECDSA","NO","0","","","","","1204","2026-06-03T11:35:33.562Z"
"0xe62ef056ce42390fec89fee66de80edd0562dafe","Ethereum / EVM","secp256k1 / ECDSA","NO","0","","","","","1196","2026-06-03T11:35:33.562Z"
"0xe635d3b55f51cfd2e7634e772c2d0daf15425c88","Ethereum / EVM","secp256k1 / ECDSA","NO","0","","","","","1190","2026-06-03T11:35:33.562Z"
"0xe6450db96f5529a72fa28ce72d2eb9b81770f6c5","Ethereum / EVM","secp256k1 / ECDSA","NO","0","","","","","8983","2026-06-03T11:35:57.238Z"
"0xe645892ef34573b7a30efd57ad7e9b154d67a22e","Ethereum / EVM","secp256k1 / ECDSA","NO","0","","","","","9034","2026-06-03T11:35:57.238Z"
"0xe64ecad796c29de26d7d64e0d95c1c29a188a926","Ethereum / EVM","secp256k1 / ECDSA","NO","0","","","","","1177","2026-06-03T11:35:57.238Z"
"0xe66b31678d6c16e9ebf358268a790b763c133750","Ethereum / EVM","secp256k1 / ECDSA","NO","0","","","","","1205","2026-06-03T11:36:05.911Z"
"0xe66baa0b612003af308d78f066bbdb9a5e00ff6c","Ethereum / EVM","secp256k1 / ECDSA","NO","0","","","","","1215","2026-06-03T11:36:05.911Z"
"0xe688b84b23f322a994a53dbf8e15fa82cdb71127","Ethereum / EVM","secp256k1 / ECDSA","NO","0","","","","","1175","2026-06-03T11:36:05.911Z"
"0xe68ee8a12c611fd043fb05d65e1548dc1383f2b9","Ethereum / EVM","secp256k1 / ECDSA","NO","0","","","","","1192","2026-06-03T11:36:14.103Z"
"0xe6a64264eafbb3c6a64f381b77463fffc9f8ffd0","Ethereum / EVM","secp256k1 / ECDSA","NO","0","","","","","1170","2026-06-03T11:36:14.103Z"
"0xe6a7a1bf44859463d2dc92b903490ab57c1bfb3b","Ethereum / EVM","secp256k1 / ECDSA","NO","0","","","","","1169","2026-06-03T11:36:14.103Z"
"0xe6aaa7a5f5b3b4541c92e8e941cdbe4ba89eb440","Ethereum / EVM","secp256k1 / ECDSA","NO","0","","","","","1164","2026-06-03T11:36:22.300Z"
"0xe6bb42e3679db44dc6d468a349726feb3a02f1f8","Ethereum / EVM","secp256k1 / ECDSA","NO","0","","","","","1177","2026-06-03T11:36:22.300Z"
"0xe6d8d8ac54461b1c5ed15740eee322043f696c08","Ethereum / EVM","secp256k1 / ECDSA","NO","0","","","","","1204","2026-06-03T11:36:22.300Z"
"0xe6e3965cdcaff5408f6727814dc2d775455d10d9","Ethereum / EVM","secp256k1 / ECDSA","NO","0","","","","","1169","2026-06-03T11:36:30.574Z"
"0xe6fbce110ebf97ac16967ed062d164a816b4ae77","Ethereum / EVM","secp256k1 / ECDSA","NO","0","","","","","1180","2026-06-03T11:36:30.574Z"
"0xe70493f65856fe2962bd5305ad579d178250b29a","Ethereum / EVM","secp256k1 / ECDSA","NO","0","","","","","1214","2026-06-03T11:36:30.574Z"
"0xe707e2dd6b0ff1acae5400abf3acb4d9797204ff","Ethereum / EVM","secp256k1 / ECDSA","NO","0","","","","","53129","2026-06-03T11:38:03.115Z"
"0xe70dc7e826bfe4a248f1ab0eb115913cbf8f00b9","Ethereum / EVM","secp256k1 / ECDSA","NO","0","","","","","29926","2026-06-03T11:38:03.115Z"
"0xe71c8f0db9cca339b5e8f80729b2ddde3b339129","Ethereum / EVM","secp256k1 / ECDSA","NO","0","","","","","5218","2026-06-03T11:38:03.115Z"
"0xe73264d52e7e0bf2d73181f4aaf259db566dca59","Ethereum / EVM","secp256k1 / ECDSA","NO","0","","","","","5785","2026-06-03T11:38:50.606Z"
"0xe7516722e92a1899bb0d36de8bc46f259749dd91","Ethereum / EVM","secp256k1 / ECDSA","NO","0","","","","","24969","2026-06-03T11:38:50.606Z"
"0xe85629db3914262420daf076c94fedf50793a881","Ethereum / EVM","secp256k1 / ECDSA","NO","0","","","","","1365","2026-06-03T11:46:47.905Z"
"0xe86702f2f6a6c2ee20a24436a41445979b908bf2","Ethereum / EVM","secp256k1 / ECDSA","NO","0","","","","","1352","2026-06-03T11:46:57.720Z"
"0xe7804c37c13166ff0b37f5ae0bb07a3aebb6e245","Ethereum / EVM","secp256k1 / ECDSA","NO","0","","","","","7368","2026-06-03T11:38:50.606Z"
"0xe78388b4ce79068e89bf8aa7f218ef6b9ab0e9d0","Ethereum / EVM","secp256k1 / ECDSA","NO","0","","","","","32628","2026-06-03T11:39:30.334Z"
"0xe789c5566b53546d46a0af48a4bd3f062d1fefd1","Ethereum / EVM","secp256k1 / ECDSA","NO","0","","","","","1214","2026-06-03T11:39:30.334Z"
"0xe78f73589d64c28954f3ea7a772375e9642d4b37","Ethereum / EVM","secp256k1 / ECDSA","NO","0","","","","","1262","2026-06-03T11:39:30.334Z"
"0xe7aa79b59cac06f9706d896a047feb9d3bda8bd3","Ethereum / EVM","secp256k1 / ECDSA","NO","0","","","","","1211","2026-06-03T11:39:39.494Z"
"0xe7b3e5de5d06ccb44c1de3dc8fee0723e42b681b","Ethereum / EVM","secp256k1 / ECDSA","NO","0","","","","","1230","2026-06-03T11:39:39.494Z"
"0xe7c08212b76754799a2732a28c8e43e110dd0993","Ethereum / EVM","secp256k1 / ECDSA","NO","0","","","","","1232","2026-06-03T11:39:39.494Z"
"0xe7c2ceab97224dba32d1add4ccc28d0dad2eeee2","Ethereum / EVM","secp256k1 / ECDSA","NO","0","","","","","1213","2026-06-03T11:39:47.581Z"
"0xe7c5e276b2434743f6c79365d967cbe4291477bc","Ethereum / EVM","secp256k1 / ECDSA","NO","0","","","","","1214","2026-06-03T11:39:47.581Z"
"0xe7c6e10bf5bdd409379b6c41fbaf0bddc3a602ba","Ethereum / EVM","secp256k1 / ECDSA","NO","0","","","","","1198","2026-06-03T11:39:47.581Z"
"0xe7d0f35db79756180a156ae0ca3a86af75838c81","Ethereum / EVM","secp256k1 / ECDSA","NO","0","","","","","8644","2026-06-03T11:45:24.641Z"
"0xe7e3224087fe01295b5c5c7329288ab8c8e19a84","Ethereum / EVM","secp256k1 / ECDSA","NO","0","","","","","9962","2026-06-03T11:45:24.641Z"
"0xe7f3443b16648a89dd3eaf9d179cb4090c02e66f","Ethereum / EVM","secp256k1 / ECDSA","NO","0","","","","","287893","2026-06-03T11:45:24.641Z"
"0xe804b65aa3619295e4e23c01779c6dba69423b70","Ethereum / EVM","secp256k1 / ECDSA","NO","0","","","","","55968","2026-06-03T11:46:30.720Z"
"0xe835552d8d366577b69e9ee72dc56bb4881e422c","Ethereum / EVM","secp256k1 / ECDSA","NO","0","","","","","3577","2026-06-03T11:46:30.720Z"
"0xe84960bdda7e0b3d5b884f73991f447648c8aac6","Ethereum / EVM","secp256k1 / ECDSA","NO","0","","","","","3965","2026-06-03T11:46:30.720Z"
"0xe849a2a047670edeb92cd382a019006960815f5f","Ethereum / EVM","secp256k1 / ECDSA","NO","0","","","","","8120","2026-06-03T11:46:47.905Z"
"0xe853c56864a2ebe4576a807d26fdc4a0ada51919","Ethereum / EVM","secp256k1 / ECDSA","NO","0","","","","","1376","2026-06-03T11:46:47.905Z"
"0xe86c9677fcc6936b0f6a71a19738dd0911396961","Ethereum / EVM","secp256k1 / ECDSA","NO","0","","","","","1361","2026-06-03T11:46:57.720Z"
"0xe86d1ef6503c0e60d2e46022a3da5a17331b1d94","Ethereum / EVM","secp256k1 / ECDSA","NO","0","","","","","1346","2026-06-03T11:46:57.720Z"
"0xe871aa56a3f23148a3dab02b6c199639a4e00fe0","Ethereum / EVM","secp256k1 / ECDSA","NO","0","","","","","1361","2026-06-03T11:47:07.280Z"
"0xe88696f65bcb9c5218153c249f04ac92c08852e4","Ethereum / EVM","secp256k1 / ECDSA","NO","0","","","","","1375","2026-06-03T11:47:07.280Z"
"0xe887312c0595a10ac88e32ebb8e9f660ad9ab7f7","Ethereum / EVM","secp256k1 / ECDSA","NO","0","","","","","1417","2026-06-03T11:47:07.280Z"
"0xe8ba794da68013391351a0d512ec22693ba35a9b","Ethereum / EVM","secp256k1 / ECDSA","NO","0","","","","","1385","2026-06-03T11:47:14.144Z"
"0xe8c900ede1f4a3318d4ccb702ce60ed3843a1010","Ethereum / EVM","secp256k1 / ECDSA","NO","0","","","","","1361","2026-06-03T11:47:14.144Z"
"0xe8cdf27acd73a434d661c84887215f7598e7d0d3","Ethereum / EVM","secp256k1 / ECDSA","NO","0","","","","","1383","2026-06-03T11:47:14.144Z"
"0xe8d48de6c5c08f4ebccf63d4fa30f4fa97f1a7bd","Ethereum / EVM","secp256k1 / ECDSA","NO","0","","","","","1367","2026-06-03T11:47:22.417Z"
"0xe8d7caa590c99d3b35104c71f93d7a9f2ff8e788","Ethereum / EVM","secp256k1 / ECDSA","NO","0","","","","","1404","2026-06-03T11:47:22.417Z"
"0xe8db072e7417092f6c3acdb668a6043ee13cf84b","Ethereum / EVM","secp256k1 / ECDSA","NO","0","","","","","1376","2026-06-03T11:47:22.417Z"
"0xe8e952532416ee86b84884abbe2b844725ed6c33","Ethereum / EVM","secp256k1 / ECDSA","NO","0","","","","","1369","2026-06-03T11:47:30.678Z"
"0xe8e9a97f1d45123c47783d3114329e3f1af52bfc","Ethereum / EVM","secp256k1 / ECDSA","NO","0","","","","","1349","2026-06-03T11:47:30.678Z"
"0xe90da9d977b56b0c95451bf610bfff4a9f59c752","Ethereum / EVM","secp256k1 / ECDSA","NO","0","","","","","1382","2026-06-03T11:47:30.678Z"
"0xe92e65049b3c2ca12806e9567b08895118c5a03f","Ethereum / EVM","secp256k1 / ECDSA","NO","0","","","","","1205","2026-06-03T11:47:39.523Z"
"0xec9a2bd9fd174a109f17013ff29b0662ec72b01b","Ethereum / EVM","secp256k1 / ECDSA","NO","0","","","","","18252","2026-06-03T15:58:25.039Z"
"0xec9ed41a32888b340a7395be0091fc9eb0e975d3","Ethereum / EVM","secp256k1 / ECDSA","NO","0","","","","","8221","2026-06-03T15:58:25.039Z"
"0xe938210f53fcc1542987300fb98cde607ceabcd1","Ethereum / EVM","secp256k1 / ECDSA","NO","0","","","","","1203","2026-06-03T11:47:39.523Z"
"0xe9382c9cdc4a434bb31bf96df83aa3cfb36cbcd1","Ethereum / EVM","secp256k1 / ECDSA","NO","0","","","","","1218","2026-06-03T11:47:39.523Z"
"0xe938a62fa4ae98b71c478abfee89c93f57bcbcd1","Ethereum / EVM","secp256k1 / ECDSA","NO","0","","","","","1177","2026-06-03T11:47:54.546Z"
"0xe93ab432048adfe686512fe0d564db4074ccbcd1","Ethereum / EVM","secp256k1 / ECDSA","NO","0","","","","","1165","2026-06-03T11:47:54.546Z"
"0xe93c3ed74ace23ca2ea1b4bc6eb590c43fdd14b3","Ethereum / EVM","secp256k1 / ECDSA","NO","0","","","","","1175","2026-06-03T11:47:54.546Z"
"0xe938410e8f1886847036a5e4b0b142d7a241bcd1","Ethereum / EVM","secp256k1 / ECDSA","NO","0","","","","","1192","2026-06-03T11:47:46.507Z"
"0xe93883015cf79564d108dae11ea7552c04f9bcd1","Ethereum / EVM","secp256k1 / ECDSA","NO","0","","","","","1218","2026-06-03T11:47:46.507Z"
"0xe938964c1d2431b842e2d1fc8ceb568e9ec2bcd1","Ethereum / EVM","secp256k1 / ECDSA","NO","0","","","","","1230","2026-06-03T11:47:46.507Z"
"0xe954de05d7acd988b7e53b180495ac81cce41294","Ethereum / EVM","secp256k1 / ECDSA","NO","0","","","","","12498","2026-06-03T11:48:13.613Z"
"0xe95b0243a5c5e6fa4b8f34cb525a64e6a1b9aec9","Ethereum / EVM","secp256k1 / ECDSA","NO","0","","","","","1044","2026-06-03T11:48:13.613Z"
"0xe972c1ce35f50d9d6f6107f4a7d6e2438ff997a0","Ethereum / EVM","secp256k1 / ECDSA","NO","0","","","","","1054","2026-06-03T11:48:13.613Z"
"0xe978d95b437d75826aba2ed1a0bdb534f173e28c","Ethereum / EVM","secp256k1 / ECDSA","NO","0","","","","","1559","2026-06-03T11:48:26.422Z"
"0xe98de2b90cdca6389998128de675b12abc51851e","Ethereum / EVM","secp256k1 / ECDSA","NO","0","","","","","7238","2026-06-03T11:48:26.422Z"
"0xe996e0c878049474e10bdf3c9a46b68ec4d9a9fa","Ethereum / EVM","secp256k1 / ECDSA","NO","0","","","","","1363","2026-06-03T11:48:26.422Z"
"0xe9a911b75ff5bb6e7b41a045b4d3ceedb6101381","Ethereum / EVM","secp256k1 / ECDSA","NO","0","","","","Error: Scan timeout after 300s","750370","2026-06-03T14:54:27.766Z"
"0xe9b3f042ba1004b60d85f49fb84617b4c5f30cf6","Ethereum / EVM","secp256k1 / ECDSA","NO","0","","","","","447","2026-06-03T14:54:27.766Z"
"0xe9b648108183063b09cb04d2c5a28e65f8d56b68","Ethereum / EVM","secp256k1 / ECDSA","NO","0","","","","","5452","2026-06-03T14:54:27.766Z"
"0xea0912dc9a6213faa75d76c8b702bd05b3561edf","Ethereum / EVM","secp256k1 / ECDSA","NO","0","","","","","2522","2026-06-03T14:54:53.690Z"
"0xea31c08a3e660efba7c4d6f2c1242a8d7529677d","Ethereum / EVM","secp256k1 / ECDSA","NO","0","","","","","2257","2026-06-03T14:54:53.690Z"
"0xea48256de3948b8ca4bbe0ba928ac16fed4db6eb","Ethereum / EVM","secp256k1 / ECDSA","NO","0","","","","","18972","2026-06-03T14:54:53.690Z"
"0xea4b3e4edf76650def1a1dc2019e23b1ea7a0675","Ethereum / EVM","secp256k1 / ECDSA","NO","0","","","","","20504","2026-06-03T14:55:23.540Z"
"0xea4bcb718066cd75aefe4a531bdf23795ca87af7","Ethereum / EVM","secp256k1 / ECDSA","NO","0","","","","","1328","2026-06-03T14:55:23.540Z"
"0xecaec867ebc78292f4dbf57481a6e2679b3ee667","Ethereum / EVM","secp256k1 / ECDSA","NO","0","","","","","180598","2026-06-03T15:58:25.039Z"
"0xea59bb2a900558a8c459fad77b72327ab892a524","Ethereum / EVM","secp256k1 / ECDSA","NO","0","","","","","1304","2026-06-03T14:55:23.540Z"
"0xea59f9eaf1b422c6b18d17edd4b711a049efa524","Ethereum / EVM","secp256k1 / ECDSA","NO","0","","","","","1322","2026-06-03T14:55:29.136Z"
"0xea5f06a631bd3cb7f30f21c5744fc989c06be171","Ethereum / EVM","secp256k1 / ECDSA","NO","0","","","","","1320","2026-06-03T14:55:29.136Z"
"0xea67332e969161213ebb41281e41a8a31e937717","Ethereum / EVM","secp256k1 / ECDSA","NO","0","","","","","1322","2026-06-03T14:55:29.136Z"
"0xea79faaef88db6879d95d52d179ecd1b6ea2c274","Ethereum / EVM","secp256k1 / ECDSA","NO","0","","","","","1157","2026-06-03T14:55:38.059Z"
"0xEa7fC58e112fB3607d8a7694E1f71c6894C72D3c","Ethereum / EVM","secp256k1 / ECDSA","NO","0","","","","","1158","2026-06-03T14:55:38.059Z"
"0xeaa5e739185b0f1a87bc30312ed665ce18459b57","Ethereum / EVM","secp256k1 / ECDSA","NO","0","","","","","1163","2026-06-03T14:55:38.059Z"
"0xeaa9859da1841695de56ddb621f1d69fff7c71c7","Ethereum / EVM","secp256k1 / ECDSA","NO","0","","","","","1145","2026-06-03T14:55:44.973Z"
"0xeaaef70d32dc42e8d211b65811cd6293214e4fb4","Ethereum / EVM","secp256k1 / ECDSA","NO","0","","","","","1151","2026-06-03T14:55:44.973Z"
"0xeabd61017085392d8242c34e0afdf7c1eb58403a","Ethereum / EVM","secp256k1 / ECDSA","NO","0","","","","","1151","2026-06-03T14:55:44.973Z"
"0xead5ddcdb2b416c1a53120122fd44d22849c9c10","Ethereum / EVM","secp256k1 / ECDSA","NO","0","","","","","1162","2026-06-03T14:55:54.219Z"
"0xeadcc023c423a13a7bdd9ed8413a873fe5c29ed6","Ethereum / EVM","secp256k1 / ECDSA","NO","0","","","","","1155","2026-06-03T14:55:54.219Z"
"0xeae57ce9cc1984f202e15e038b964bb8bdf7229a","Ethereum / EVM","secp256k1 / ECDSA","NO","0","","","","","1163","2026-06-03T14:55:54.219Z"
"0xeae7380dd4cef6fbd1144f49e4d1e6964258a4f4","Ethereum / EVM","secp256k1 / ECDSA","NO","0","","","","Error: Scan timeout after 300s","914904","2026-06-03T15:11:16.365Z"
"0xeaee0ddd230fb787b33db15695f41ed255200502","Ethereum / EVM","secp256k1 / ECDSA","NO","0","","","","","2254","2026-06-03T15:11:16.365Z"
"0xeb13cd129cbb3bf0b1a381c0e8bd7dc7ac735a0f","Ethereum / EVM","secp256k1 / ECDSA","NO","0","","","","","1526","2026-06-03T15:11:16.365Z"
"0xeb1d15536ed89674b2621a3d61b2596b006056c5","Ethereum / EVM","secp256k1 / ECDSA","NO","0","","","","","3656","2026-06-03T15:11:53.546Z"
"0xeb283b46565b0f2653ca17accb1234c5d9f0fbfa","Ethereum / EVM","secp256k1 / ECDSA","NO","0","","","","","24524","2026-06-03T15:11:53.546Z"
"0xeb2a4f8bf121254fae26cf70e9338bc223b43c51","Ethereum / EVM","secp256k1 / ECDSA","NO","0","","","","","4661","2026-06-03T15:11:53.546Z"
"0xecb1b9fde2b8ff5230af8ccce8ee0da45784be19","Ethereum / EVM","secp256k1 / ECDSA","NO","0","","","","","15009","2026-06-03T15:58:46.289Z"
"0xeb3894539202e9f38b1301fa737a47cce2edcb5f","Ethereum / EVM","secp256k1 / ECDSA","NO","0","","","","","883","2026-06-03T15:12:08.500Z"
"0xeb38cd31bae299797bfa528ba536791e89dbcb5f","Ethereum / EVM","secp256k1 / ECDSA","NO","0","","","","","884","2026-06-03T15:12:08.500Z"
"0xeb415d878df8100239c7274713c0e61d06fb6aa5","Ethereum / EVM","secp256k1 / ECDSA","NO","0","","","","","10006","2026-06-03T15:12:08.500Z"
"0xeb4b57a024471483ae70f3b2af019bcf099c531b","Ethereum / EVM","secp256k1 / ECDSA","NO","0","","","","","5933","2026-06-03T15:21:53.206Z"
"0xeb5faee2cbd8ea33fb2bc777e4ee5d96b6d11d13","Ethereum / EVM","secp256k1 / ECDSA","NO","0","","","","","10125","2026-06-03T15:21:53.206Z"
"0xeb62684ebd086509e32035e8d7633dd30450decf","Ethereum / EVM","secp256k1 / ECDSA","NO","0","","","","Error: Scan timeout after 300s","565273","2026-06-03T15:21:53.206Z"
"0xeb75dcee3bdcc3f926ade7728f5f2c244c0d6be0","Ethereum / EVM","secp256k1 / ECDSA","NO","0","","","","","66050","2026-06-03T15:36:53.459Z"
"0xeb943c230218e0da7b2ca18b81f7eb7fbbbe9665","Ethereum / EVM","secp256k1 / ECDSA","NO","0","","","","Error: Scan timeout after 300s","823361","2026-06-03T15:36:53.459Z"
"0xebadd737612ca37396c79c13d4de02b6066918c5","Ethereum / EVM","secp256k1 / ECDSA","NO","0","","","","","2887","2026-06-03T15:36:53.459Z"
"0xebc005e1060349bf6059bb8df55cf737fdf4afab","Ethereum / EVM","secp256k1 / ECDSA","NO","0","","","","","1878","2026-06-03T15:40:01.802Z"
"0xebf1c7755541d9db5e8429fc45fddb647befca0b","Ethereum / EVM","secp256k1 / ECDSA","NO","0","","","","","180500","2026-06-03T15:40:01.802Z"
"0xebfb684dd2b01e698ca6c14f10e4f289934a54d6","Ethereum / EVM","secp256k1 / ECDSA","NO","0","","","","","768","2026-06-03T15:40:01.802Z"
"0xebff0e83b911f28585ea483b91281aa328f94dc1","Ethereum / EVM","secp256k1 / ECDSA","NO","0","","","","","7141","2026-06-03T15:40:21.469Z"
"0xec16cb531ddc6ecd93d2adf9170ddaae3d5bd614","Ethereum / EVM","secp256k1 / ECDSA","NO","0","","","","","851","2026-06-03T15:40:21.469Z"
"0xec1be9c319fe10b10210cd15e98931f3c5221f47","Ethereum / EVM","secp256k1 / ECDSA","NO","0","","","","","4039","2026-06-03T15:40:21.469Z"
"0xec1bedf0982d2972dc4570628b197e9e44feab95","Ethereum / EVM","secp256k1 / ECDSA","NO","0","","","","Error: Scan timeout after 300s","662485","2026-06-03T15:52:19.215Z"
"0xec1ef7a58fadea6e1ffdc4f6761c1192d698bb3c","Ethereum / EVM","secp256k1 / ECDSA","NO","0","","","","","1710","2026-06-03T15:52:19.215Z"
"0xec3033df520cedba025a5cced211ca1e5285c75e","Ethereum / EVM","secp256k1 / ECDSA","NO","0","","","","","49380","2026-06-03T15:52:19.215Z"
"0xec3938c839b642bd2c06acfe99c49fc746b441af","Ethereum / EVM","secp256k1 / ECDSA","NO","0","","","","","325","2026-06-03T15:54:43.748Z"
"0xec3aaaa3a1cfb7da8d05f7ca4095e9539a0146cd","Ethereum / EVM","secp256k1 / ECDSA","NO","0","","","","","138439","2026-06-03T15:54:43.748Z"
"0xec53bf9167f50cdeb3ae105f56099aaab9061f83","Ethereum / EVM","secp256k1 / ECDSA","NO","0","","","","","339","2026-06-03T15:54:43.748Z"
"0xec60bff2c7a6aadff9357a368f79827b13f35798","Ethereum / EVM","secp256k1 / ECDSA","NO","0","","","","","336","2026-06-03T15:54:52.454Z"
"0xec7c6873992a2ef4bc75b848c17057f9ef9dccb3","Ethereum / EVM","secp256k1 / ECDSA","NO","0","","","","","2014","2026-06-03T15:54:52.454Z"
"0xec7c929d17ef6620ef4bb93801f313c524740b02","Ethereum / EVM","secp256k1 / ECDSA","NO","0","","","","","204","2026-06-03T15:54:52.454Z"
"0xecb76a9a1194ea949051030fcec75bedddfd831b","Ethereum / EVM","secp256k1 / ECDSA","NO","0","","","","","830","2026-06-03T15:58:46.289Z"
"0xecbe5856f1ba5aac457e01ebc300f5a9e1ad6052","Ethereum / EVM","secp256k1 / ECDSA","NO","0","","","","","4171","2026-06-03T15:58:46.289Z"
"0xecc4c9e7bc93cab46dba99b4b85cc82d3cfbae86","Ethereum / EVM","secp256k1 / ECDSA","NO","0","","","","","1023","2026-06-03T15:59:06.450Z"
"0xecc777637b80a7a5d4fed8dcbd372538f6279b9a","Ethereum / EVM","secp256k1 / ECDSA","NO","0","","","","","7529","2026-06-03T15:59:06.450Z"
"0xecca1aed7cc9c565abbfc2c3a84f4f66d0efc1c0","Ethereum / EVM","secp256k1 / ECDSA","NO","0","","","","","7334","2026-06-03T15:59:06.450Z"
"0xecdfcb1dd81d07c3551cba94023ee443450353e1","Ethereum / EVM","secp256k1 / ECDSA","NO","0","","","","","1143","2026-06-03T15:59:18.251Z"
"0xecec09bb9a1004e571d66b1b6094137d4cf9d975","Ethereum / EVM","secp256k1 / ECDSA","NO","0","","","","","1142","2026-06-03T15:59:18.251Z"
"0xed0e67d18ddf57ff676a4bd3a9e92125cf6946e2","Ethereum / EVM","secp256k1 / ECDSA","NO","0","","","","","1170","2026-06-03T15:59:18.251Z"
"0xed26c4b5dc4f30aa910d4865abd1285c22ae2546","Ethereum / EVM","secp256k1 / ECDSA","NO","0","","","","","1146","2026-06-03T15:59:26.336Z"
"0xed325d2297e2b2b8786671ba5598963aaf924320","Ethereum / EVM","secp256k1 / ECDSA","NO","0","","","","","1157","2026-06-03T15:59:26.336Z"
"0xed32788897ec4906dabc161e72a599a963242a03","Ethereum / EVM","secp256k1 / ECDSA","NO","0","","","","","1152","2026-06-03T15:59:26.336Z"
"0xed415a5a7158d801adebacd411878c98662cfc72","Ethereum / EVM","secp256k1 / ECDSA","NO","0","","","","","1150","2026-06-03T15:59:34.388Z"
"0xed49945013f47b3666c2087302927c82ba048840","Ethereum / EVM","secp256k1 / ECDSA","NO","0","","","","","1151","2026-06-03T15:59:34.388Z"
"0xed4d3c23c6092f0a3f38201f48717306cf1e9734","Ethereum / EVM","secp256k1 / ECDSA","NO","0","","","","","1149","2026-06-03T15:59:34.388Z"
"0xed87cc6e652a7bb905f7f600ff134f1afffdd8af","Ethereum / EVM","secp256k1 / ECDSA","NO","0","","","","","1159","2026-06-03T15:59:42.530Z"
"0xed89da9dd83a0d703991ee833969489278b260e7","Ethereum / EVM","secp256k1 / ECDSA","NO","0","","","","","1177","2026-06-03T15:59:42.530Z"
"0xed9d7fe281f3834e6628bc02b5825b4c5373c251","Ethereum / EVM","secp256k1 / ECDSA","NO","0","","","","","1171","2026-06-03T15:59:42.530Z"
"0xeda35af39b890035fed02c68e6556326e7e50992","Ethereum / EVM","secp256k1 / ECDSA","NO","0","","","","","1152","2026-06-03T15:59:50.589Z"
"0xedaf6ff3ea031ddca7c537aae6904675e9f3bdf1","Ethereum / EVM","secp256k1 / ECDSA","NO","0","","","","","1158","2026-06-03T15:59:50.589Z"
"0xedbbf776f3f31cf9117baeaea2a73e77dd64807e","Ethereum / EVM","secp256k1 / ECDSA","NO","0","","","","","1147","2026-06-03T15:59:50.589Z"
"0xedbda913f83ac630332765e729428f4421e3e5d6","Ethereum / EVM","secp256k1 / ECDSA","NO","0","","","","","1159","2026-06-03T15:59:58.646Z"
"0xee031d44e1561039664bb293adb25459229722e7","Ethereum / EVM","secp256k1 / ECDSA","NO","0","","","","","1150","2026-06-03T15:59:58.646Z"
"0xee0af9f3c401a3df9a6df5e1dc750191418c22e7","Ethereum / EVM","secp256k1 / ECDSA","NO","0","","","","","1147","2026-06-03T15:59:58.646Z"
"0xee1f881508b825b61f03f300792a8e17328006f4","Ethereum / EVM","secp256k1 / ECDSA","NO","0","","","","","1159","2026-06-03T16:00:13.382Z"
"0xee2c35f4fa250f1b8b0a41b38df8d9d29739a356","Ethereum / EVM","secp256k1 / ECDSA","NO","0","","","","","7833","2026-06-03T16:00:13.382Z"
"0xee30b4369e0f42f0a3b4d0d60199c04ebe9f15ac","Ethereum / EVM","secp256k1 / ECDSA","NO","0","","","","","1145","2026-06-03T16:00:13.382Z"
"0xee3d38bbf3acf981c1f6170573d61462a11401c0","Ethereum / EVM","secp256k1 / ECDSA","NO","0","","","","","13727","2026-06-03T16:00:54.359Z"
"0xee5089f1cb9769a961b181f28ab248e9720a82af","Ethereum / EVM","secp256k1 / ECDSA","NO","0","","","","","11791","2026-06-03T16:00:54.359Z"
"0xee51314bdea3b23086392940d93b928434f876d2","Ethereum / EVM","secp256k1 / ECDSA","NO","0","","","","","9164","2026-06-03T16:00:54.359Z"
"0xee637eefe8348996e1236615f73d55135a606acb","Ethereum / EVM","secp256k1 / ECDSA","NO","0","","","","","1148","2026-06-03T16:01:04.110Z"
"0xee7ae85f2fe2239e27d9c1e23fffe168d63b4055","Ethereum / EVM","secp256k1 / ECDSA","NO","0","","","","","1154","2026-06-03T16:01:04.110Z"
"0xee8539fea84459c9dd1eae0815af0602b4a6427e","Ethereum / EVM","secp256k1 / ECDSA","NO","0","","","","","1163","2026-06-03T16:01:04.110Z"
"0xee9049a0275749f168b5ee3720ef0d9fc6a71cdc","Ethereum / EVM","secp256k1 / ECDSA","NO","0","","","","","1147","2026-06-03T16:01:12.138Z"
"0xeee0ae23fec39277a0eca74668cb251f1ac9b3f6","Ethereum / EVM","secp256k1 / ECDSA","NO","0","","","","","1153","2026-06-03T16:01:12.138Z"
"0xeef67f86f5ebcedc639ff9b39c9b87b8770dcb3a","Ethereum / EVM","secp256k1 / ECDSA","NO","0","","","","","1141","2026-06-03T16:01:12.138Z"
"0xef0d1b835cefad1ba48f68caf42277ec2995c362","Ethereum / EVM","secp256k1 / ECDSA","NO","0","","","","","1134","2026-06-03T16:01:20.363Z"
"0xef1047d9d8538f40ec3ff3a3a4be4116a3e2f194","Ethereum / EVM","secp256k1 / ECDSA","NO","0","","","","","1141","2026-06-03T16:01:20.363Z"
"0xef176b6b30c8408515a500e6c5eff351f8171c2d","Ethereum / EVM","secp256k1 / ECDSA","NO","0","","","","","1136","2026-06-03T16:01:20.363Z"
"0xef29c3426717ff95f66e06d9156efa456fb1ad1d","Ethereum / EVM","secp256k1 / ECDSA","NO","0","","","","","1132","2026-06-03T16:01:28.404Z"
"0xef317e433b0836f294866d43f67d6871b609b351","Ethereum / EVM","secp256k1 / ECDSA","NO","0","","","","","1151","2026-06-03T16:01:28.404Z"
"0xef320328e17182e13f27a49f21ac985db7059284","Ethereum / EVM","secp256k1 / ECDSA","NO","0","","","","","1136","2026-06-03T16:01:28.404Z"
"0xef3be6b9e14dd6acc4dd9a56235e2a6c2d059284","Ethereum / EVM","secp256k1 / ECDSA","NO","0","","","","","1136","2026-06-03T16:01:36.670Z"
"0xef3cd0ac567219feb7d77452dea7f83685d17fd5","Ethereum / EVM","secp256k1 / ECDSA","NO","0","","","","","1141","2026-06-03T16:01:36.670Z"
"0xef5c65af15b71f5f473943f5381ff7e15d277f81","Ethereum / EVM","secp256k1 / ECDSA","NO","0","","","","","1141","2026-06-03T16:01:36.670Z"
"0xef5c8f0b9a4d95f0c110997d082b1b2fc3ee39a3","Ethereum / EVM","secp256k1 / ECDSA","NO","0","","","","","14145","2026-06-03T17:20:55.881Z"
"0xef7973b8fcd97bd948c9a46c3ead0beb704e0f02","Ethereum / EVM","secp256k1 / ECDSA","NO","0","","","","","465","2026-06-03T17:20:55.881Z"
"0xef8801eaf234ff82801821ffe2d78d60a0237f97","Ethereum / EVM","secp256k1 / ECDSA","NO","0","","","","Error: Scan timeout after 300s","928630","2026-06-03T17:20:55.881Z"
"0xef9bfaeeaf7d65f35b5ef3b6acbb166a527ffb86","Ethereum / EVM","secp256k1 / ECDSA","NO","0","","","","","4624","2026-06-03T17:21:19.601Z"
"0xefa5af26e84ea63ee702ee2d0936118888888888","Ethereum / EVM","secp256k1 / ECDSA","NO","0","","","","","4643","2026-06-03T17:21:19.601Z"
"0xf0361fd8673998f671411a5466239a0ee9ad4808","Ethereum / EVM","secp256k1 / ECDSA","NO","0","","","","","1190","2026-06-03T17:22:04.418Z"
"0xefa8d5c955d0383b10edbc2f5df2214eb227d535","Ethereum / EVM","secp256k1 / ECDSA","NO","0","","","","","6259","2026-06-03T17:21:19.601Z"
"0xefbf2c04ae7cf7353ea8bed3962bc8c38dbb6982","Ethereum / EVM","secp256k1 / ECDSA","NO","0","","","","","1196","2026-06-03T17:21:32.128Z"
"0xefc82b09a7fc47f4b3ab52a425bb71e2f25eed54","Ethereum / EVM","secp256k1 / ECDSA","NO","0","","","","","1192","2026-06-03T17:21:32.128Z"
"0xefc865fd020f5b667778087324ace7aff570ed54","Ethereum / EVM","secp256k1 / ECDSA","NO","0","","","","","1221","2026-06-03T17:21:32.128Z"
"0xefd127292dece8a351e6b4340fdb48137e963840","Ethereum / EVM","secp256k1 / ECDSA","NO","0","","","","","1178","2026-06-03T17:21:40.063Z"
"0xefd9d72677c1c69b720a670b0db49350053cb367","Ethereum / EVM","secp256k1 / ECDSA","NO","0","","","","","1174","2026-06-03T17:21:40.063Z"
"0xefe45197195b678ec5054a2266ba5ab2e09fa52e","Ethereum / EVM","secp256k1 / ECDSA","NO","0","","","","","1184","2026-06-03T17:21:40.063Z"
"0xefef30bd1cca520619306c95091ab18473febc5c","Ethereum / EVM","secp256k1 / ECDSA","NO","0","","","","","1162","2026-06-03T17:21:48.281Z"
"0xeffc18fc3b7eb8e676dac549e0c693ad50d1ce31","Ethereum / EVM","secp256k1 / ECDSA","NO","0","","","","","1193","2026-06-03T17:21:48.281Z"
"0xefff9f68c79088d1efeea73b03c84ee422f09af2","Ethereum / EVM","secp256k1 / ECDSA","NO","0","","","","","1220","2026-06-03T17:21:48.281Z"
"0xf01080c31a601f3c710eaa25110517ccb80ccccf","Ethereum / EVM","secp256k1 / ECDSA","NO","0","","","","","1190","2026-06-03T17:21:57.593Z"
"0xf01ff55b854df73a4f099a5303d395ac9cdac01f","Ethereum / EVM","secp256k1 / ECDSA","NO","0","","","","","1199","2026-06-03T17:21:57.593Z"
"0xf0270f8d95d222e739122c1109baa3ef2cb98855","Ethereum / EVM","secp256k1 / ECDSA","NO","0","","","","","1212","2026-06-03T17:21:57.593Z"
"0xf1212715d783a360795d33888ae7ddcae842babd","Ethereum / EVM","secp256k1 / ECDSA","NO","0","","","","","24312","2026-06-03T17:40:03.141Z"
"0xf0404cb007c23f029b0db7b1a193378b4a767c3b","Ethereum / EVM","secp256k1 / ECDSA","NO","0","","","","","1191","2026-06-03T17:22:04.418Z"
"0xf043d271c3aded8d627d4798c35a899fda34c962","Ethereum / EVM","secp256k1 / ECDSA","NO","0","","","","","1183","2026-06-03T17:22:04.418Z"
"0xf0482542263cb7cfe8c27515ad48b2e92b88c5ee","Ethereum / EVM","secp256k1 / ECDSA","NO","0","","","","","1195","2026-06-03T17:22:12.519Z"
"0xf04ad51a0ed298273a2fb91a2a366e4cea486ab9","Ethereum / EVM","secp256k1 / ECDSA","NO","0","","","","","1171","2026-06-03T17:22:12.519Z"
"0xf04f6d2a214aa63d6d3dc22002d7a1ea9c4796da","Ethereum / EVM","secp256k1 / ECDSA","NO","0","","","","","1160","2026-06-03T17:22:12.519Z"
"0xf056f435ba0cc4fcd2f1b17e3766549ffc404b94","Ethereum / EVM","secp256k1 / ECDSA","NO","0","","","","","1192","2026-06-03T17:22:20.777Z"
"0xf06f728c66f21943347dd91e52b6080d38566522","Ethereum / EVM","secp256k1 / ECDSA","NO","0","","","","","1202","2026-06-03T17:22:20.777Z"
"0xf0727531d5702b6f97fd41ee286a9aed6956f518","Ethereum / EVM","secp256k1 / ECDSA","NO","0","","","","","1201","2026-06-03T17:22:20.777Z"
"0xf0937fbfad93c7b1717e6c3f03fff560530c1d29","Ethereum / EVM","secp256k1 / ECDSA","NO","0","","","","","1169","2026-06-03T17:22:28.723Z"
"0xf09e5c96df2f406fb7f8b7e5d9762399450ed351","Ethereum / EVM","secp256k1 / ECDSA","NO","0","","","","","1183","2026-06-03T17:22:28.723Z"
"0xf0a722f21b7d868a853385ab4a3d0907e9342ec9","Ethereum / EVM","secp256k1 / ECDSA","NO","0","","","","","1175","2026-06-03T17:22:28.723Z"
"0xf0bc8fddb1f358cef470d63f96ae65b1d7914953","Ethereum / EVM","secp256k1 / ECDSA","NO","0","","","","","1168","2026-06-03T17:22:36.916Z"
"0xf0bd783c667b9d03e680fcc552501bec300629a0","Ethereum / EVM","secp256k1 / ECDSA","NO","0","","","","","1185","2026-06-03T17:22:36.916Z"
"0xf0eaec05e67c4bcad7e8ae2f0e4756e55a7e9991","Ethereum / EVM","secp256k1 / ECDSA","NO","0","","","","","1171","2026-06-03T17:22:36.916Z"
"0xf0ec5a5a393727cf733242b124faff306a833083","Ethereum / EVM","secp256k1 / ECDSA","NO","0","","","","","8751","2026-06-03T17:39:29.188Z"
"0xf0f98a937f9d19c4c597883a6088b1d9ec5df1d6","Ethereum / EVM","secp256k1 / ECDSA","NO","0","","","","Error: Scan timeout after 300s","998246","2026-06-03T17:39:29.188Z"
"0xf12064cd5fb448ba80b0b9182d7c47d0ca5ecb9d","Ethereum / EVM","secp256k1 / ECDSA","NO","0","","","","","307","2026-06-03T17:39:29.188Z"
"0xf13690b8474de49febd2afa8ab653db8ffe656ab","Ethereum / EVM","secp256k1 / ECDSA","NO","0","","","","","1040","2026-06-03T17:40:03.141Z"
"0xf13b973885e13a6ad8d95dd22d47d611c44cb4e9","Ethereum / EVM","secp256k1 / ECDSA","NO","0","","","","","1013","2026-06-03T17:40:03.141Z"
"0xf14835d6afb3f9a91810ce20ea0e47d85cf3c2dd","Ethereum / EVM","secp256k1 / ECDSA","NO","0","","","","","3337","2026-06-03T17:40:29.287Z"
"0xf14d109d7760ddf91b16609ef06d7f92b333a643","Ethereum / EVM","secp256k1 / ECDSA","NO","0","","","","","3792","2026-06-03T17:40:29.287Z"
"0xf1556137e7f45817e774096c5922f32c68ab15ae","Ethereum / EVM","secp256k1 / ECDSA","NO","0","","","","","14940","2026-06-03T17:40:29.287Z"
"0xf15aa13e4b51b839d20580eb39817482a7181022","Ethereum / EVM","secp256k1 / ECDSA","NO","0","","","","","1184","2026-06-03T17:40:34.325Z"
"0xf16e9b0d03470827a95cdfd0cb8a8a3b46969b91","Ethereum / EVM","secp256k1 / ECDSA","NO","0","","","","","1202","2026-06-03T17:40:34.325Z"
"0xf17e65822b568b3903685a7c9f496cf7656cc6c2","Ethereum / EVM","secp256k1 / ECDSA","NO","0","","","","","1191","2026-06-03T17:40:34.325Z"
"0xf189d18b4000b151280006b99ff20aa717ed8e1a","Ethereum / EVM","secp256k1 / ECDSA","NO","0","","","","","1182","2026-06-03T17:40:42.359Z"
"0xf1a6bde2c7a8c2d3c77d11b7a15bd45b975344df","Ethereum / EVM","secp256k1 / ECDSA","NO","0","","","","","1182","2026-06-03T17:40:42.359Z"
"0xf1c85d2200017e8c4c5ed19c7e44dff7cdbf652f","Ethereum / EVM","secp256k1 / ECDSA","NO","0","","","","","1190","2026-06-03T17:40:42.359Z"
"0xf1da173228fcf015f43f3ea15abbb51f0d8f1123","Ethereum / EVM","secp256k1 / ECDSA","NO","0","","","","","1192","2026-06-03T17:40:50.631Z"
"0xf1df6d60537ec355a94bbfcaa4a40bab308e978b","Ethereum / EVM","secp256k1 / ECDSA","NO","0","","","","","1181","2026-06-03T17:40:50.631Z"
"0xf1ffd2866ae1f472a799aac5b8963db75a6ebbd8","Ethereum / EVM","secp256k1 / ECDSA","NO","0","","","","","1203","2026-06-03T17:40:50.631Z"
"0xf212254cbccff49cd6b3fd2e85784db19d593894","Ethereum / EVM","secp256k1 / ECDSA","NO","0","","","","","1193","2026-06-03T17:40:58.688Z"
"0xf218bb1a12cecd50d387d0e55a59e10eccdf21e4","Ethereum / EVM","secp256k1 / ECDSA","NO","0","","","","","1187","2026-06-03T17:40:58.688Z"
"0xf219bf96b7a5a012a2c9f4c15bee96cdf8f4d58d","Ethereum / EVM","secp256k1 / ECDSA","NO","0","","","","","1182","2026-06-03T17:40:58.688Z"
"0xf21d5861ed727f7b8e451cad72dd7af527c8d46a","Ethereum / EVM","secp256k1 / ECDSA","NO","0","","","","","1182","2026-06-03T17:41:06.941Z"
"0xf23801d0d92c6bca7d1632a068606c768ffac930","Ethereum / EVM","secp256k1 / ECDSA","NO","0","","","","","1176","2026-06-03T17:41:06.941Z"
"0xf2402d1a51710f69eb0839287c5d64acc3a77c1b","Ethereum / EVM","secp256k1 / ECDSA","NO","0","","","","","1178","2026-06-03T17:41:06.941Z"
"0xf24f080d5a93100d13fd976761c1b7cfedf92054","Ethereum / EVM","secp256k1 / ECDSA","NO","0","","","","","1127","2026-06-03T17:41:14.185Z"
"0xf26f397fef9f338b7502c6fc42aa18ebd1af756d","Ethereum / EVM","secp256k1 / ECDSA","NO","0","","","","","1059","2026-06-03T17:41:14.185Z"
"0xf28143f7b282e59bd5f979012982e7cb9d9b95b0","Ethereum / EVM","secp256k1 / ECDSA","NO","0","","","","","527","2026-06-03T17:41:14.185Z"
"0xf28ccd4e6a2faad9ab050e181273ccf24bc36a70","Ethereum / EVM","secp256k1 / ECDSA","NO","0","","","","","1026","2026-06-03T17:41:22.748Z"
"0xf28e5ed013667eeed0589e93451ddb01d410ea7b","Ethereum / EVM","secp256k1 / ECDSA","NO","0","","","","","1019","2026-06-03T17:41:22.748Z"
"0xf28fe5f8a89c67bd3e1320fc10d65e21150658d1","Ethereum / EVM","secp256k1 / ECDSA","NO","0","","","","","1029","2026-06-03T17:41:22.748Z"
"0xf2aa2b7f9b70cab3a241d932aa12ac06d6744cc8","Ethereum / EVM","secp256k1 / ECDSA","NO","0","","","","","1024","2026-06-03T17:41:30.756Z"
"0xf2bb1fe79e6e3b0e165a4f830e5a4c05a7833664","Ethereum / EVM","secp256k1 / ECDSA","NO","0","","","","","1030","2026-06-03T17:41:30.756Z"
"0xf2c5f43590de540b2aeab54a13e2c9efdbe187b9","Ethereum / EVM","secp256k1 / ECDSA","NO","0","","","","","1014","2026-06-03T17:41:30.756Z"
"0xf2c8715e38fdc61d6481655e18044a9ce0e145e1","Ethereum / EVM","secp256k1 / ECDSA","NO","0","","","","","830","2026-06-03T17:57:44.573Z"
"0xf2d60a67f64863b0109e564c1979e7e1b0fe3c51","Ethereum / EVM","secp256k1 / ECDSA","NO","0","","","","Error: Scan timeout after 300s","967612","2026-06-03T17:57:44.573Z"
"0xf2d67a56a86dee5bd0fbe35055324f588c033c51","Ethereum / EVM","secp256k1 / ECDSA","NO","0","","","","","437","2026-06-03T17:57:44.573Z"
"0xf385431d5cdd889b3b81b0ec91f94227464a0b95","Ethereum / EVM","secp256k1 / ECDSA","NO","0","","","","","1174","2026-06-03T18:20:02.643Z"
"0xf2d6cb6f9a8502380a544397aa3394efe6fe3c51","Ethereum / EVM","secp256k1 / ECDSA","NO","0","","","","","4315","2026-06-03T17:57:57.273Z"
"0xf2d6f5ee3e02974f6f9f81266c0aa6f639083c51","Ethereum / EVM","secp256k1 / ECDSA","NO","0","","","","","226","2026-06-03T17:57:57.273Z"
"0xf2f4326e96ccc834216a7f95b96bd51239880048","Ethereum / EVM","secp256k1 / ECDSA","NO","0","","","","","470","2026-06-03T17:57:57.273Z"
"0xf2fc66844e31449884e0a85fcbce8564b82e6e75","Ethereum / EVM","secp256k1 / ECDSA","NO","0","","","","","404","2026-06-03T17:59:35.816Z"
"0xf2fc8ebca82fa64cdcbe7a191e638b939e846e75","Ethereum / EVM","secp256k1 / ECDSA","NO","0","","","","","2127","2026-06-03T17:59:35.816Z"
"0xf2ff98000cc0700a640274db8d492f2ddf6929fa","Ethereum / EVM","secp256k1 / ECDSA","NO","0","","","","","92821","2026-06-03T17:59:35.816Z"
"0xf3015197d2c6aa34c1e6162d5e5b14e7091d6917","Ethereum / EVM","secp256k1 / ECDSA","NO","0","","","","","157021","2026-06-03T18:17:47.134Z"
"0xf309e11de45fbfd3fbf72e0725aa06b3cc10d974","Ethereum / EVM","secp256k1 / ECDSA","NO","0","","","","","2355","2026-06-03T18:17:47.134Z"
"0xf30ba13e4b04ce5dc4d254ae5fa95477800f0eb0","Ethereum / EVM","secp256k1 / ECDSA","NO","0","","","","Error: Scan timeout after 300s","928833","2026-06-03T18:17:47.134Z"
"0xf32c2e92d852573adf5b693ea26829e72e50a967","Ethereum / EVM","secp256k1 / ECDSA","NO","0","","","","","4490","2026-06-03T18:18:11.845Z"
"0xf32cceb617ac370b48444d4a3b50f4896841aca5","Ethereum / EVM","secp256k1 / ECDSA","NO","0","","","","","623","2026-06-03T18:18:11.845Z"
"0xf3322f299a219be8b67743cb75565065e7cc7c15","Ethereum / EVM","secp256k1 / ECDSA","NO","0","","","","","11353","2026-06-03T18:18:11.845Z"
"0xf335788b2251dec93332310d96d15500cdc4c34b","Ethereum / EVM","secp256k1 / ECDSA","NO","0","","","","","94794","2026-06-03T18:19:57.017Z"
"0xf3469567076b251c42243f5de17289e216719d9c","Ethereum / EVM","secp256k1 / ECDSA","NO","0","","","","","1205","2026-06-03T18:19:57.017Z"
"0xf36aec9cc5998627aaae3f2c6b379efa30c82fc6","Ethereum / EVM","secp256k1 / ECDSA","NO","0","","","","","1197","2026-06-03T18:19:57.017Z"
"0xf3730a492a651978a0586667beb5759f521927cb","Ethereum / EVM","secp256k1 / ECDSA","NO","0","","","","","1172","2026-06-03T18:20:02.643Z"
"0xf378079d4e2f820ae59b9473112ef9c618e795c7","Ethereum / EVM","secp256k1 / ECDSA","NO","0","","","","","1180","2026-06-03T18:20:02.643Z"
"0xf39342c9d924957c1f3d12d2f155df7f750f6043","Ethereum / EVM","secp256k1 / ECDSA","NO","0","","","","","1190","2026-06-03T18:20:10.707Z"
"0xf3b505556bb40bf76115da6fd6777956301bf0ef","Ethereum / EVM","secp256k1 / ECDSA","NO","0","","","","","1198","2026-06-03T18:20:10.707Z"
"0xf3bfa77c3ab5f218600ecaef87fe4e793c4fc4b4","Ethereum / EVM","secp256k1 / ECDSA","NO","0","","","","","1212","2026-06-03T18:20:10.707Z"
"0xf3bfc83803fa8006654c4cf374d9ed1f639bef95","Ethereum / EVM","secp256k1 / ECDSA","NO","0","","","","","1204","2026-06-03T18:20:18.809Z"
"0xf3d8b0b7fca7a33632cef05ac0507559b2ec1421","Ethereum / EVM","secp256k1 / ECDSA","NO","0","","","","","1213","2026-06-03T18:20:18.809Z"
"0xf3dfe2c47cf44ad0e67d6cb92cd93bbe9cea8cf3","Ethereum / EVM","secp256k1 / ECDSA","NO","0","","","","","1178","2026-06-03T18:20:18.809Z"
"0xf3f4f34fda0a261f0f67b83306578d21f15e8e10","Ethereum / EVM","secp256k1 / ECDSA","NO","0","","","","","1039","2026-06-03T18:20:26.453Z"
"0xf41372efde7769a2e595ef57408b3aef381aabf6","Ethereum / EVM","secp256k1 / ECDSA","NO","0","","","","","1018","2026-06-03T18:20:26.453Z"
"0xf418283b251c997754e299b259dee61e8c0266f0","Ethereum / EVM","secp256k1 / ECDSA","NO","0","","","","","1017","2026-06-03T18:20:26.453Z"
"0xf42ed7184f3bdd07b0456952f67695683afd9044","Ethereum / EVM","secp256k1 / ECDSA","NO","0","","","","Error: Scan timeout after 300s","1116624","2026-06-03T18:39:08.855Z"
"0xf4332e40df3cdc5e87953fbae15f216cde264254","Ethereum / EVM","secp256k1 / ECDSA","NO","0","","","","","214","2026-06-03T18:39:08.855Z"
"0xf4334085cbb54ee7cdefa13c67757e931b6b4254","Ethereum / EVM","secp256k1 / ECDSA","NO","0","","","","","188","2026-06-03T18:39:08.855Z"
"0xf43369bb6cb05474782551ea90cd77049ad54254","Ethereum / EVM","secp256k1 / ECDSA","NO","0","","","","","293","2026-06-03T18:39:16.804Z"
"0xf43369de8784938b253e6728fb3a59f47b754254","Ethereum / EVM","secp256k1 / ECDSA","NO","0","","","","","167","2026-06-03T18:39:16.804Z"
"0xf4342847df65c0bdaa598b02de3fdfb819f24254","Ethereum / EVM","secp256k1 / ECDSA","NO","0","","","","","234","2026-06-03T18:39:16.804Z"
"0xf440139a62b2b939699c5b3e09f88e40464ab9bc","Ethereum / EVM","secp256k1 / ECDSA","NO","0","","","","Error: Scan timeout after 300s","752261","2026-06-03T19:19:31.833Z"
"0xf48589fe42d085eed1893ab93935e9e72ad032c6","Ethereum / EVM","secp256k1 / ECDSA","NO","0","","","","","2558","2026-06-03T19:19:31.833Z"
"0xf48a3f7c0575c85cf4529aa220caf3c055773f1c","Ethereum / EVM","secp256k1 / ECDSA","NO","0","","","","","366","2026-06-03T19:19:31.833Z"
"0xf498a48714e5b44dfd4d598857b2d04b6551a4d7","Ethereum / EVM","secp256k1 / ECDSA","NO","0","","","","","9931","2026-06-03T19:20:43.273Z"
"0xf49ae8e1a39f88c1a74d5e75cdd7b006d0e4c413","Ethereum / EVM","secp256k1 / ECDSA","NO","0","","","","","564","2026-06-03T19:20:43.273Z"
"0xf4a48cd1262ce860773271d10fa2eab543da37f8","Ethereum / EVM","secp256k1 / ECDSA","NO","0","","","","","55815","2026-06-03T19:20:43.273Z"
"0xf4b00c937b4ec4bb5ac051c3c719036c668a31ec","Ethereum / EVM","secp256k1 / ECDSA","NO","0","","","","","831","2026-06-03T19:21:15.909Z"
"0xf4d2197606980fd37b6bcb725fece25c6dfa437d","Ethereum / EVM","secp256k1 / ECDSA","NO","0","","","","","24529","2026-06-03T19:21:15.909Z"
"0xf4d2888d29d722226fafa5d9b24f9164c092421e","Ethereum / EVM","secp256k1 / ECDSA","NO","0","","","","","1030","2026-06-03T19:21:15.909Z"
"0xf4d65e4804a4c7f329f49e7be78ec743e55f2174","Ethereum / EVM","secp256k1 / ECDSA","NO","0","","","","","6901","2026-06-03T19:21:37.051Z"
"0xf4d8901a783a274af995c58c17975b5a03be2174","Ethereum / EVM","secp256k1 / ECDSA","NO","0","","","","","7721","2026-06-03T19:21:37.051Z"
"0xf4f6e60170860c07041e992db8c7be1161443544","Ethereum / EVM","secp256k1 / ECDSA","NO","0","","","","","1159","2026-06-03T19:21:37.051Z"
"0xf4fe51952b4f15e8537358f60604e15b736ddad1","Ethereum / EVM","secp256k1 / ECDSA","NO","0","","","","","35907","2026-06-03T20:00:49.530Z"
"0xf51710015536957a01f32558402902a2d9c35d82","Ethereum / EVM","secp256k1 / ECDSA","NO","0","","","","Error: Scan timeout after 300s","1051025","2026-06-03T20:00:49.530Z"
"0xf533a3796d937d475f57d17a0101db2e9da46838","Ethereum / EVM","secp256k1 / ECDSA","NO","0","","","","","4133","2026-06-03T20:00:49.530Z"
"0xf5533b9c81eff8a33305c1156e456b4f5ff58599","Ethereum / EVM","secp256k1 / ECDSA","NO","0","","","","","5553","2026-06-03T20:01:44.705Z"
"0xf559481b0e97886d3cec65e35e2c6cc73419d2a2","Ethereum / EVM","secp256k1 / ECDSA","NO","0","","","","","35450","2026-06-03T20:01:44.705Z"
"0xf55f2d2114ac43d6877c5bf529c364aa044193ae","Ethereum / EVM","secp256k1 / ECDSA","NO","0","","","","","9908","2026-06-03T20:01:44.705Z"
"0xf56f0becd4604a351964174f72b7512191f324a3","Ethereum / EVM","secp256k1 / ECDSA","NO","0","","","","","4708","2026-06-03T20:02:02.244Z"
"0xf57060967e042ad0868d2581ab461afb524159f3","Ethereum / EVM","secp256k1 / ECDSA","NO","0","","","","","2984","2026-06-03T20:02:02.244Z"
"0xf5762917ea4771b3238fc374a6bf36dc36fa59f3","Ethereum / EVM","secp256k1 / ECDSA","NO","0","","","","","3200","2026-06-03T20:02:02.244Z"
"0xf5764c856024755e269df475d98e3152a40659f3","Ethereum / EVM","secp256k1 / ECDSA","NO","0","","","","","1466","2026-06-03T20:02:23.198Z"
"0xf5764df8768ce3e5e2b98901e489af38fd8859f3","Ethereum / EVM","secp256k1 / ECDSA","NO","0","","","","","5502","2026-06-03T20:02:23.198Z"
"0xf57698d261481a9cac5a2b104fe2f52a0eaa59f3","Ethereum / EVM","secp256k1 / ECDSA","NO","0","","","","","9544","2026-06-03T20:02:23.198Z"
"0xf5769e400383df6286e08405eb592e1401fa59f3","Ethereum / EVM","secp256k1 / ECDSA","NO","0","","","","","1384","2026-06-03T20:02:35.383Z"
"0xf576a9d0c8868a3a0dc4e9f4918af03c36fa59f3","Ethereum / EVM","secp256k1 / ECDSA","NO","0","","","","","1391","2026-06-03T20:02:35.383Z"
"0xf576bd3cc179347d314632b7a68fea0c36fa59f3","Ethereum / EVM","secp256k1 / ECDSA","NO","0","","","","","1411","2026-06-03T20:02:35.383Z"
"0xf576f09cc02999318017a1a44c29ecbc36fa59f3","Ethereum / EVM","secp256k1 / ECDSA","NO","0","","","","","1375","2026-06-03T20:02:43.461Z"
"0xf57e7e7c23978c3caec3c3548e3d615c346e79ff","Ethereum / EVM","secp256k1 / ECDSA","NO","0","","","","","1390","2026-06-03T20:02:43.461Z"
"0xf584a3281a5e0989ff8204198e08f7a8b4e96781","Ethereum / EVM","secp256k1 / ECDSA","NO","0","","","","","1392","2026-06-03T20:02:43.461Z"
"0xf584f8728b874a6a5c7a8d4d387c9aae9172d621","Ethereum / EVM","secp256k1 / ECDSA","NO","0","","","","","1373","2026-06-03T20:02:51.909Z"
"0xf59036caebea7dc4b86638dfa2e3c97da9fccd40","Ethereum / EVM","secp256k1 / ECDSA","NO","0","","","","","1479","2026-06-03T20:02:51.909Z"
"0xf5a50946faa369a158c7930d135e8666026fc67a","Ethereum / EVM","secp256k1 / ECDSA","NO","0","","","","","1411","2026-06-03T20:02:51.909Z"
"0xf5a638afb56f178d386159423692cf4330264754","Ethereum / EVM","secp256k1 / ECDSA","NO","0","","","","","1378","2026-06-03T20:02:59.766Z"
"0xf5aaac0e6ecd6c6d6b55bf79eded1e0e85e2d81a","Ethereum / EVM","secp256k1 / ECDSA","NO","0","","","","","1376","2026-06-03T20:02:59.766Z"
"0xf5afba23acfdb53bc0912a868268b1962bd4ce3f","Ethereum / EVM","secp256k1 / ECDSA","NO","0","","","","","1360","2026-06-03T20:02:59.766Z"
"0xf5c8ca8383e538e462f16388362e4062899c9221","Ethereum / EVM","secp256k1 / ECDSA","NO","0","","","","","1396","2026-06-03T20:03:08.001Z"
"0xf5c9f957705bea56a7e806943f98f7777b995826","Ethereum / EVM","secp256k1 / ECDSA","NO","0","","","","","1382","2026-06-03T20:03:08.001Z"
"0xf5cf677f406c93b4d4ff740c132236fc0d6adb04","Ethereum / EVM","secp256k1 / ECDSA","NO","0","","","","","1346","2026-06-03T20:03:08.001Z"
"0xf5d0a7db66933f286f0885d5eea6d606ca6b8322","Ethereum / EVM","secp256k1 / ECDSA","NO","0","","","","","1366","2026-06-03T20:03:16.200Z"
"0xf5d140d08a52391fc71a57a090662787ef07ad53","Ethereum / EVM","secp256k1 / ECDSA","NO","0","","","","","1403","2026-06-03T20:03:16.200Z"
"0xf5d1443184f4fd89e14f49204b3f3e446e5bad53","Ethereum / EVM","secp256k1 / ECDSA","NO","0","","","","","1398","2026-06-03T20:03:16.200Z"
"0xf5d25bb54fdf6640d3f30fc02f6739258c7bad53","Ethereum / EVM","secp256k1 / ECDSA","NO","0","","","","","1457","2026-06-03T20:03:24.613Z"
"0xf5d2674d448e8db1b7213209d6ee495a9f75ad53","Ethereum / EVM","secp256k1 / ECDSA","NO","0","","","","","1372","2026-06-03T20:03:24.613Z"
"0xf5d3bb00f4ac3b237202773a9b6c8527ebd98d53","Ethereum / EVM","secp256k1 / ECDSA","NO","0","","","","","1379","2026-06-03T20:03:24.613Z"
"0xf5d5143f3e79593d271bb992e640924b4a28ad53","Ethereum / EVM","secp256k1 / ECDSA","NO","0","","","","","1212","2026-06-03T20:03:32.097Z"
"0xf5d53b6a94bf083fdb8b3b3c82e0be8c4c1ead53","Ethereum / EVM","secp256k1 / ECDSA","NO","0","","","","","1193","2026-06-03T20:03:32.097Z"
"0xf5d81a135f756ca16544e53c20fc20643ec3ad53","Ethereum / EVM","secp256k1 / ECDSA","NO","0","","","","","1190","2026-06-03T20:03:32.097Z"
"0xf5d8203187f9d7af4d58ae18771719e07124ad53","Ethereum / EVM","secp256k1 / ECDSA","NO","0","","","","","929","2026-06-03T20:03:38.580Z"
"0xf5d8492315e4161a3b8465d4fdc34aaf965aad53","Ethereum / EVM","secp256k1 / ECDSA","NO","0","","","","","813","2026-06-03T20:03:38.580Z"
"0xf5d88058021269c87721b416e93a68f7333aad53","Ethereum / EVM","secp256k1 / ECDSA","NO","0","","","","","205","2026-06-03T20:03:38.580Z"
"0xf5e0c0441320631f824b770e89263d0dc43c5ad2","Ethereum / EVM","secp256k1 / ECDSA","NO","0","","","","","4950","2026-06-03T21:04:31.704Z"
"0xf5e10380213880111522dd0efd3dbb45b9f62bcc","Ethereum / EVM","secp256k1 / ECDSA","NO","0","","","","","404","2026-06-03T21:04:31.704Z"
"0xf5e5b03bd2a986b520e33073838ddc2e47dc4c7b","Ethereum / EVM","secp256k1 / ECDSA","NO","0","","","","Error: Scan timeout after 300s","753569","2026-06-03T21:04:31.704Z"
"0xf5f209de465b4c77ff002d1ef224110521f59cfe","Ethereum / EVM","secp256k1 / ECDSA","NO","0","","","","","882","2026-06-03T21:04:47.836Z"
"0xf5f4e0f245cbcd5f184de689296c0a513e9d6c1a","Ethereum / EVM","secp256k1 / ECDSA","NO","0","","","","","6703","2026-06-03T21:04:47.836Z"
"0xf5f5b97624542d72a9e06f04804bf81baa15e2b4","Ethereum / EVM","secp256k1 / ECDSA","NO","0","","","","","576","2026-06-03T21:04:47.836Z"
"0xf6048f2a7e1c44012265fab271c8eb89bb74bd4e","Ethereum / EVM","secp256k1 / ECDSA","NO","0","","","","","349","2026-06-03T22:06:21.367Z"
"0xf604e63d41854398c16a93c073a7b67031da4502","Ethereum / EVM","secp256k1 / ECDSA","NO","0","","","","","53744","2026-06-03T22:06:21.367Z"
"0xf60c2ea62edbfe808163751dd0d8693dcb30019c","Ethereum / EVM","secp256k1 / ECDSA","NO","0","","","","Error: Scan timeout after 300s","754887","2026-06-03T22:06:21.367Z"
"0xf61ebcc8e0cc8f27b34cc07b8f49c1c35431c8ea","Ethereum / EVM","secp256k1 / ECDSA","NO","0","","","","","36923","2026-06-03T22:07:06.980Z"
"0xf620dca626695683200a585107f8911136b43ada","Ethereum / EVM","secp256k1 / ECDSA","NO","0","","","","","438","2026-06-03T22:07:06.980Z"
"0xf627038da29280b3dba95f5d903ce51246c6aba7","Ethereum / EVM","secp256k1 / ECDSA","NO","0","","","","","281","2026-06-03T22:07:06.980Z"
"0xf6294bc06d42c6057ccff72778eb99fd91d53ada","Ethereum / EVM","secp256k1 / ECDSA","NO","0","","","","","2349","2026-06-03T22:07:29.565Z"
"0xf633e63e6f27c684a7c301c28961ee8b5e428f69","Ethereum / EVM","secp256k1 / ECDSA","NO","0","","","","","6323","2026-06-03T22:07:29.565Z"
"0xf635db609aedfd92d0a1614b6c12e7d24f262549","Ethereum / EVM","secp256k1 / ECDSA","NO","0","","","","","7376","2026-06-03T22:07:29.565Z"
"0xf64c40a78f4dc73103c9ee3ae1766756730f8086","Ethereum / EVM","secp256k1 / ECDSA","NO","0","","","","Error: Scan timeout after 300s","300001","2026-06-03T22:12:51.814Z"
"0xf64d18d51671c340a43f844cf51d97e70e1ff45e","Ethereum / EVM","secp256k1 / ECDSA","NO","0","","","","","13411","2026-06-03T22:12:51.814Z"
"0xf6969115503991ba2ba82ff0bbbb53829cbe6cc8","Ethereum / EVM","secp256k1 / ECDSA","NO","0","","","","","468","2026-06-03T22:12:51.814Z"
"0xf6a834c4e4d02e810fc5883cec7aac959405e2a7","Ethereum / EVM","secp256k1 / ECDSA","NO","0","","","","Error: Scan timeout after 300s","969973","2026-06-03T23:19:32.250Z"
"0xf6affff7e3c89786a326aa69cca0f37dcbe187ae","Ethereum / EVM","secp256k1 / ECDSA","NO","0","","","","Error: Scan timeout after 300s","1015155","2026-06-03T23:19:32.250Z"
"0xf6d22a78c04d918ff55eddf4f49ed7c0fbbe41df","Ethereum / EVM","secp256k1 / ECDSA","NO","0","","","","","161645","2026-06-03T23:19:32.250Z"
"0xf6da21e95d74767009accb145b96897ac3630bad","Ethereum / EVM","secp256k1 / ECDSA","NO","0","","","","Error: Scan timeout after 300s","952954","2026-06-03T23:42:04.881Z"
"0xf7b6dbd705f71d3ccd3d43e5bbb78d31a5c7bbca","Ethereum / EVM","secp256k1 / ECDSA","NO","0","","","","","1176","2026-06-04T00:03:02.278Z"
"0xf7c8da79da4cb294c4f55dfebb1b404e3e38d921","Ethereum / EVM","secp256k1 / ECDSA","NO","0","","","","","1369","2026-06-04T00:03:02.278Z"
"0xf6da9376f64b21f9f2d98439afd5d9f58ad99512","Ethereum / EVM","secp256k1 / ECDSA","NO","0","","","","","2002","2026-06-03T23:42:04.881Z"
"0xf6dce28d4af3f1fec9d01486f750f892d2c1cf15","Ethereum / EVM","secp256k1 / ECDSA","NO","0","","","","","2295","2026-06-03T23:42:04.881Z"
"0xf6e7eabf580616e0f185b23a009a0312b2a0dd35","Ethereum / EVM","secp256k1 / ECDSA","NO","0","","","","","5120","2026-06-03T23:43:06.127Z"
"0xf6f33d0770fa40bef020016230d294a818c7723d","Ethereum / EVM","secp256k1 / ECDSA","NO","0","","","","","31108","2026-06-03T23:43:06.127Z"
"0xf6fc530369cbe3ce503ffe986ac5c0828d831a9c","Ethereum / EVM","secp256k1 / ECDSA","NO","0","","","","","20750","2026-06-03T23:43:06.127Z"
"0xf70119ae1807665f8197caa904f6ed377f2d2f6e","Ethereum / EVM","secp256k1 / ECDSA","NO","0","","","","","1041","2026-06-04T00:01:19.348Z"
"0xf70da97812cb96acdf810712aa562db8dfa3dbef","Ethereum / EVM","secp256k1 / ECDSA","NO","0","","","","Error: Scan timeout after 300s","1056329","2026-06-04T00:01:19.348Z"
"0xf71488270a2ded7bfa5a39a499212a991868c970","Ethereum / EVM","secp256k1 / ECDSA","NO","0","","","","","27910","2026-06-04T00:01:19.348Z"
"0xf7151e003193db642f91f316909a431872c51cd5","Ethereum / EVM","secp256k1 / ECDSA","NO","0","","","","","47547","2026-06-04T00:02:35.986Z"
"0xf71586564cc44db91f48ae7e273e0219f45baaa4","Ethereum / EVM","secp256k1 / ECDSA","NO","0","","","","","5827","2026-06-04T00:02:35.986Z"
"0xf735f83e1c6c4d610c3c9ce731dea860a3061209","Ethereum / EVM","secp256k1 / ECDSA","NO","0","","","","","16862","2026-06-04T00:02:35.986Z"
"0xf73d780514d7920c7be5dcedcfebd72920eac3b0","Ethereum / EVM","secp256k1 / ECDSA","NO","0","","","","","1183","2026-06-04T00:02:45.799Z"
"0xf74405ddb7fff20131d870ef68f67d7cccc9115f","Ethereum / EVM","secp256k1 / ECDSA","NO","0","","","","","1191","2026-06-04T00:02:45.799Z"
"0xf7462251c14d2fb83c7ab96367a7985423c83010","Ethereum / EVM","secp256k1 / ECDSA","NO","0","","","","","1192","2026-06-04T00:02:45.799Z"
"0xf7858da8a6617f7c6d0ff2bcafdb6d2eedf64840","Ethereum / EVM","secp256k1 / ECDSA","NO","0","","","","","1202","2026-06-04T00:02:53.874Z"
"0xf78abd170cff445fefe7248336b55e2c18906f00","Ethereum / EVM","secp256k1 / ECDSA","NO","0","","","","","1195","2026-06-04T00:02:53.874Z"
"0xf7b36a4c2d77f156a2e853721c2bd0e007e9c544","Ethereum / EVM","secp256k1 / ECDSA","NO","0","","","","","1187","2026-06-04T00:02:53.874Z"
"0xf7cfefdde44f2ae55dbfb7ec4add568223795280","Ethereum / EVM","secp256k1 / ECDSA","NO","0","","","","","1420","2026-06-04T00:03:02.278Z"
"0xf7de7e8a6bd59ed41a4b5fe50278b3b7f31384df","Ethereum / EVM","secp256k1 / ECDSA","NO","0","","","","","1211","2026-06-04T00:03:11.260Z"
"0xf7e3a66938fd2e6c63943088485eca84622caedd","Ethereum / EVM","secp256k1 / ECDSA","NO","0","","","","","1196","2026-06-04T00:03:11.260Z"
"0xf7edcedea316b610691c7a7badc777204e82fc4e","Ethereum / EVM","secp256k1 / ECDSA","NO","0","","","","","1190","2026-06-04T00:03:11.260Z"
"0xf7ee3dff512c5d6497fb935d6f6c4ec005bcb1f2","Ethereum / EVM","secp256k1 / ECDSA","NO","0","","","","","1173","2026-06-04T00:03:18.071Z"
"0xf7ef5ba25d6b26f3ce977d91187a4029c82fb978","Ethereum / EVM","secp256k1 / ECDSA","NO","0","","","","","1177","2026-06-04T00:03:18.071Z"
"0xf812420794d4a81128c32984bc93079f17fbac1e","Ethereum / EVM","secp256k1 / ECDSA","NO","0","","","","","1199","2026-06-04T00:03:18.071Z"
"0xf813398aee639afb1580f1138382dd2829ecdb21","Ethereum / EVM","secp256k1 / ECDSA","NO","0","","","","","21069","2026-06-04T01:02:32.475Z"
"0xf81507f65bad224ee6d3599975ab24228d5f0ae4","Ethereum / EVM","secp256k1 / ECDSA","NO","0","","","","","80940","2026-06-04T01:02:32.475Z"
"0xf8191d98ae98d2f7abdfb63a9b0b812b93c873aa","Ethereum / EVM","secp256k1 / ECDSA","NO","0","","","","Error: Scan timeout after 300s","300124","2026-06-04T01:02:32.475Z"
"0xf819759d695673a13fd2725d2e2922c7c7d673aa","Ethereum / EVM","secp256k1 / ECDSA","NO","0","","","","","1814","2026-06-04T01:14:30.887Z"
"0xf81a79f77411469e158cf06792f329ff6fb2a1f0","Ethereum / EVM","secp256k1 / ECDSA","NO","0","","","","","8825","2026-06-04T01:14:30.887Z"
"0xf81b45b1663b7ea8716c74796d99bbe4ea26f488","Ethereum / EVM","secp256k1 / ECDSA","NO","0","","","","Error: Scan timeout after 300s","705211","2026-06-04T01:14:30.887Z"
"0xf859c34e198851f2b670555556cd92a3aa48d944","Ethereum / EVM","secp256k1 / ECDSA","NO","0","","","","","192","2026-06-04T01:22:47.570Z"
"0xf87694795e5bce4f89ebf211ac5ade25349600f1","Ethereum / EVM","secp256k1 / ECDSA","NO","0","","","","","3475","2026-06-04T01:22:47.570Z"
"0xf89d7b9c864f589bbf53a82105107622b35eaa40","Ethereum / EVM","secp256k1 / ECDSA","NO","0","","","","Error: Scan timeout after 300s","300001","2026-06-04T01:22:47.570Z"
"0xf8a5835c7c4db201765b4052ac01b684ab22f29f","Ethereum / EVM","secp256k1 / ECDSA","NO","0","","","","","18581","2026-06-04T01:25:36.756Z"
"0xf8a91f84b2b7b4c3035bf2299ba21a593edfe79d","Ethereum / EVM","secp256k1 / ECDSA","NO","0","","","","","147739","2026-06-04T01:25:36.756Z"
"0xf8b2c637a68cf6a17b1df9f8992eebeff63d2dff","Ethereum / EVM","secp256k1 / ECDSA","NO","0","","","","","419","2026-06-04T01:25:36.756Z"
"0xf9a416fdead4a9b7c32eb9d452f8e3428651cf99","Ethereum / EVM","secp256k1 / ECDSA","NO","0","","","","","1159","2026-06-04T01:49:17.866Z"
"0xf9bd091719c3e1064958b218180c13a253c0b097","Ethereum / EVM","secp256k1 / ECDSA","NO","0","","","","","1193","2026-06-04T01:49:24.978Z"
"0xf8bb13d079114a268e7d6d12ab6303d4308f3b65","Ethereum / EVM","secp256k1 / ECDSA","NO","0","","","","","1627","2026-06-04T01:47:20.358Z"
"0xf8c3d4b792954b90f12a0b81afb4e0a1794e78ef","Ethereum / EVM","secp256k1 / ECDSA","NO","0","","","","","191","2026-06-04T01:47:20.358Z"
"0xf8f0989598434aa7b52b4edf42c17f5ef3eec4c8","Ethereum / EVM","secp256k1 / ECDSA","NO","0","","","","","14433","2026-06-04T01:47:20.358Z"
"0xf9046b9a862d9e1b5186a44b47aa25565a20a917","Ethereum / EVM","secp256k1 / ECDSA","NO","0","","","","","4068","2026-06-04T01:47:33.958Z"
"0xf9056ba8ec1cdaced0c18ce90b88f076fc72dab2","Ethereum / EVM","secp256k1 / ECDSA","NO","0","","","","","3133","2026-06-04T01:47:33.958Z"
"0xf92402bb795fd7cd08fb83839689db79099c8c9c","Ethereum / EVM","secp256k1 / ECDSA","NO","0","","","","","366","2026-06-04T01:47:33.958Z"
"0xF928775403246Fb69C8FB5823e596be66552D5B9","Ethereum / EVM","secp256k1 / ECDSA","NO","0","","","","","930","2026-06-04T01:47:58.750Z"
"0xf92aee44dc5bd08870bb9bf981b2574edbe43bc0","Ethereum / EVM","secp256k1 / ECDSA","NO","0","","","","","7390","2026-06-04T01:47:58.750Z"
"0xf96046d0a6877ad593b0b6901cc5ae55b7d34f95","Ethereum / EVM","secp256k1 / ECDSA","NO","0","","","","","6930","2026-06-04T01:47:58.750Z"
"0xf963b096b582d056313208c03ebb29922dc46a61","Ethereum / EVM","secp256k1 / ECDSA","NO","0","","","","","42956","2026-06-04T01:49:04.756Z"
"0xf96fa29bfe8676955241a4409066283a13e877bf","Ethereum / EVM","secp256k1 / ECDSA","NO","0","","","","","1431","2026-06-04T01:49:04.756Z"
"0xf977814e90da44bfa03b6295a0616a897441acec","Ethereum / EVM","secp256k1 / ECDSA","NO","0","","","","","13408","2026-06-04T01:49:04.756Z"
"0xf97f4df75117a78c1a5a0dbb814af92458539fb4","Ethereum / EVM","secp256k1 / ECDSA","NO","0","","","","","1152","2026-06-04T01:49:17.866Z"
"0xf987ab94d857a59ea31b056529190d541eba5c8b","Ethereum / EVM","secp256k1 / ECDSA","NO","0","","","","","1162","2026-06-04T01:49:17.866Z"
"0xfb73fcb9759814ebbdedd6c2babf2008ef56eb90","Ethereum / EVM","secp256k1 / ECDSA","NO","0","","","","","9640","2026-06-04T01:53:39.592Z"
"0xf9c4566384ee3e770cc1e8a33af5fb52197c0497","Ethereum / EVM","secp256k1 / ECDSA","NO","0","","","","","1189","2026-06-04T01:49:24.978Z"
"0xf9c6f2260393e499cba413cb5d3a62604f713f33","Ethereum / EVM","secp256k1 / ECDSA","NO","0","","","","","1211","2026-06-04T01:49:24.978Z"
"0xf9c8c1e7ba0226925f3394f48b26b0ffd3b8789c","Ethereum / EVM","secp256k1 / ECDSA","NO","0","","","","","11787","2026-06-04T01:49:42.710Z"
"0xf9e65fa73446dfc59df8477465f959fedf9b7298","Ethereum / EVM","secp256k1 / ECDSA","NO","0","","","","","460","2026-06-04T01:49:42.710Z"
"0xf9e6844330d077b3d66ce8ad364fe91edf9b7298","Ethereum / EVM","secp256k1 / ECDSA","NO","0","","","","","885","2026-06-04T01:49:42.710Z"
"0xf9e6c9473199f4d0cfb7fc36ca8e696edf9b7298","Ethereum / EVM","secp256k1 / ECDSA","NO","0","","","","","482","2026-06-04T01:49:50.096Z"
"0xf9e6cf0768d7c64bc70205982aeac32edf9b7298","Ethereum / EVM","secp256k1 / ECDSA","NO","0","","","","","474","2026-06-04T01:49:50.096Z"
"0xf9e6fac47ab4157b9dd6c22ee6e483dedf9b7298","Ethereum / EVM","secp256k1 / ECDSA","NO","0","","","","","208","2026-06-04T01:49:50.096Z"
"0xfa13de1067b0ab59718d08846ed58c05b7cd26d9","Ethereum / EVM","secp256k1 / ECDSA","NO","0","","","","","25943","2026-06-04T01:50:30.648Z"
"0xfa1856b23e446b5d78cfa87bc2c80d783ac8fc7e","Ethereum / EVM","secp256k1 / ECDSA","NO","0","","","","","1022","2026-06-04T01:50:30.648Z"
"0xfa1ad6df7872de3b591c68164a29966176074b72","Ethereum / EVM","secp256k1 / ECDSA","NO","0","","","","","6943","2026-06-04T01:50:30.648Z"
"0xfa1aea2578f89835645b3a6eac95018b9324f0da","Ethereum / EVM","secp256k1 / ECDSA","NO","0","","","","","6964","2026-06-04T01:50:46.009Z"
"0xfa2023c77ad81c4c4b075d11252445fda6ac6417","Ethereum / EVM","secp256k1 / ECDSA","NO","0","","","","","1166","2026-06-04T01:50:46.009Z"
"0xfa2d862c5315abc2102d4e987def65a725fdac33","Ethereum / EVM","secp256k1 / ECDSA","NO","0","","","","","1159","2026-06-04T01:50:46.009Z"
"0xfa52274dd61e1643d2205169732f29114bc240b3","Ethereum / EVM","secp256k1 / ECDSA","NO","0","","","","","1560","2026-06-04T01:51:13.090Z"
"0xfa5562729fdc3ed3a52c3aab2e12bd504fd24991","Ethereum / EVM","secp256k1 / ECDSA","NO","0","","","","","1737","2026-06-04T01:51:13.090Z"
"0xfa6008a9105eb2d313d1c4fea1073819ce066394","Ethereum / EVM","secp256k1 / ECDSA","NO","0","","","","","15609","2026-06-04T01:51:13.090Z"
"0xfa790ed4939886aa2c1f08d4b6c7d72d88bc90d4","Ethereum / EVM","secp256k1 / ECDSA","NO","0","","","","","1181","2026-06-04T01:51:22.207Z"
"0xfa7fe54e287c0e6a6ad121abc26ced0797e27f90","Ethereum / EVM","secp256k1 / ECDSA","NO","0","","","","","1199","2026-06-04T01:51:22.207Z"
"0xfa8988222d0233eb05dd21bab938dc99eab533ff","Ethereum / EVM","secp256k1 / ECDSA","NO","0","","","","","1164","2026-06-04T01:51:22.207Z"
"0xfa8ba6f423c92a66248aedcb11c6399c9a4903ff","Ethereum / EVM","secp256k1 / ECDSA","NO","0","","","","","1313","2026-06-04T01:51:30.380Z"
"0xfa9f7a1cbfbcb688729c522b4f0905ccf4d26d25","Ethereum / EVM","secp256k1 / ECDSA","NO","0","","","","","1246","2026-06-04T01:51:30.380Z"
"0xfaba6f8e4a5e8ab82f62fe7c39859fa577269be3","Ethereum / EVM","secp256k1 / ECDSA","NO","0","","","","","1239","2026-06-04T01:51:30.380Z"
"0xfabf29769f605d0a33658458cda1cb93110cb92b","Ethereum / EVM","secp256k1 / ECDSA","NO","0","","","","","1196","2026-06-04T01:51:38.707Z"
"0xfad6779030151a89cb42fd5e3ae0155ebb40c70c","Ethereum / EVM","secp256k1 / ECDSA","NO","0","","","","","1180","2026-06-04T01:51:38.707Z"
"0xfadaa91d49aab399fc320e6347caf02ff8c04cc3","Ethereum / EVM","secp256k1 / ECDSA","NO","0","","","","","1182","2026-06-04T01:51:38.707Z"
"0xfaf28a4c643c1a3b1bf78cf964eda6071e2c34aa","Ethereum / EVM","secp256k1 / ECDSA","NO","0","","","","","1341","2026-06-04T01:51:46.968Z"
"0xfb0ac2412169bf1f2b9267a9d17f7b86da641011","Ethereum / EVM","secp256k1 / ECDSA","NO","0","","","","","1163","2026-06-04T01:51:46.968Z"
"0xfb183eb452cee258c7e429610cb7d9e2a5fa68ff","Ethereum / EVM","secp256k1 / ECDSA","NO","0","","","","","1153","2026-06-04T01:51:46.968Z"
"0xfb2e1ad4fd6b7e51f76da01a986400c21c428329","Ethereum / EVM","secp256k1 / ECDSA","NO","0","","","","","1177","2026-06-04T01:52:28.870Z"
"0xfb4c06a0ca8b0d294f2c94b44eecec646983541e","Ethereum / EVM","secp256k1 / ECDSA","NO","0","","","","","1149","2026-06-04T01:52:28.870Z"
"0xfb569f78d83048f7212e440f8384f4d318cc985c","Ethereum / EVM","secp256k1 / ECDSA","NO","0","","","","","35209","2026-06-04T01:52:28.870Z"
"0xfb5930137b9a76033a426fbfcc1be3e735b59038","Ethereum / EVM","secp256k1 / ECDSA","NO","0","","","","","14098","2026-06-04T01:53:20.190Z"
"0xfb5bd30676c6c3b30e15c9b8a13f66ddf7902127","Ethereum / EVM","secp256k1 / ECDSA","NO","0","","","","","1155","2026-06-04T01:53:20.190Z"
"0xfb7306298cbe5c6976b56f35de09a810e6068d0f","Ethereum / EVM","secp256k1 / ECDSA","NO","0","","","","","29674","2026-06-04T01:53:20.190Z"
"0xfb8131c260749c7835a08ccbdb64728de432858e","Ethereum / EVM","secp256k1 / ECDSA","NO","0","","","","","1187","2026-06-04T01:53:39.592Z"
"0xfb9796277750762853ff13a08575c8931a3ed0e0","Ethereum / EVM","secp256k1 / ECDSA","NO","0","","","","","1170","2026-06-04T01:53:39.592Z"
"0xfba8417cc90cf0a70c0934dc8beb4ee04d0eacfa","Ethereum / EVM","secp256k1 / ECDSA","NO","0","","","","","1184","2026-06-04T01:53:46.284Z"
"0xfbb1b73c4f0bda4f67dca266ce6ef42f520fbb98","Ethereum / EVM","secp256k1 / ECDSA","NO","0","","","","","1165","2026-06-04T01:53:46.284Z"
"0xfbbaede66565be89166bc62473e39e195e15f696","Ethereum / EVM","secp256k1 / ECDSA","NO","0","","","","","1171","2026-06-04T01:53:46.284Z"
"0xfbc254862841541d5b6668c369880986ad2fe8fe","Ethereum / EVM","secp256k1 / ECDSA","NO","0","","","","","1181","2026-06-04T01:53:54.471Z"
"0xfbedbc151e7e970575bd8ec0805019c84fe2faab","Ethereum / EVM","secp256k1 / ECDSA","NO","0","","","","","1155","2026-06-04T01:53:54.471Z"
"0xfbff4d98e068ac99e0097caaf780da810ab04400","Ethereum / EVM","secp256k1 / ECDSA","NO","0","","","","","1162","2026-06-04T01:53:54.471Z"
"0xfc03642f0f70605485488653730b37e32d1bc378","Ethereum / EVM","secp256k1 / ECDSA","NO","0","","","","","1154","2026-06-04T01:54:02.538Z"
"0xfc047731eb850cefc9e82a573d08a4a7dc5645bb","Ethereum / EVM","secp256k1 / ECDSA","NO","0","","","","","1151","2026-06-04T01:54:02.538Z"
"0xfc48b9215e3d5b2c70ccbece1ddd3957559413e0","Ethereum / EVM","secp256k1 / ECDSA","NO","0","","","","","1158","2026-06-04T01:54:02.538Z"
"0xfc5a1a6eb076a2c7ad06ed22c90d7e710e35ad0a","Ethereum / EVM","secp256k1 / ECDSA","NO","0","","","","","751","2026-06-04T01:55:04.432Z"
"0xfc9f641aa1285b4a6ea2c701751046c1483c3b72","Ethereum / EVM","secp256k1 / ECDSA","NO","0","","","","","55644","2026-06-04T01:55:04.432Z"
"0xfcadf926669e7cad0e50287ea7d563020289ed2c","Ethereum / EVM","secp256k1 / ECDSA","NO","0","","","","","980","2026-06-04T01:55:04.432Z"
"0xfcb94e6c7b986a42417779bfe78905422a40d612","Ethereum / EVM","secp256k1 / ECDSA","NO","0","","","","Error: Scan timeout after 300s","632705","2026-06-04T02:06:09.132Z"
"0xfcbebb78179721209bb4917d89522e014ce516b1","Ethereum / EVM","secp256k1 / ECDSA","NO","0","","","","","25661","2026-06-04T02:06:09.132Z"
"0xfcfdfc98062d13a11cec48c44e4613eb26a34293","Ethereum / EVM","secp256k1 / ECDSA","NO","0","","","","","509","2026-06-04T02:06:09.132Z"
"0xfd00f0b5d08b396f363be6742f94cb2066906693","Ethereum / EVM","secp256k1 / ECDSA","NO","0","","","","","5073","2026-06-04T02:06:21.812Z"
"0xfd032cf6cb1e7e3f8b03cfbce3231a5589b29c1b","Ethereum / EVM","secp256k1 / ECDSA","NO","0","","","","","633","2026-06-04T02:06:21.812Z"
"0xfd05896fbfe4240fa8ee78fb7e5141b25392d3aa","Ethereum / EVM","secp256k1 / ECDSA","NO","0","","","","","626","2026-06-04T02:06:21.812Z"
"0xfd086bc7cd5c481dcc9c85ebe478a1c0b69fcbb9","Ethereum / EVM","secp256k1 / ECDSA","NO","0","","","","","813","2026-06-04T02:06:28.319Z"
"0xfd0a40bc83c5fae4203dec7e5929b446b07d1c76","Ethereum / EVM","secp256k1 / ECDSA","NO","0","","","","","381","2026-06-04T02:06:28.319Z"
"0xfd0fd5ac134dde365af0e346d62108ae88b59724","Ethereum / EVM","secp256k1 / ECDSA","NO","0","","","","","3513","2026-06-04T02:06:28.319Z"
"0xfd25073f7dfe8f1432ca82fa5fce4701e48a7823","Ethereum / EVM","secp256k1 / ECDSA","NO","0","","","","","6445","2026-06-04T02:08:06.021Z"
"0xfd2640f56154d8a3de6165b2bf7a52bc92460c83","Ethereum / EVM","secp256k1 / ECDSA","NO","0","","","","","83740","2026-06-04T02:08:06.021Z"
"0xfd3698f97a8d4fac348ce8f31584eea2b197b558","Ethereum / EVM","secp256k1 / ECDSA","NO","0","","","","","4060","2026-06-04T02:08:06.021Z"
"0xfd4fc9db7dba46b1bd0c5e325831f8d43dcef8f5","Ethereum / EVM","secp256k1 / ECDSA","NO","0","","","","Error: Scan timeout after 300s","963812","2026-06-04T04:15:44.914Z"
"0xfd5005095356722e2216c7d75b3c9d6fb52ad249","Ethereum / EVM","secp256k1 / ECDSA","NO","0","","","","","553","2026-06-04T04:15:44.914Z"
"0xfd5262d1a9a15c93b614dcc2a0ff971f5f3defc9","Ethereum / EVM","secp256k1 / ECDSA","NO","0","","","","","48112","2026-06-04T04:15:44.914Z"
"0xfd54078badd5653571726c3370afb127351a6f26","Ethereum / EVM","secp256k1 / ECDSA","NO","0","","","","Error: Scan timeout after 300s","1116266","2026-06-04T04:34:34.015Z"
"0xfd5c9fbde3cd164e205609a94ec07cb2d16c2249","Ethereum / EVM","secp256k1 / ECDSA","NO","0","","","","","1620","2026-06-04T04:34:34.015Z"
"0xfd5f76288c4ebb6c0e9bf0f7f85fe3f004a7d249","Ethereum / EVM","secp256k1 / ECDSA","NO","0","","","","","4359","2026-06-04T04:34:34.015Z"
"0xfd5fb3dc107fa64d832e12a39ce78cee08d9d249","Ethereum / EVM","secp256k1 / ECDSA","NO","0","","","","","1254","2026-06-04T04:34:43.120Z"
"0xfd5fc9b2faf032f19be01e7bc2c10b1446f6d249","Ethereum / EVM","secp256k1 / ECDSA","NO","0","","","","","1011","2026-06-04T04:34:43.120Z"
"0xfd5fec17d6da5acf25af4aae9e8df6c6022ad249","Ethereum / EVM","secp256k1 / ECDSA","NO","0","","","","","4338","2026-06-04T04:34:43.120Z"
"0xfd680843913a1977c9bf01304a451be795d2af63","Ethereum / EVM","secp256k1 / ECDSA","NO","0","","","","","1530","2026-06-04T04:34:59.613Z"
"0xfd746ee0aa30f299561a7025b43852b0ee3a7369","Ethereum / EVM","secp256k1 / ECDSA","NO","0","","","","","12958","2026-06-04T04:34:59.613Z"
"0xfd78ee919681417d192449715b2594ab58f5d002","Ethereum / EVM","secp256k1 / ECDSA","NO","0","","","","","494","2026-06-04T04:34:59.613Z"
"0xfd81da24c31f2729e7e8cf4088d440a92bebabca","Ethereum / EVM","secp256k1 / ECDSA","NO","0","","","","","14372","2026-06-04T04:35:27.548Z"
"0xfdae5aea81c94151ce0253094fe2b1c0614d2881","Ethereum / EVM","secp256k1 / ECDSA","NO","0","","","","","9705","2026-06-04T04:35:27.548Z"
"0xfdd7237b9b179e50d329bfa3d61b71591e0d0517","Ethereum / EVM","secp256k1 / ECDSA","NO","0","","","","","1424","2026-06-04T04:35:27.548Z"
"0xfddacd8f757381814a2afdac7adf285a5dd37e7d","Ethereum / EVM","secp256k1 / ECDSA","NO","0","","","","","1271","2026-06-04T04:35:37.424Z"
"0xfde118e59298baed27cd98844fad8ae762637db2","Ethereum / EVM","secp256k1 / ECDSA","NO","0","","","","","1264","2026-06-04T04:35:37.424Z"
"0xfde4c96c8593536e31f229ea8f37b2ada2699bb2","Ethereum / EVM","secp256k1 / ECDSA","NO","0","","","","","1207","2026-06-04T04:35:37.424Z"
"0xfdebe33e2e2d7a545db281745ac937e8f94d61ae","Ethereum / EVM","secp256k1 / ECDSA","NO","0","","","","","1401","2026-06-04T04:35:45.735Z"
"0xfdf7578d6e1e9266d58f0e4f7014961a3f303387","Ethereum / EVM","secp256k1 / ECDSA","NO","0","","","","","1210","2026-06-04T04:35:45.735Z"
"0xfe045cb2c3cb05cc722caf61bb84cecb671ff203","Ethereum / EVM","secp256k1 / ECDSA","NO","0","","","","","1213","2026-06-04T04:35:45.735Z"
"0xfe0bcf2d03d3fb59a6812c6cf41b124cc902d8a1","Ethereum / EVM","secp256k1 / ECDSA","NO","0","","","","","1198","2026-06-04T04:35:53.472Z"
"0xfe118f5cd82200162bb0c8f8985e20c631da0e94","Ethereum / EVM","secp256k1 / ECDSA","NO","0","","","","","1238","2026-06-04T04:35:53.472Z"
"0xfe17e720f36c3d1ffde5bfbedeac2c17f19ef2b0","Ethereum / EVM","secp256k1 / ECDSA","NO","0","","","","","1145","2026-06-04T04:35:53.472Z"
"0xfe233163daf81861750bdaeaf30f2b4036648bd8","Ethereum / EVM","secp256k1 / ECDSA","NO","0","","","","","1048","2026-06-04T04:58:02.265Z"
"0xfe253e10e1f414402dcd5986a981a791c3041690","Ethereum / EVM","secp256k1 / ECDSA","NO","0","","","","Error: Scan timeout after 300s","1023095","2026-06-04T04:58:02.265Z"
"0xfe87f83beeb5b7005fc2f0c915d162032fcadb91","Ethereum / EVM","secp256k1 / ECDSA","NO","0","","","","","24683","2026-06-04T04:58:51.521Z"
"0xfe89cc7abb2c4183683ab71653c4cdc9b02d44b7","Ethereum / EVM","secp256k1 / ECDSA","NO","0","","","","","1010","2026-06-04T04:59:12.168Z"
"0xfe8b7ee4c50433be7e8b29ce732065ff90b584a9","Ethereum / EVM","secp256k1 / ECDSA","NO","0","","","","","17166","2026-06-04T04:59:12.168Z"
"0xfe9e8709d3215310075d67e3ed32a380ccf451c8","Ethereum / EVM","secp256k1 / ECDSA","NO","0","","","","","1204","2026-06-04T04:59:12.168Z"
"0xfea09919c964ac0bb8f09e93ee17377de9cdafab","Ethereum / EVM","secp256k1 / ECDSA","NO","0","","","","","1232","2026-06-04T04:59:22.051Z"
"0xfeabaa528596fdcb0a64f5d8398d33de00f10c10","Ethereum / EVM","secp256k1 / ECDSA","NO","0","","","","","1189","2026-06-04T04:59:22.051Z"
"0xfeb2527a8833bcd2c40d8989d4a3900e7b0d836e","Ethereum / EVM","secp256k1 / ECDSA","NO","0","","","","","1182","2026-06-04T04:59:22.051Z"
"0xfebb45b81155e736569b1d8ea30ba7a75d054e83","Ethereum / EVM","secp256k1 / ECDSA","NO","0","","","","","1195","2026-06-04T04:59:30.143Z"
"0xfec551800768ef412a979ce9795805a3c44ee8c9","Ethereum / EVM","secp256k1 / ECDSA","NO","0","","","","","1194","2026-06-04T04:59:30.143Z"
"0xfee77088367bd62d05d518c2fb91764f04f5a550","Ethereum / EVM","secp256k1 / ECDSA","NO","0","","","","","1210","2026-06-04T04:59:30.143Z"
"0xfeff91c350bb564ca5dc7d6f7dcd12ac092f94ff","Ethereum / EVM","secp256k1 / ECDSA","NO","0","","","","","1231","2026-06-04T04:59:38.286Z"
"0xff00d4fd6dcd4599fea5bed04cd4790d10e7cccc","Ethereum / EVM","secp256k1 / ECDSA","NO","0","","","","","1209","2026-06-04T04:59:38.286Z"
"0xff062471eaf07b50fc1b77e61787301867610f80","Ethereum / EVM","secp256k1 / ECDSA","NO","0","","","","","1203","2026-06-04T04:59:38.286Z"
"0xff1315b2cdc02e95c4fdbfef9b7f84d2a4b0fd07","Ethereum / EVM","secp256k1 / ECDSA","NO","0","","","","","1167","2026-06-04T04:59:47.224Z"
"0xff1a053c36674c6a7f620bba83f5ef5781be8b72","Ethereum / EVM","secp256k1 / ECDSA","NO","0","","","","","1190","2026-06-04T04:59:47.224Z"
"0xff1f2b4adb9df6fc8eafecdcbf96a2b351680455","Ethereum / EVM","secp256k1 / ECDSA","NO","0","","","","","1185","2026-06-04T04:59:47.224Z"
"0xff29c89cba48011e002dd9eefe3e8bd61cda6a96","Ethereum / EVM","secp256k1 / ECDSA","NO","0","","","","","98611","2026-06-04T05:01:36.958Z"
"0xff2bb7920d613dbc7d9d9988504b1ff6240583cc","Ethereum / EVM","secp256k1 / ECDSA","NO","0","","","","","1144","2026-06-04T05:01:36.958Z"
"0xff2f89466e20d143f0998be544394afd02ec5382","Ethereum / EVM","secp256k1 / ECDSA","NO","0","","","","","5686","2026-06-04T05:01:36.958Z"
"0xff35bafab5a0b7402b58a9e6661ca3730e0edd93","Ethereum / EVM","secp256k1 / ECDSA","NO","0","","","","","8933","2026-06-04T05:01:55.016Z"
"0xff3be1497abee9855ce5aae8be51b908ae329a01","Ethereum / EVM","secp256k1 / ECDSA","NO","0","","","","","915","2026-06-04T05:01:55.016Z"
"0xff418f34841d707a3101bc19a93ee9dafbe3817e","Ethereum / EVM","secp256k1 / ECDSA","NO","0","","","","","904","2026-06-04T05:01:55.016Z"
"0xff4b5bc84337533712a158fc1c81646ff1f3917d","Ethereum / EVM","secp256k1 / ECDSA","NO","0","","","","","77431","2026-06-04T05:03:29.765Z"
"0xff4c3ec26cc887752dfbe06be9d6e2458b402575","Ethereum / EVM","secp256k1 / ECDSA","NO","0","","","","","5297","2026-06-04T05:03:29.765Z"
"0xff524b1d0b9742c8d8176c4e9a0b1c2fdd14c1a8","Ethereum / EVM","secp256k1 / ECDSA","NO","0","","","","","5600","2026-06-04T05:03:29.765Z"
"0xff54a5840c1eacc3a8f9754332fc5d779626a4ab","Ethereum / EVM","secp256k1 / ECDSA","NO","0","","","","Error: Scan timeout after 300s","452873","2026-06-04T15:04:22.184Z"
"0xff58711683be66dad6e0e20e0043af46fc7f5f49","Ethereum / EVM","secp256k1 / ECDSA","NO","0","","","","","746","2026-06-04T15:04:22.184Z"
"0xff59a9746134ad4c25827decbdf3ff1876c5e851","Ethereum / EVM","secp256k1 / ECDSA","NO","0","","","","Error: Scan timeout after 300s","573685","2026-06-04T15:04:22.184Z"
"0xff8d69fae7ce285cb926fe956f73e5b2405ad19b","Ethereum / EVM","secp256k1 / ECDSA","NO","0","","","","","4445","2026-06-04T15:04:40.762Z"
"0xff8f3221aac6e3f56d908d40b7422399929e1c32","Ethereum / EVM","secp256k1 / ECDSA","NO","0","","","","","4822","2026-06-04T15:04:40.762Z"
"0xff970a61a04b1ca14834a43f5de4533ebddb5cc8","Ethereum / EVM","secp256k1 / ECDSA","NO","0","","","","","1642","2026-06-04T15:04:40.762Z"
"0xffcaea18d62a40c853875a30bf63afeb92b24d4e","Ethereum / EVM","secp256k1 / ECDSA","NO","0","","","","","5145","2026-06-04T15:42:24.280Z"
"0xffe15ff598e719d29dfe5e1d60be1a5521a779ae","Ethereum / EVM","secp256k1 / ECDSA","NO","0","","","","Error: Scan timeout after 300s","782328","2026-06-04T15:42:24.280Z"
"0xffedf34c1ad9ed2642a367c924879a6454da1bf2","Ethereum / EVM","secp256k1 / ECDSA","NO","0","","","","","7966","2026-06-04T15:42:24.280Z"
"0xffee087852cb4898e6c3532e776e68bc68b1143b","Ethereum / EVM","secp256k1 / ECDSA","NO","0","","","","","1135","2026-06-04T15:48:44.596Z"
"0xffee9161cf1fb14816265f1387766b6856b251cb","Ethereum / EVM","secp256k1 / ECDSA","NO","0","","","","","8754","2026-06-04T15:48:44.596Z"
"0xfff2f0277d7899e043741eebac6553b20e0639d5","Ethereum / EVM","secp256k1 / ECDSA","NO","0","","","","Error: Scan timeout after 300s","361790","2026-06-04T15:48:44.596Z"
"rB47R6YQDEcNQszwRrb8JvAhgDXRncFTcT","Solana wallet","Ed25519 / EdDSA","NO","0","","","","Error: Invalid public key input","776","2026-06-04T15:48:53.811Z"
"rH4Zj1tSm3LhmesMXsePYw67uAFtfVURxb","Solana wallet","Ed25519 / EdDSA","NO","0","","","","Error: Invalid public key input","382","2026-06-04T15:48:53.811Z"
"rhL5Va5tDbUUuozS9isvEuv7Uk1uuJaY1T","Solana wallet","Ed25519 / EdDSA","NO","0","","","","Error: Invalid public key input","402","2026-06-04T15:48:53.811Z"